1,0.032653950506
2,0.032608054902
3,0.03247307313
4,0.03233098563
5,0.032553488163
6,0.032439213768
7,0.032575345878
8,0.032345612209
9,0.032468713645
10,0.032358727767
11,0.032249043491
12,0.032152202874
13,0.032101882659
14,0.032457605032
15,0.032162406259
16,0.0324096963
17,0.032257038774
18,0.032216905459
19,0.03214028629
20,0.032006693388
21,0.032038798644
22,0.032011383316
23,0.03225703666
24,0.032107742083
25,0.03227811613
26,0.032150584103
27,0.032130691967
28,0.032079663427
29,0.032031214971
30,0.031979200473
31,0.031960371372
32,0.032006590933
33,0.031973002239
34,0.031957012145
35,0.032252191952
36,0.032038185655
37,0.032179996434
38,0.032089589803
39,0.032061101052
40,0.031999531534
41,0.031990291144
42,0.031946346343
43,0.031924414771
44,0.031920857262
45,0.031944239775
46,0.031928754113
47,0.031907216217
48,0.032154741035
49,0.031957951261
50,0.032076962258
51,0.031967254597
52,0.032011978702
53,0.031937603085
54,0.031919289314
55,0.03190837283
56,0.031878022359
57,0.031861982371
58,0.031877160563
59,0.031873836532
60,0.031851352806
61,0.032069820719
62,0.031865253427
63,0.03195657796
64,0.031842744981
65,0.031901206376
66,0.031862685119
67,0.031827628848
68,0.031813331403
69,0.031822304458
70,0.031824650377
71,0.031799839689
72,0.031845287897
73,0.031832638157
74,0.031807592245
75,0.031800250574
76,0.031878911503
77,0.031894310601
78,0.031824113889
79,0.031835884291
80,0.032133490744
81,0.031902390489
82,0.031840510883
83,0.031763690497
84,0.031776557883
85,0.031765672317
86,0.031769385832
87,0.03180471041
88,0.03177839374
89,0.031747034377
90,0.031828615514
91,0.031818172731
92,0.031775696764
93,0.032035948628
94,0.031852853157
95,0.031807824681
96,0.031815504619
97,0.031824386837
98,0.031828321507
99,0.031895655791
100,0.031721243383
101,0.031691377826
102,0.031743079728
103,0.031738707467
104,0.031732759921
105,0.031717678487
106,0.031697900594
107,0.031805334074
108,0.031788186475
109,0.03176176709
110,0.031736808117
111,0.031685672662
112,0.03181036789
113,0.032361589751
114,0.031968937639
115,0.031708823198
116,0.031855454095
117,0.031844133687
118,0.031827352316
119,0.031818997375
120,0.031596376343
121,0.031633724813
122,0.031690313488
123,0.031739139853
124,0.031742314449
125,0.031721431721
126,0.031669296373
127,0.031677654235
128,0.031661861228
129,0.031797734314
130,0.031783111636
131,0.0317709213
132,0.031756018861
133,0.031708793207
134,0.031644588994
135,0.03181343772
136,0.03180484371
137,0.032796028102
138,0.032516643829
139,0.031917748107
140,0.03184677861
141,0.03182783726
142,0.031807376216
143,0.031601497506
144,0.031647343646
145,0.03168303626
146,0.031716834507
147,0.031748865642
148,0.031760768657
149,0.03174599088
150,0.031724796702
151,0.031630657226
152,0.031645590774
153,0.03166831733
154,0.031641406154
155,0.031796885542
156,0.031793342707
157,0.031780065474
158,0.031772195758
159,0.031765552212
160,0.031754704614
161,0.031725798233
162,0.031673156686
163,0.0316391638
164,0.031800541761
165,0.032808470761
166,0.03240596431
167,0.031868488269
168,0.031839579066
169,0.031892377992
170,0.031809936256
171,0.03158350174
172,0.031664146357
173,0.031715496002
174,0.031757850787
175,0.03178962698
176,0.031826502694
177,0.031787881666
178,0.031763556091
179,0.03172537784
180,0.031617298097
181,0.031619765787
182,0.031691528631
183,0.031607906457
184,0.031598614746
185,0.031799736436
186,0.031794302995
187,0.031770315262
188,0.03176881458
189,0.031761834714
190,0.031758727632
191,0.03174677158
192,0.031715880437
193,0.031697854673
194,0.031649057112
195,0.032988708615
196,0.032268587302
197,0.031979177563
198,0.031850122511
199,0.031837135457
200,0.03193432378
201,0.031812130134
202,0.031935443642
203,0.03161141676
204,0.031715781528
205,0.031790886747
206,0.031832761833
207,0.031895147964
208,0.03189630152
209,0.031872434821
210,0.031869170977
211,0.031807248624
212,0.031788743912
213,0.031726424155
214,0.031594621798
215,0.03166777126
216,0.031608488032
217,0.031666192192
218,0.031568656723
219,0.031631533017
220,0.031578721677
221,0.031566027926
222,0.031797488749
223,0.031799368924
224,0.031776249815
225,0.03177093492
226,0.031762660774
227,0.031759098227
228,0.031756973302
229,0.031742683741
230,0.031751618777
231,0.031738692812
232,0.031724861579
233,0.031734290848
234,0.033345336385
235,0.032424622732
236,0.031831049262
237,0.031807620608
238,0.0318751753
239,0.032402116514
240,0.031932641568
241,0.031756659727
242,0.031831345318
243,0.031898836424
244,0.031963005102
245,0.031964287155
246,0.032012984865
247,0.031979604692
248,0.032042523028
249,0.031923339146
250,0.03192562528
251,0.031864037829
252,0.031820957413
253,0.031736289142
254,0.031659469749
255,0.031599648497
256,0.031722204792
257,0.031584907715
258,0.031552794649
259,0.031703506351
260,0.031546377079
261,0.031795767505
262,0.031803872202
263,0.031800238239
264,0.031784070461
265,0.031786620776
266,0.031739545245
267,0.031741203549
268,0.031733694423
269,0.031725731643
270,0.031711368123
271,0.031679805003
272,0.031737756338
273,0.031711239733
274,0.03173041287
275,0.031708256473
276,0.031715654075
277,0.031749708488
278,0.034255907708
279,0.033157758981
280,0.031800767697
281,0.03179107988
282,0.031959179611
283,0.032926409517
284,0.032351596836
285,0.032032868522
286,0.031977717465
287,0.03200909554
288,0.032094776298
289,0.032211115191
290,0.032113006365
291,0.0321920321
292,0.032187379806
293,0.032171065277
294,0.032104933828
295,0.032284502235
296,0.031979751325
297,0.031723677045
298,0.031634131839
299,0.031610370987
300,0.031523448436
301,0.03155019362
302,0.031761257773
303,0.031565497102
304,0.03164913984
305,0.031553349377
306,0.031747912457
307,0.031519322855
308,0.031807417675
309,0.03180579442
310,0.03184261158
311,0.031794530368
312,0.031785769724
313,0.031750857817
314,0.031718603787
315,0.031733613781
316,0.031689574148
317,0.031653989032
318,0.031675851302
319,0.031642517821
320,0.03166038639
321,0.03168286218
322,0.031704857307
323,0.031677871274
324,0.031668610378
325,0.031687399052
326,0.031683324671
327,0.031712145213
328,0.031736540801
329,0.034392729699
330,0.034182055804
331,0.031815969258
332,0.031783669088
333,0.033569347961
334,0.032811006115
335,0.032455578621
336,0.032227864905
337,0.032175621964
338,0.032355123719
339,0.032493378254
340,0.032267554454
341,0.032379475765
342,0.032497137411
343,0.032599476418
344,0.032604262911
345,0.033107345184
346,0.032641793184
347,0.031891719561
348,0.03168035486
349,0.031656309832
350,0.031653232524
351,0.03160187219
352,0.031453898762
353,0.031449099749
354,0.031441177091
355,0.031745112732
356,0.031774653819
357,0.031567588985
358,0.031627698599
359,0.031726841939
360,0.031521107101
361,0.031792818888
362,0.031838407758
363,0.031976039846
364,0.03198918754
365,0.031785353913
366,0.031733249672
367,0.031743095392
368,0.031669906771
369,0.031629986692
370,0.031655452991
371,0.031660418808
372,0.031669537812
373,0.031618842723
374,0.031640752196
375,0.03161662866
376,0.031629105243
377,0.031644054999
378,0.031647132158
379,0.031623303546
380,0.031669024419
381,0.03168349481
382,0.031696854262
383,0.03923457907
384,0.038213017857
385,0.031991909796
386,0.034530218356
387,0.033109175073
388,0.032972064194
389,0.032548516381
390,0.032514786897
391,0.03270223922
392,0.033075439219
393,0.032714332569
394,0.033227017728
395,0.033308431264
396,0.033903781649
397,0.034099353445
398,0.033430613665
399,0.033245559011
400,0.03408784049
401,0.031786661451
402,0.032402504944
403,0.031606585776
404,0.031773736874
405,0.031626802494
406,0.031454158285
407,0.031482630821
408,0.031415173643
409,0.031328445974
410,0.03143396236
411,0.031638861485
412,0.031684246495
413,0.031783681646
414,0.031540181739
415,0.031630282863
416,0.031717241915
417,0.031811444082
418,0.031471294964
419,0.031834747989
420,0.032362337497
421,0.031961313266
422,0.031769488001
423,0.03180491039
424,0.031502530166
425,0.031598799958
426,0.031593000359
427,0.031531025297
428,0.03162344791
429,0.031559487999
430,0.031581151324
431,0.031570678021
432,0.031588955554
433,0.031582971682
434,0.031598228083
435,0.031563939273
436,0.031586590161
437,0.031568778924
438,0.031522279441
439,0.031542257805
440,0.031586758711
441,0.031652039097
442,0.031635248146
443,0.05383909158
444,0.048393827355
445,0.038947521285
446,0.033783598639
447,0.033654737792
448,0.03289118684
449,0.033389453681
450,0.033886677042
451,0.03437349662
452,0.034160955407
453,0.034812963885
454,0.037441686186
455,0.034478215249
456,0.039138905036
457,0.04726862531
458,0.044865310376
459,0.037998655742
460,0.039861048905
461,0.032830332339
462,0.032834234426
463,0.032163768902
464,0.03187213665
465,0.031536719009
466,0.03131310076
467,0.031228178851
468,0.031336335186
469,0.030818604062
470,0.031583817169
471,0.031547065044
472,0.031635439198
473,0.031745485939
474,0.031601462855
475,0.031730626046
476,0.031834835945
477,0.03187574714
478,0.031309440614
479,0.031498526463
480,0.031791046526
481,0.03182441468
482,0.031577318766
483,0.03153429347
484,0.031551730679
485,0.031568236392
486,0.031600662234
487,0.031509794936
488,0.031610128436
489,0.031616511171
490,0.031589932821
491,0.031582644461
492,0.031511535525
493,0.031506750968
494,0.031554552579
495,0.031506093621
496,0.031507353356
497,0.031442223446
498,0.031500906013
499,0.031533933478
500,0.031507369889
501,0.031556091606
502,0.031559902731
503,0.05644255802
504,0.052041667407
505,0.041281813557
506,0.034810776276
507,0.03442192796
508,0.035026037277
509,0.035497271825
510,0.040869267437
511,0.049556741951
512,0.044707806771
513,0.050147254419
514,0.053711745362
515,0.049271109863
516,0.044763541539
517,0.042138142613
518,0.036709216323
519,0.033793203339
520,0.032738697064
521,0.03180836592
522,0.03178470698
523,0.030563785367
524,0.030809402163
525,0.030986812519
526,0.030850422984
527,0.030797185795
528,0.031510460242
529,0.0314208998
530,0.03143427409
531,0.031536720437
532,0.031664130782
533,0.031745610638
534,0.031637458309
535,0.031851380949
536,0.031928279291
537,0.03189937871
538,0.031184144056
539,0.031489769283
540,0.031705918248
541,0.031822201832
542,0.031675996021
543,0.031669831758
544,0.031569342224
545,0.031493483123
546,0.031491906851
547,0.031477438982
548,0.031549856873
549,0.031542283647
550,0.031553912396
551,0.031546071027
552,0.031553592711
553,0.031508322353
554,0.031384181041
555,0.031431770473
556,0.031399516983
557,0.03145390055
558,0.031511718219
559,0.031453195728
560,0.031469682641
561,0.031464501753
562,0.03148512095
563,0.083971454897
564,0.078500632753
565,0.069097564369
566,0.054265446101
567,0.042497212454
568,0.036084837032
569,0.041122094457
570,0.046054175958
571,0.052381336553
572,0.058217210579
573,0.057607029355
574,0.054158317716
575,0.058269546172
576,0.06109159398
577,0.057289509867
578,0.051162467697
579,0.044058928625
580,0.040140347481
581,0.040203643843
582,0.034400355279
583,0.032463203497
584,0.031683344953
585,0.030346269146
586,0.030173511599
587,0.029908953989
588,0.030927791337
589,0.029895448853
590,0.030371275876
591,0.030590471087
592,0.031369863299
593,0.031341267838
594,0.031411287644
595,0.031461265827
596,0.031592421309
597,0.031888530554
598,0.031777441182
599,0.031669311505
600,0.031994760729
601,0.031983811201
602,0.03194533197
603,0.031229872103
604,0.031407336942
605,0.031636628078
606,0.03159514163
607,0.031720116638
608,0.03182552786
609,0.031515424768
610,0.031455365343
611,0.031424762568
612,0.031450201306
613,0.031430744791
614,0.031422884808
615,0.031386141763
616,0.031396017526
617,0.031381426193
618,0.031425055297
619,0.031473489816
620,0.031393792464
621,0.031386667502
622,0.031383858067
623,0.03143915841
624,0.088086932443
625,0.089337183341
626,0.088559890119
627,0.089576981729
628,0.067417087333
629,0.055864150421
630,0.047658982073
631,0.050078664552
632,0.053223322331
633,0.05638141882
634,0.061640698378
635,0.065858373599
636,0.063962154077
637,0.062993529053
638,0.065438907121
639,0.066712151554
640,0.063431558874
641,0.061134844788
642,0.057749239857
643,0.050635001803
644,0.044405158053
645,0.040129362597
646,0.036056902673
647,0.032442911029
648,0.031631558785
649,0.032231267643
650,0.030204747925
651,0.030923089239
652,0.030082523853
653,0.030792624599
654,0.030407540868
655,0.030622252313
656,0.031313102774
657,0.03123585684
658,0.031290551994
659,0.031319331103
660,0.031326448086
661,0.031487305058
662,0.032017481035
663,0.031930981814
664,0.031820905765
665,0.032039739184
666,0.032092175879
667,0.031913692864
668,0.032004650617
669,0.031319748528
670,0.031527549727
671,0.031899105308
672,0.03174427754
673,0.031445049725
674,0.031589875874
675,0.031701754991
676,0.031784287058
677,0.03150107769
678,0.03150457588
679,0.031244694417
680,0.031314840985
681,0.031233076918
682,0.031200802682
683,0.031310735571
684,0.031415672135
685,0.031358946698
686,0.031393982542
687,0.0313923976
688,0.031391233378
689,0.031391657337
690,0.031329449868
691,0.092094108246
692,0.093122773728
693,0.096578389886
694,0.099075901723
695,0.08241584475
696,0.058031040725
697,0.053042783327
698,0.05587723126
699,0.059838260202
700,0.063443277833
701,0.067573459471
702,0.06946785061
703,0.070820562155
704,0.070063660815
705,0.069445286478
706,0.070612385686
707,0.07047446155
708,0.070913677692
709,0.068564194689
710,0.064673429708
711,0.061964811723
712,0.061075050877
713,0.055865139564
714,0.049266205332
715,0.043652300863
716,0.040415475201
717,0.036689587832
718,0.033641117884
719,0.035203558411
720,0.030388948804
721,0.030941520056
722,0.031262674828
723,0.029903803721
724,0.030351881591
725,0.030132469861
726,0.030385010163
727,0.03057489597
728,0.0305172907
729,0.03128496347
730,0.031291848761
731,0.031305001083
732,0.031146767204
733,0.031206199139
734,0.031211420375
735,0.031193424312
736,0.031232024144
737,0.031228696542
738,0.031261808948
739,0.031331543161
740,0.032141308905
741,0.032078727343
742,0.031999956761
743,0.03207470009
744,0.032136255415
745,0.031809478801
746,0.031948446984
747,0.032041227101
748,0.031552334156
749,0.032126108464
750,0.032017216186
751,0.031868540065
752,0.031343568272
753,0.031433303455
754,0.031579834712
755,0.031678921329
756,0.031675547814
757,0.031605787647
758,0.031367207419
759,0.031215627091
760,0.031304359438
761,0.031335068741
762,0.031342525405
763,0.031352087084
764,0.031312117624
765,0.031295946545
766,0.031301204527
767,0.097109527082
768,0.097362614165
769,0.097271389174
770,0.098248225029
771,0.10283659152
772,0.057603767178
773,0.062668768145
774,0.065551828191
775,0.069774716914
776,0.073026996961
777,0.073243668918
778,0.072499656847
779,0.072110054034
780,0.072414496723
781,0.075277747076
782,0.075056235016
783,0.074681505948
784,0.073074084289
785,0.072214786483
786,0.068669134574
787,0.066303506986
788,0.065620516251
789,0.062034231455
790,0.056138980455
791,0.051055415576
792,0.04662790962
793,0.043583239838
794,0.039958920314
795,0.037642702566
796,0.035794876206
797,0.030890343927
798,0.030726728804
799,0.030993327202
800,0.031348930988
801,0.031622157282
802,0.030322075379
803,0.030727946809
804,0.032701911415
805,0.030585558319
806,0.030509150815
807,0.030312120592
808,0.030684461231
809,0.031315254983
810,0.031321878522
811,0.031219239564
812,0.031240418378
813,0.031163625481
814,0.031133819064
815,0.031167366591
816,0.031117961907
817,0.031145794642
818,0.031127471048
819,0.031163967715
820,0.031114743568
821,0.031174885414
822,0.031259711624
823,0.032192120234
824,0.032216230477
825,0.032186511354
826,0.03209381219
827,0.031563537746
828,0.031646760927
829,0.031881694672
830,0.031988863219
831,0.032315193436
832,0.032370356411
833,0.032227790591
834,0.031899854038
835,0.032197776158
836,0.031240445074
837,0.031300813275
838,0.031326175972
839,0.031443099834
840,0.031539270699
841,0.031447259344
842,0.03131126639
843,0.03114125858
844,0.031276709894
845,0.031237307431
846,0.031312158391
847,0.031337477385
848,0.031399808361
849,0.031328727065
850,0.077622666359
851,0.07859222562
852,0.076089436194
853,0.073781593344
854,0.073285508086
855,0.071296788794
856,0.069881101251
857,0.068175669508
858,0.064305037241
859,0.060608430074
860,0.05598259011
861,0.051981183749
862,0.047921936077
863,0.045266080145
864,0.043215014854
865,0.040964234724
866,0.038814169106
867,0.034810445196
868,0.030038989537
869,0.031133672431
870,0.031490905028
871,0.031765457166
872,0.030783860621
873,0.031743025436
874,0.032245861374
875,0.030593605383
876,0.028821762604
877,0.03086974152
878,0.029598677877
879,0.030371067335
880,0.030722460009
881,0.031301636524
882,0.031275591159
883,0.031270652044
884,0.031197306392
885,0.031054663743
886,0.031160814924
887,0.031061183571
888,0.031116769695
889,0.031103205489
890,0.031088599438
891,0.031125521929
892,0.030991836967
893,0.031058263494
894,0.031120632992
895,0.031207816038
896,0.032154410891
897,0.032297494824
898,0.032340188643
899,0.031990448711
900,0.031284183105
901,0.031370769178
902,0.031415172028
903,0.031668197434
904,0.031859872089
905,0.032539222953
906,0.032526995744
907,0.032477638313
908,0.032545533351
909,0.032517789432
910,0.032139704841
911,0.032510970024
912,0.031163276109
913,0.031190381268
914,0.031115629424
915,0.031109051272
916,0.031351592425
917,0.0314010237
918,0.031214194033
919,0.031164629797
920,0.031296156941
921,0.031310634211
922,0.031321162825
923,0.031393266008
924,0.031324820967
925,0.071676487667
926,0.071187138815
927,0.068098863222
928,0.061722286207
929,0.059375732918
930,0.056025965231
931,0.05525170814
932,0.050873807501
933,0.047296334291
934,0.044885009626
935,0.042751996756
936,0.040529714201
937,0.037906555038
938,0.032837767258
939,0.030314879796
940,0.031360495444
941,0.03169897864
942,0.031965550486
943,0.031148306037
944,0.032213446866
945,0.032225985169
946,0.030668950212
947,0.022072061708
948,0.032079653754
949,0.028858240078
950,0.029388533594
951,0.030599414907
952,0.031080720799
953,0.031369193161
954,0.031449228214
955,0.031592913429
956,0.031263922883
957,0.03149152451
958,0.031315190119
959,0.030940849029
960,0.030899469158
961,0.030874212173
962,0.031023746385
963,0.030905245064
964,0.03087657739
965,0.030966295406
966,0.030950297839
967,0.030891217701
968,0.03199263932
969,0.032143379979
970,0.032303287016
971,0.03242162455
972,0.031788177632
973,0.031817303345
974,0.031046951231
975,0.030983328559
976,0.031231926345
977,0.031132363042
978,0.031188459218
979,0.031277576336
980,0.031436803345
981,0.03161783057
982,0.032709045816
983,0.032752917556
984,0.032806493535
985,0.032528104172
986,0.032630964712
987,0.032851578277
988,0.032461301843
989,0.032904305448
990,0.030963083188
991,0.030913714579
992,0.030979400369
993,0.030977155887
994,0.03118787878
995,0.030861831025
996,0.030921102978
997,0.031187707289
998,0.031498025688
999,0.031441537178
1000,0.031390454608
1001,0.051235442544
1002,0.047301190195
1003,0.043756251158
1004,0.041340837459
1005,0.037996442389
1006,0.035861350163
1007,0.030179930553
1008,0.030911194647
1009,0.031406876969
1010,0.031777695449
1011,0.032358398799
1012,0.032250240665
1013,0.032037633307
1014,0.031333867794
1015,0.032631315513
1016,0.032718637692
1017,0.028771998946
1018,0.032684358321
1019,0.076345663068
1020,0.03411921004
1021,0.048492366003
1022,0.03027336265
1023,0.03037980348
1024,0.030863435216
1025,0.031421576807
1026,0.031625799782
1027,0.03147595725
1028,0.031783888701
1029,0.031700179157
1030,0.03163352014
1031,0.031297265282
1032,0.030849351066
1033,0.030763402011
1034,0.030526604182
1035,0.030716031936
1036,0.030591807873
1037,0.030719513852
1038,0.030751024738
1039,0.030802769351
1040,0.031817535804
1041,0.031959651414
1042,0.032322428243
1043,0.032488872586
1044,0.031541904008
1045,0.03161511775
1046,0.031629990063
1047,0.030821754109
1048,0.0306454846
1049,0.030726140219
1050,0.030995745682
1051,0.031073786421
1052,0.031079509861
1053,0.031159378125
1054,0.031021214809
1055,0.031087289955
1056,0.031420489257
1057,0.032937454655
1058,0.03287277008
1059,0.033019885265
1060,0.033125723116
1061,0.03264878436
1062,0.033233840853
1063,0.032898098087
1064,0.033365172595
1065,0.030784731931
1066,0.030760073037
1067,0.030818784036
1068,0.030817943725
1069,0.030964561645
1070,0.030883600876
1071,0.030850027979
1072,0.030726225488
1073,0.031320153186
1074,0.044276734524
1075,0.04200491105
1076,0.039524630992
1077,0.037181489927
1078,0.033845047238
1079,0.031234429324
1080,0.03105471792
1081,0.031626831886
1082,0.032037077565
1083,0.032861129906
1084,0.032719245839
1085,0.032544102614
1086,0.032516631785
1087,0.031864022117
1088,0.032579640161
1089,0.076434008008
1090,0.03113359881
1091,0.071042159135
1092,0.076349441514
1093,0.074578936631
1094,0.070835285201
1095,0.063127039842
1096,0.048829624101
1097,0.042438617804
1098,0.030663985608
1099,0.030579159326
1100,0.030634665213
1101,0.030323868493
1102,0.030438071943
1103,0.030625268888
1104,0.030885238579
1105,0.03079305499
1106,0.031374515271
1107,0.031367713597
1108,0.031588322289
1109,0.032015968047
1110,0.032481219746
1111,0.032632978886
1112,0.031271119526
1113,0.031257442423
1114,0.031328259011
1115,0.03048428977
1116,0.03014124912
1117,0.030339158913
1118,0.030635502668
1119,0.030563009855
1120,0.030564305396
1121,0.030825086493
1122,0.03082391596
1123,0.030707372179
1124,0.030789328348
1125,0.030868672849
1126,0.031067179348
1127,0.033062692391
1128,0.033176522009
1129,0.032774406149
1130,0.03305584332
1131,0.033340983145
1132,0.033518995569
1133,0.033657266605
1134,0.033433354115
1135,0.033859202102
1136,0.030707820349
1137,0.030681319866
1138,0.030594307389
1139,0.030495565914
1140,0.03047740927
1141,0.030449014247
1142,0.030687266104
1143,0.044139480504
1144,0.040237245117
1145,0.038280536352
1146,0.034750197113
1147,0.032497729505
1148,0.031027263016
1149,0.031221557963
1150,0.032406967238
1151,0.032206390145
1152,0.033410626466
1153,0.033247746418
1154,0.031549056472
1155,0.033055140669
1156,0.033613456735
1157,0.033659215169
1158,0.032885794792
1159,0.073306066269
1160,0.083175806755
1161,0.081322088343
1162,0.078617934734
1163,0.082298101103
1164,0.083064186617
1165,0.072139827395
1166,0.067381222279
1167,0.06302455552
1168,0.054696348754
1169,0.046463828372
1170,0.042310141478
1171,0.037001357361
1172,0.030414611302
1173,0.030361713255
1174,0.030484587448
1175,0.030390453292
1176,0.03088658696
1177,0.03096295397
1178,0.030887809692
1179,0.030378136686
1180,0.031069530516
1181,0.030991381458
1182,0.032407133126
1183,0.032733019023
1184,0.030930833717
1185,0.030925384246
1186,0.031021915852
1187,0.0308648492
1188,0.030270438863
1189,0.030052404089
1190,0.02967388363
1191,0.028835965775
1192,0.029707917706
1193,0.030448355659
1194,0.030353192109
1195,0.030051101054
1196,0.030435569971
1197,0.030534694562
1198,0.030746145228
1199,0.030322111582
1200,0.03050856927
1201,0.030724891847
1202,0.030712588771
1203,0.033257666184
1204,0.033381050081
1205,0.032732508106
1206,0.033151202211
1207,0.033236166212
1208,0.033694272298
1209,0.033899375255
1210,0.034009083472
1211,0.033955981392
1212,0.034319144317
1213,0.030271887934
1214,0.030324363162
1215,0.030213844729
1216,0.030180841242
1217,0.029952370202
1218,0.029811257966
1219,0.042606751008
1220,0.041090210462
1221,0.035547725131
1222,0.032553817977
1223,0.030958560593
1224,0.033042274214
1225,0.032738853383
1226,0.033945064783
1227,0.033828634148
1228,0.032177846966
1229,0.033600305708
1230,0.033674944868
1231,0.034921434988
1232,0.034341268371
1233,0.034186698338
1234,0.065956890224
1235,0.08895187213
1236,0.088678270185
1237,0.081371916947
1238,0.082016900124
1239,0.091535335303
1240,0.079321648581
1241,0.07676610848
1242,0.074009698786
1243,0.07400578472
1244,0.072390796036
1245,0.06541576147
1246,0.061283354168
1247,0.058435798451
1248,0.053782937872
1249,0.049686320913
1250,0.042347717322
1251,0.038670215044
1252,0.03007181995
1253,0.030340598125
1254,0.030341295911
1255,0.030308342001
1256,0.030447884106
1257,0.030665913195
1258,0.029517798438
1259,0.02961401547
1260,0.03024286295
1261,0.029692379961
1262,0.030245724646
1263,0.031041147374
1264,0.032247105235
1265,0.03137931607
1266,0.030623362798
1267,0.03067820546
1268,0.030530829355
1269,0.030726991173
1270,0.030555691766
1271,0.030500171073
1272,0.030567740419
1273,0.029828520427
1274,0.028433266449
1275,0.028407216071
1276,0.028888672745
1277,0.02918503454
1278,0.029474013792
1279,0.029445749423
1280,0.029322348717
1281,0.029997887417
1282,0.029847858938
1283,0.030069196475
1284,0.029815046335
1285,0.030177997394
1286,0.0305309633
1287,0.030379883413
1288,0.033236993347
1289,0.033294397746
1290,0.033526816419
1291,0.032208438351
1292,0.033018328268
1293,0.033316545636
1294,0.03373763253
1295,0.033655023482
1296,0.03385529133
1297,0.034456312633
1298,0.034264159092
1299,0.030330272914
1300,0.030007330181
1301,0.029838188942
1302,0.029211072221
1303,0.028884199047
1304,0.028729773646
1305,0.034777399122
1306,0.033136424485
1307,0.035062680316
1308,0.033726103194
1309,0.033001500862
1310,0.033609746097
1311,0.03439639031
1312,0.034501440921
1313,0.034541089951
1314,0.036330931593
1315,0.033827756696
1316,0.03524943774
1317,0.035169109259
1318,0.035234748378
1319,0.035249079623
1320,0.082315175456
1321,0.088580323077
1322,0.089132343666
1323,0.089230423462
1324,0.08547874733
1325,0.081741280258
1326,0.091249797239
1327,0.088559389352
1328,0.08349527343
1329,0.079663386641
1330,0.079168717671
1331,0.074276531272
1332,0.077410734181
1333,0.074030238206
1334,0.070672302012
1335,0.065332162931
1336,0.059470079209
1337,0.055298791407
1338,0.050810167435
1339,0.045542968718
1340,0.04127544864
1341,0.029951872611
1342,0.029634106307
1343,0.030358899923
1344,0.029854417258
1345,0.029959889591
1346,0.030336672302
1347,0.030357941561
1348,0.029914983625
1349,0.029439669172
1350,0.029293495147
1351,0.029656033148
1352,0.029693227949
1353,0.028337209176
1354,0.028482390994
1355,0.029358077715
1356,0.030076880839
1357,0.030622026813
1358,0.029849613326
1359,0.029080201868
1360,0.030361367736
1361,0.030409558096
1362,0.030304639804
1363,0.030405268536
1364,0.030509865079
1365,0.03045874562
1366,0.030369400976
1367,0.028363742771
1368,0.027940868361
1369,0.027739967292
1370,0.027173743147
1371,0.028646508166
1372,0.029052167099
1373,0.028772129029
1374,0.029162530163
1375,0.029504974217
1376,0.029361615792
1377,0.029365546015
1378,0.029864462252
1379,0.030195823406
1380,0.030130527696
1381,0.032773258911
1382,0.032692739368
1383,0.033055829661
1384,0.033141657717
1385,0.032603739599
1386,0.030370144493
1387,0.032177635551
1388,0.03262318093
1389,0.03288213886
1390,0.032467667763
1391,0.032781478612
1392,0.033246872072
1393,0.034619854538
1394,0.034393564077
1395,0.033927003587
1396,0.029441558095
1397,0.028802311145
1398,0.028827372331
1399,0.028822531629
1400,0.028529820377
1401,0.028578639575
1402,0.035059004076
1403,0.0346408019
1404,0.033570953838
1405,0.034344919909
1406,0.034960006699
1407,0.035314485393
1408,0.043307396068
1409,0.036433485549
1410,0.036038742154
1411,0.036487869053
1412,0.069022012683
1413,0.082433443238
1414,0.085689862661
1415,0.086839299165
1416,0.085635716642
1417,0.088274752509
1418,0.088964888446
1419,0.097030576424
1420,0.094006635524
1421,0.087618925793
1422,0.096943858255
1423,0.094308377032
1424,0.084955859354
1425,0.086641827307
1426,0.08529463556
1427,0.081633989161
1428,0.081963011313
1429,0.079317694645
1430,0.075758271067
1431,0.077407415389
1432,0.076050294332
1433,0.074865179159
1434,0.069094220446
1435,0.064039900953
1436,0.05946222753
1437,0.05559187178
1438,0.051721411364
1439,0.046158342103
1440,0.041277090356
1441,0.029870163298
1442,0.029518585853
1443,0.029482180924
1444,0.029779435525
1445,0.029872976321
1446,0.029409600372
1447,0.029336832395
1448,0.029269804182
1449,0.029251569343
1450,0.029208451662
1451,0.028986591497
1452,0.028809646348
1453,0.028975599851
1454,0.02829791978
1455,0.028484516176
1456,0.028812216525
1457,0.028720613339
1458,0.029012467035
1459,0.028745147204
1460,0.02822377568
1461,0.028829430801
1462,0.03017818458
1463,0.029959887059
1464,0.030116036822
1465,0.029998880479
1466,0.030126053716
1467,0.029901909194
1468,0.026788791969
1469,0.027787675356
1470,0.027671659452
1471,0.027283725042
1472,0.028746863544
1473,0.02827962345
1474,0.028122888183
1475,0.028027793216
1476,0.029205469653
1477,0.029794046493
1478,0.029637826678
1479,0.029793819179
1480,0.031746876095
1481,0.031544148566
1482,0.032330919141
1483,0.031471782116
1484,0.030609931364
1485,0.028901761448
1486,0.031263858816
1487,0.03109038126
1488,0.031917897959
1489,0.032097823877
1490,0.031081459856
1491,0.030257004052
1492,0.03168967728
1493,0.032721439225
1494,0.03484718499
1495,0.034503567642
1496,0.033638524645
1497,0.037559449913
1498,0.035475720184
1499,0.034009054386
1500,0.035080485867
1501,0.035639695763
1502,0.036131339607
1503,0.040153629408
1504,0.037389401052
1505,0.095935319867
1506,0.091774562615
1507,0.090779102035
1508,0.090987075459
1509,0.087793193122
1510,0.09138431221
1511,0.096033444377
1512,0.09188793917
1513,0.095208471177
1514,0.092387163701
1515,0.097991420178
1516,0.10169044223
1517,0.089798131135
1518,0.092323682873
1519,0.089149403355
1520,0.088939836744
1521,0.084547400825
1522,0.086109770731
1523,0.083980025545
1524,0.082141486986
1525,0.078602638058
1526,0.079652030941
1527,0.081387518221
1528,0.08138564192
1529,0.079268582753
1530,0.081394673663
1531,0.073758278298
1532,0.068196461946
1533,0.063332607775
1534,0.059058722172
1535,0.056328109463
1536,0.053479515251
1537,0.047380727048
1538,0.049250203065
1539,0.044232037376
1540,0.041093889779
1541,0.029171213573
1542,0.029120495673
1543,0.028827644493
1544,0.029366374694
1545,0.029344836025
1546,0.029009726532
1547,0.028926234484
1548,0.029023051585
1549,0.029017744771
1550,0.028769070557
1551,0.02876785792
1552,0.028805268483
1553,0.028772993775
1554,0.028682150805
1555,0.02874771164
1556,0.02825957617
1557,0.028190224192
1558,0.028029650973
1559,0.028183510905
1560,0.028327032554
1561,0.027836595293
1562,0.027986618954
1563,0.028968123305
1564,0.028107264658
1565,0.028960909403
1566,0.028603987553
1567,0.029542884265
1568,0.029150347054
1569,0.029200217553
1570,0.029913485786
1571,0.029546646011
1572,0.02910802792
1573,0.028858795229
1574,0.027030820002
1575,0.026800117144
1576,0.026942689971
1577,0.027028941894
1578,0.027045727667
1579,0.027004384585
1580,0.026749200928
1581,0.02797768626
1582,0.028995971317
1583,0.028817310951
1584,0.030198064063
1585,0.030627144395
1586,0.03138361861
1587,0.029109112963
1588,0.028519106883
1589,0.027859490621
1590,0.028432702728
1591,0.029696177269
1592,0.030784407051
1593,0.029685025349
1594,0.031013655452
1595,0.03081077312
1596,0.030028244626
1597,0.02922721685
1598,0.028236889737
1599,0.030824892794
1600,0.032007125227
1601,0.034915450892
1602,0.033761479289
1603,0.032502070288
1604,0.037324022708
1605,0.036368328655
1606,0.034511292512
1607,0.035786374992
1608,0.036236342357
1609,0.036523365447
1610,0.089050567962
1611,0.10671147262
1612,0.10376753364
1613,0.099661750981
1614,0.095331170121
1615,0.11711614796
1616,0.10519631976
1617,0.10099341887
1618,0.10019652245
1619,0.096042202945
1620,0.10561234584
1621,0.1062490554
1622,0.094342341962
1623,0.099949432857
1624,0.09865858541
1625,0.09408751723
1626,0.09733954549
1627,0.091933866716
1628,0.087484554061
1629,0.085161984571
1630,0.08443003575
1631,0.081907613944
1632,0.081437253986
1633,0.082683060488
1634,0.083961636943
1635,0.085282161392
1636,0.089397375304
1637,0.08436304642
1638,0.09238967685
1639,0.08954975673
1640,0.081468681901
1641,0.081356059615
1642,0.075046754282
1643,0.068307950546
1644,0.061492519163
1645,0.057989112839
1646,0.05187454134
1647,0.044861010358
1648,0.045037704234
1649,0.04673936753
1650,0.041331815057
1651,0.028533135004
1652,0.028418637553
1653,0.028106696683
1654,0.028639527905
1655,0.02857610523
1656,0.028641741288
1657,0.028431251604
1658,0.028610277336
1659,0.028263011291
1660,0.028425513756
1661,0.028425464557
1662,0.028543070282
1663,0.028451305373
1664,0.028187462985
1665,0.028476073796
1666,0.028019366281
1667,0.027668198895
1668,0.027885149996
1669,0.027865997141
1670,0.027497097463
1671,0.027458880489
1672,0.027958243145
1673,0.027288663088
1674,0.026917688955
1675,0.02800768254
1676,0.026854997912
1677,0.027441115931
1678,0.027307021686
1679,0.027203429386
1680,0.027021432485
1681,0.028209180874
1682,0.029006770477
1683,0.028154326915
1684,0.029297179737
1685,0.028557403085
1686,0.028019006104
1687,0.028381694925
1688,0.026551155761
1689,0.025990093825
1690,0.025922700405
1691,0.025752023677
1692,0.026503197689
1693,0.027033911889
1694,0.028102244113
1695,0.028556448043
1696,0.029724261194
1697,0.029858922015
1698,0.027505208016
1699,0.027040210932
1700,0.028093724665
1701,0.028168243594
1702,0.028893579582
1703,0.029358262614
1704,0.028583165868
1705,0.028525343188
1706,0.028912077997
1707,0.029196123814
1708,0.02819091931
1709,0.027785679079
1710,0.026524976968
1711,0.030386304043
1712,0.030626074797
1713,0.03522937952
1714,0.032676507949
1715,0.03121742595
1716,0.036989333178
1717,0.036448531058
1718,0.036853579714
1719,0.03500681148
1720,0.035773460675
1721,0.036070915694
1722,0.11248243632
1723,0.10998745456
1724,0.11595527256
1725,0.11250791358
1726,0.10827083974
1727,0.11296598872
1728,0.10872527518
1729,0.11082610995
1730,0.10195858672
1731,0.10395979724
1732,0.096725814693
1733,0.089518770052
1734,0.08686772983
1735,0.086328541298
1736,0.084178983992
1737,0.082952155631
1738,0.084279405537
1739,0.084463035544
1740,0.086042629464
1741,0.086407399314
1742,0.088474815341
1743,0.090234892624
1744,0.097767966477
1745,0.098738986482
1746,0.10646247977
1747,0.10134143099
1748,0.097326801824
1749,0.088645611088
1750,0.091366942464
1751,0.082311798179
1752,0.075910622855
1753,0.069971204106
1754,0.064371827341
1755,0.066045249512
1756,0.057003603661
1757,0.049358165517
1758,0.041664014731
1759,0.044775383216
1760,0.041723739742
1761,0.028114094541
1762,0.027886776905
1763,0.027607184134
1764,0.027517553491
1765,0.028114366322
1766,0.028060299192
1767,0.027544854981
1768,0.02785167619
1769,0.027989722586
1770,0.028272719128
1771,0.028253472663
1772,0.027845396925
1773,0.027620994254
1774,0.02745240626
1775,0.027210572257
1776,0.027508025002
1777,0.027124022379
1778,0.027173703414
1779,0.027323780659
1780,0.027196055011
1781,0.027011795165
1782,0.026819436403
1783,0.02687332719
1784,0.026680344478
1785,0.026629208678
1786,0.027107202066
1787,0.026788763972
1788,0.025953990114
1789,0.026165461898
1790,0.026403422622
1791,0.026649239426
1792,0.026664495906
1793,0.02621256236
1794,0.02639261798
1795,0.027422728698
1796,0.026498002142
1797,0.027650163188
1798,0.02747509474
1799,0.02716809562
1800,0.027283354276
1801,0.027079471696
1802,0.027601783635
1803,0.025798239029
1804,0.026168041029
1805,0.02780289321
1806,0.027950011262
1807,0.028534130149
1808,0.026244903882
1809,0.025483257084
1810,0.025424171209
1811,0.0266649381
1812,0.027745511581
1813,0.028446325959
1814,0.027640267666
1815,0.027541303422
1816,0.027631144175
1817,0.027633662458
1818,0.02810169289
1819,0.027606899863
1820,0.027697702479
1821,0.026482200785
1822,0.026018888373
1823,0.024890819209
1824,0.024164556927
1825,0.028842753203
1826,0.026443561696
1827,0.032917169621
1828,0.03028466707
1829,0.03630891668
1830,0.036004697775
1831,0.036382370797
1832,0.0361724755
1833,0.035358910937
1834,0.034332480627
1835,0.12076115243
1836,0.12431616864
1837,0.12062387162
1838,0.12425326593
1839,0.12794408849
1840,0.11553066697
1841,0.12021305965
1842,0.1237857168
1843,0.1167526315
1844,0.11285132187
1845,0.11651963593
1846,0.11630982243
1847,0.1025945508
1848,0.09428918731
1849,0.088326803738
1850,0.086517171398
1851,0.08500108368
1852,0.085933434252
1853,0.085887049771
1854,0.086815831519
1855,0.087356553359
1856,0.087779075705
1857,0.089458445468
1858,0.092442222614
1859,0.097907863231
1860,0.10768846081
1861,0.11089259549
1862,0.12409865018
1863,0.11315986571
1864,0.11132558982
1865,0.10379448024
1866,0.099083474309
1867,0.1029545271
1868,0.092846992471
1869,0.08277750494
1870,0.075337794976
1871,0.07347353223
1872,0.064728775929
1873,0.056215979676
1874,0.048044352978
1875,0.042100285985
1876,0.040187596609
1877,0.037386356851
1878,0.027542663629
1879,0.026992253978
1880,0.026739369287
1881,0.02677257311
1882,0.02739819874
1883,0.027074230655
1884,0.027136641201
1885,0.027420785029
1886,0.027482254555
1887,0.027074728353
1888,0.028058920472
1889,0.02755090898
1890,0.027020596296
1891,0.026799403612
1892,0.026568832467
1893,0.026481561794
1894,0.026671429005
1895,0.026836517209
1896,0.026770657293
1897,0.026515851608
1898,0.026174692697
1899,0.025771444529
1900,0.025630480734
1901,0.026005118019
1902,0.025729124297
1903,0.025363657458
1904,0.025468870771
1905,0.025829494107
1906,0.026103620331
1907,0.025753514768
1908,0.025979468245
1909,0.025941269493
1910,0.025673814014
1911,0.025793814939
1912,0.025978412564
1913,0.026068782363
1914,0.026271781285
1915,0.026033157229
1916,0.027323334866
1917,0.026741650285
1918,0.026667636628
1919,0.027036980748
1920,0.025757764403
1921,0.025533815964
1922,0.028073633464
1923,0.0236234266
1924,0.023751325694
1925,0.023918744628
1926,0.024170856047
1927,0.025927539595
1928,0.026327227856
1929,0.027165380838
1930,0.028316071448
1931,0.028060249164
1932,0.027372040912
1933,0.025110428966
1934,0.027021339269
1935,0.026965753771
1936,0.027355637273
1937,0.026895097604
1938,0.026827439785
1939,0.02663922323
1940,0.025691328877
1941,0.024052836284
1942,0.02377817451
1943,0.024582551554
1944,0.023126766673
1945,0.022899370855
1946,0.02296401119
1947,0.027706932843
1948,0.02614379141
1949,0.022751530895
1950,0.031644578351
1951,0.028824852847
1952,0.034866173143
1953,0.035545971334
1954,0.035921385855
1955,0.036107727637
1956,0.035217343875
1957,0.034343233404
1958,0.13508129087
1959,0.13516919056
1960,0.13361773391
1961,0.12545791087
1962,0.12993934167
1963,0.13858424044
1964,0.13607930622
1965,0.12582691237
1966,0.12379237699
1967,0.12236247571
1968,0.11838274543
1969,0.11105405848
1970,0.10650485326
1971,0.099315055156
1972,0.093995521097
1973,0.088697643741
1974,0.086538666534
1975,0.087668463521
1976,0.086821069423
1977,0.086714939305
1978,0.088008143604
1979,0.087641351899
1980,0.088439032202
1981,0.088667170895
1982,0.090216296263
1983,0.092334939475
1984,0.099111537536
1985,0.093186629344
1986,0.10538692826
1987,0.11433153867
1988,0.12196558306
1989,0.12442784945
1990,0.13418890022
1991,0.14164316665
1992,0.13909965765
1993,0.12458247409
1994,0.12372371201
1995,0.11496648123
1996,0.11193839577
1997,0.11836160549
1998,0.10545099585
1999,0.092313976816
2000,0.082186519472
2001,0.080221204295
2002,0.070804253493
2003,0.062764644377
2004,0.055411743802
2005,0.045541872165
2006,0.039399948225
2007,0.038086563448
2008,0.034818624842
2009,0.026583986574
2010,0.026105618804
2011,0.025916477032
2012,0.026663714501
2013,0.026494249487
2014,0.027043737926
2015,0.026761847428
2016,0.026989587347
2017,0.027089599437
2018,0.026554405828
2019,0.026223636276
2020,0.026100680846
2021,0.026285944532
2022,0.026420118333
2023,0.026376807612
2024,0.025971425416
2025,0.025464587669
2026,0.025307402647
2027,0.024351163408
2028,0.024509724039
2029,0.025468907167
2030,0.025107786516
2031,0.025061237722
2032,0.025388239713
2033,0.025509717757
2034,0.024876869685
2035,0.025370493484
2036,0.025455964795
2037,0.025493916367
2038,0.02551701555
2039,0.025360695086
2040,0.025382857895
2041,0.025575667899
2042,0.025431577347
2043,0.025791299529
2044,0.025662410452
2045,0.025864102253
2046,0.024039151813
2047,0.02503007144
2048,0.023825889922
2049,0.02335914532
2050,0.023194749783
2051,0.023697209858
2052,0.02537528859
2053,0.025480714144
2054,0.025934663169
2055,0.026051226368
2056,0.026848523619
2057,0.0272631774
2058,0.024892154394
2059,0.02487073088
2060,0.02394724534
2061,0.026457128048
2062,0.026310930688
2063,0.026095540524
2064,0.026237660607
2065,0.026079368365
2066,0.025855791058
2067,0.025483594725
2068,0.024495845077
2069,0.020877392247
2070,0.021834501764
2071,0.020942519472
2072,0.021306401016
2073,0.021902550104
2074,0.022825410589
2075,0.023742264687
2076,0.024970702573
2077,0.023774146444
2078,0.020681004739
2079,0.021084262346
2080,0.029877704014
2081,0.026561537433
2082,0.034960482857
2083,0.03553961349
2084,0.035637959866
2085,0.036021620905
2086,0.03438996447
2087,0.03220111121
2088,0.13733180576
2089,0.15401813245
2090,0.15528001919
2091,0.14640602979
2092,0.14109427899
2093,0.13574564059
2094,0.128220539
2095,0.12415183851
2096,0.11790299637
2097,0.11174467931
2098,0.10883466165
2099,0.10078754118
2100,0.095293056472
2101,0.090125705781
2102,0.088946241623
2103,0.087927757769
2104,0.089515900265
2105,0.089823853831
2106,0.088394060702
2107,0.089443145686
2108,0.089351287155
2109,0.090495541174
2110,0.095958380956
2111,0.10119867933
2112,0.093554911568
2113,0.10799538714
2114,0.09115274254
2115,0.11870000812
2116,0.12455387042
2117,0.13259303638
2118,0.13632159559
2119,0.13179588332
2120,0.14201211236
2121,0.14478068781
2122,0.15302518479
2123,0.15386397734
2124,0.1549938213
2125,0.13693003674
2126,0.13000106045
2127,0.12193872331
2128,0.13091938173
2129,0.1412017371
2130,0.12487309211
2131,0.10706283335
2132,0.090352337213
2133,0.088879840014
2134,0.077154972362
2135,0.06587094978
2136,0.057392223695
2137,0.049119709254
2138,0.040741900268
2139,0.035359577066
2140,0.033993458142
2141,0.034321071976
2142,0.026030989999
2143,0.025470293766
2144,0.025652763679
2145,0.025089311826
2146,0.025140207339
2147,0.025921697241
2148,0.026376297792
2149,0.026291476802
2150,0.025978903722
2151,0.025971303797
2152,0.025975705729
2153,0.02575887731
2154,0.025706517959
2155,0.025523679172
2156,0.025749056385
2157,0.02481109773
2158,0.02488168922
2159,0.024613253865
2160,0.024098749087
2161,0.024435295622
2162,0.02447292974
2163,0.02489636662
2164,0.025155246107
2165,0.02491658886
2166,0.024636409594
2167,0.024772231668
2168,0.025062565917
2169,0.025219737538
2170,0.024888190961
2171,0.025109692104
2172,0.025193540299
2173,0.025184532748
2174,0.025224256392
2175,0.025714360039
2176,0.025666790061
2177,0.024527808434
2178,0.024033931517
2179,0.024239385353
2180,0.02499049094
2181,0.023694083933
2182,0.024239970169
2183,0.025117302475
2184,0.025227239999
2185,0.025382944249
2186,0.025600094686
2187,0.025567374223
2188,0.025581179164
2189,0.026093319598
2190,0.026243168826
2191,0.02437216317
2192,0.024409322353
2193,0.024447901271
2194,0.024386194728
2195,0.025989136089
2196,0.02602211099
2197,0.025991163288
2198,0.025971596427
2199,0.025931788528
2200,0.025824150486
2201,0.025758579962
2202,0.025718981902
2203,0.025423858323
2204,0.02518396166
2205,0.024949831836
2206,0.025112840471
2207,0.024811449163
2208,0.024530376572
2209,0.024576900581
2210,0.020086409298
2211,0.020242389807
2212,0.020510709868
2213,0.02010913049
2214,0.020976556658
2215,0.021891637725
2216,0.023346281483
2217,0.025103413419
2218,0.025700187682
2219,0.022710397036
2220,0.021904849767
2221,0.020094041864
2222,0.020225653357
2223,0.019890413467
2224,0.024916280366
2225,0.0289462689
2226,0.034947127435
2227,0.035478434183
2228,0.036421665771
2229,0.037027168451
2230,0.036808717493
2231,0.033375401039
2232,0.15616483965
2233,0.15109291327
2234,0.14222247062
2235,0.13604119995
2236,0.13075996141
2237,0.12591798483
2238,0.11785868073
2239,0.11028875795
2240,0.10321899322
2241,0.10022222649
2242,0.093447360567
2243,0.09041561114
2244,0.090858393694
2245,0.091791066804
2246,0.089704563683
2247,0.091342615911
2248,0.089634940344
2249,0.089610248967
2250,0.096410755742
2251,0.093526272314
2252,0.092741802861
2253,0.097948154569
2254,0.10266494218
2255,0.10988468004
2256,0.091237328657
2257,0.11907594021
2258,0.12691843053
2259,0.12854169583
2260,0.13199764356
2261,0.13780886923
2262,0.14425501635
2263,0.15148259241
2264,0.15312588787
2265,0.16251784678
2266,0.16555541206
2267,0.1683811549
2268,0.17195006786
2269,0.16651247354
2270,0.14987886711
2271,0.13671833856
2272,0.14180622353
2273,0.15717144978
2274,0.17020252267
2275,0.1504464149
2276,0.13291654973
2277,0.11747421561
2278,0.099556480897
2279,0.10348644175
2280,0.085657065569
2281,0.073223702885
2282,0.064564785509
2283,0.05882761543
2284,0.05066147157
2285,0.042930398241
2286,0.034810151245
2287,0.033599876556
2288,0.032357312968
2289,0.034216434426
2290,0.025580026896
2291,0.025176197008
2292,0.025629072175
2293,0.025509788838
2294,0.025387120159
2295,0.025274185806
2296,0.025481726319
2297,0.025259087077
2298,0.025080364353
2299,0.025571382705
2300,0.025231802234
2301,0.024860678289
2302,0.024023233997
2303,0.023923820171
2304,0.024238805452
2305,0.024102807671
2306,0.024154960742
2307,0.024184699044
2308,0.024331543596
2309,0.024444863278
2310,0.024515850421
2311,0.024379244568
2312,0.024893658918
2313,0.024584419623
2314,0.02432663329
2315,0.024610790931
2316,0.024961850295
2317,0.024988794868
2318,0.025007673745
2319,0.02643203881
2320,0.024525562079
2321,0.02772538398
2322,0.028464934591
2323,0.02890915744
2324,0.024933043068
2325,0.027106589989
2326,0.026577344876
2327,0.026923591579
2328,0.025080549525
2329,0.025116938357
2330,0.025272117002
2331,0.02543716308
2332,0.025645690217
2333,0.02588741034
2334,0.024775420749
2335,0.024878707633
2336,0.024698335045
2337,0.024974524389
2338,0.025358038264
2339,0.025931263983
2340,0.025990104083
2341,0.02598074487
2342,0.026011821065
2343,0.026011041264
2344,0.026044246909
2345,0.025906507948
2346,0.025812726226
2347,0.025724855863
2348,0.02560448256
2349,0.025508737457
2350,0.025252341573
2351,0.024956459727
2352,0.024724709346
2353,0.024651540187
2354,0.024556054265
2355,0.02445680104
2356,0.024553593714
2357,0.024759320524
2358,0.024924253945
2359,0.019544094417
2360,0.019690697062
2361,0.019779222463
2362,0.020408645608
2363,0.021244056909
2364,0.023479972829
2365,0.02243659778
2366,0.026216467984
2367,0.02577255774
2368,0.027754407818
2369,0.028919048533
2370,0.027573926514
2371,0.022193117408
2372,0.020062779104
2373,0.019252562537
2374,0.018022392641
2375,0.019198373265
2376,0.019205011311
2377,0.025892176423
2378,0.030195633608
2379,0.03408709475
2380,0.035331163098
2381,0.038550218912
2382,0.036142794273
2383,0.038239517577
2384,0.039492555669
2385,0.037285719449
2386,0.034081561038
2387,0.15768345804
2388,0.14944815696
2389,0.14369713539
2390,0.13628649326
2391,0.13016622575
2392,0.12441983631
2393,0.11911506333
2394,0.11071383864
2395,0.10390239378
2396,0.098537522352
2397,0.090806031687
2398,0.09453747321
2399,0.090787529908
2400,0.095698969682
2401,0.090382220479
2402,0.089786383223
2403,0.094199565018
2404,0.091617580169
2405,0.091623345507
2406,0.091238638547
2407,0.096091593903
2408,0.10069546263
2409,0.096806937953
2410,0.10772492404
2411,0.11125676479
2412,0.11628864763
2413,0.12540324591
2414,0.12773447501
2415,0.13353403739
2416,0.13303407297
2417,0.13678223376
2418,0.14508645509
2419,0.15158976882
2420,0.15534041838
2421,0.16427432519
2422,0.1667983478
2423,0.17421229667
2424,0.18157615079
2425,0.18487277049
2426,0.18622663714
2427,0.16997667144
2428,0.15593381884
2429,0.1571003113
2430,0.16812943944
2431,0.17535205934
2432,0.18822870941
2433,0.2044570163
2434,0.18018935672
2435,0.1567129126
2436,0.1451865808
2437,0.1303228306
2438,0.11825991567
2439,0.0965967408
2440,0.08332500219
2441,0.069944585381
2442,0.067652677373
2443,0.05274501462
2444,0.043828602284
2445,0.037887552485
2446,0.031694951706
2447,0.03317805411
2448,0.0316694099
2449,0.02471993087
2450,0.024311602252
2451,0.024075017904
2452,0.024117162504
2453,0.024150835985
2454,0.0242970887
2455,0.024725246455
2456,0.024750407049
2457,0.024841378127
2458,0.032926839459
2459,0.030241561602
2460,0.025603417259
2461,0.025401984452
2462,0.030019922685
2463,0.031978686234
2464,0.034556588703
2465,0.026611208594
2466,0.029236179609
2467,0.028656131583
2468,0.028532012947
2469,0.024852100866
2470,0.025086584674
2471,0.025228085652
2472,0.025530229404
2473,0.02568231567
2474,0.025855048978
2475,0.025549256377
2476,0.026004093247
2477,0.025165874269
2478,0.02585935611
2479,0.026353951751
2480,0.025986177099
2481,0.026015490982
2482,0.026014065991
2483,0.026071969648
2484,0.026091226044
2485,0.02611445811
2486,0.026144108835
2487,0.026037856505
2488,0.025887639007
2489,0.025790741635
2490,0.025692976111
2491,0.025677008155
2492,0.025700778915
2493,0.025538791719
2494,0.02525162731
2495,0.025025630346
2496,0.024664463728
2497,0.024388503106
2498,0.024399617727
2499,0.024666519523
2500,0.025054205075
2501,0.025699729558
2502,0.025780605361
2503,0.019991467587
2504,0.019983281346
2505,0.020515268074
2506,0.018865179283
2507,0.020828473316
2508,0.022027109299
2509,0.024807406423
2510,0.024274099218
2511,0.031006832032
2512,0.031196127239
2513,0.030938243954
2514,0.035588632004
2515,0.037657914919
2516,0.022965252583
2517,0.018504078273
2518,0.016646658184
2519,0.017221290589
2520,0.015412792691
2521,0.018021126145
2522,0.026040223741
2523,0.031615623309
2524,0.025645980078
2525,0.031995297769
2526,0.033459870951
2527,0.041310928346
2528,0.032679943171
2529,0.036437753638
2530,0.040072826453
2531,0.040988699742
2532,0.037764720912
2533,0.15524855896
2534,0.15124188457
2535,0.14051565558
2536,0.1421687347
2537,0.13711605405
2538,0.1280068218
2539,0.1181906818
2540,0.10682578703
2541,0.10344248008
2542,0.093621709526
2543,0.09144963095
2544,0.097679475293
2545,0.090557246465
2546,0.09210354232
2547,0.090484524327
2548,0.092664845957
2549,0.091860686775
2550,0.091084294541
2551,0.091517561331
2552,0.091278191262
2553,0.093325220502
2554,0.097914827689
2555,0.095853578717
2556,0.10368528218
2557,0.093742886076
2558,0.1128354315
2559,0.12186501862
2560,0.13223348042
2561,0.13461917827
2562,0.14160506565
2563,0.14004951234
2564,0.14603020359
2565,0.15277711352
2566,0.1596509567
2567,0.16449587402
2568,0.17309141298
2569,0.17657874296
2570,0.18178608925
2571,0.18840641644
2572,0.19458502374
2573,0.1960753285
2574,0.20048405919
2575,0.20585272836
2576,0.20372377128
2577,0.18813612689
2578,0.17468052104
2579,0.17270118264
2580,0.1863641627
2581,0.21685795039
2582,0.18960725529
2583,0.20513050161
2584,0.2097303086
2585,0.22039392066
2586,0.27460290162
2587,0.21931089006
2588,0.17529477825
2589,0.16138638373
2590,0.14845987232
2591,0.14010924221
2592,0.11634967878
2593,0.096832984128
2594,0.082702880703
2595,0.078997660003
2596,0.062404627943
2597,0.050098140058
2598,0.045267850089
2599,0.039054048893
2600,0.036588899082
2601,0.030528874101
2602,0.030634045737
2603,0.023878885346
2604,0.024044877246
2605,0.024095304694
2606,0.02434065251
2607,0.024558921313
2608,0.038562365099
2609,0.039287005362
2610,0.0378259697
2611,0.026852316585
2612,0.026336015832
2613,0.026935106285
2614,0.033236642206
2615,0.034026061145
2616,0.036626980549
2617,0.040296765713
2618,0.028430007603
2619,0.030476271736
2620,0.032539151596
2621,0.038359144497
2622,0.024682450535
2623,0.024877876479
2624,0.025421630636
2625,0.0257063999
2626,0.025891445863
2627,0.026313668105
2628,0.027103967611
2629,0.027007350429
2630,0.026642344486
2631,0.027074435318
2632,0.027439115249
2633,0.02597711245
2634,0.026084879213
2635,0.026152473784
2636,0.026157663905
2637,0.026198429746
2638,0.026180146276
2639,0.025984950317
2640,0.025810177863
2641,0.025777484548
2642,0.025844455662
2643,0.025735587581
2644,0.025693504826
2645,0.025601606453
2646,0.025395998423
2647,0.025209983673
2648,0.02487764835
2649,0.024704434848
2650,0.0250678471
2651,0.025312498527
2652,0.025990359585
2653,0.02676526047
2654,0.027118997149
2655,0.021967158266
2656,0.022710341686
2657,0.021451368921
2658,0.023130780805
2659,0.02234326079
2660,0.018624753398
2661,0.024543230434
2662,0.030579045461
2663,0.029513808138
2664,0.03873892495
2665,0.037035882424
2666,0.0391152042
2667,0.043177320149
2668,0.045079168042
2669,0.043402708542
2670,0.023301176186
2671,0.01967026751
2672,0.021043839149
2673,0.016225546554
2674,0.015160899374
2675,0.015743744193
2676,0.01503963313
2677,0.015369236651
2678,0.015150682161
2679,0.020640971859
2680,0.036429545293
2681,0.026094641521
2682,0.032443508181
2683,0.018397602448
2684,0.030971741411
2685,0.029024152
2686,0.042038586758
2687,0.04474132413
2688,0.02791207715
2689,0.030163596919
2690,0.03892691159
2691,0.039906324065
2692,0.042401878979
2693,0.16287636096
2694,0.15890115833
2695,0.13224059781
2696,0.12699036916
2697,0.11502777417
2698,0.10901767694
2699,0.10390389957
2700,0.10087180411
2701,0.092677615374
2702,0.091035249307
2703,0.094098739105
2704,0.091089721846
2705,0.091225902285
2706,0.091295532465
2707,0.090688113302
2708,0.091642926482
2709,0.092115500475
2710,0.091454245636
2711,0.096380290209
2712,0.093446933101
2713,0.092982016932
2714,0.10139441353
2715,0.10888618289
2716,0.091313680539
2717,0.1188436011
2718,0.12683324098
2719,0.13451650267
2720,0.14157807531
2721,0.1408699463
2722,0.1426474642
2723,0.14957513233
2724,0.14843366198
2725,0.15322810894
2726,0.16307469574
2727,0.16953820064
2728,0.17948709666
2729,0.18402936503
2730,0.1905475958
2731,0.19592322326
2732,0.20114344139
2733,0.20483216186
2734,0.21127072586
2735,0.21583522195
2736,0.22153791667
2737,0.21853188389
2738,0.20338479171
2739,0.18997076427
2740,0.19756508205
2741,0.2328379833
2742,0.26168785349
2743,0.27341925379
2744,0.25106152314
2745,0.28274150996
2746,0.27629251192
2747,0.49025948547
2748,0.56628319999
2749,0.3304626913
2750,0.25391104163
2751,0.20097139158
2752,0.17660146583
2753,0.17903856964
2754,0.17088114533
2755,0.14598614979
2756,0.1234839356
2757,0.10934405921
2758,0.093872245206
2759,0.086910378804
2760,0.072247948663
2761,0.056319930172
2762,0.051239718132
2763,0.048219369204
2764,0.043797708419
2765,0.041167873121
2766,0.033947669243
2767,0.029650372196
2768,0.023911175595
2769,0.024097714572
2770,0.024218743482
2771,0.024226181781
2772,0.044325133767
2773,0.04541502429
2774,0.048352515164
2775,0.049502237707
2776,0.029021055508
2777,0.028757207626
2778,0.029978043561
2779,0.034921955191
2780,0.036515372282
2781,0.037730564804
2782,0.038296708707
2783,0.040375552085
2784,0.044137151379
2785,0.033040002202
2786,0.034971658621
2787,0.047934014719
2788,0.024339956056
2789,0.02460287218
2790,0.025070953091
2791,0.025633813203
2792,0.025827732574
2793,0.028471314695
2794,0.027938703795
2795,0.027898780801
2796,0.029423899969
2797,0.025918183054
2798,0.026065332333
2799,0.026215780609
2800,0.026213343357
2801,0.026206859489
2802,0.026220338036
2803,0.02612728514
2804,0.025972394354
2805,0.02599848367
2806,0.025904035816
2807,0.025784054677
2808,0.025714379717
2809,0.02597906338
2810,0.025429580956
2811,0.025672342708
2812,0.025088823514
2813,0.025385990107
2814,0.025806126325
2815,0.025883677064
2816,0.027183892331
2817,0.02811586281
2818,0.028149089032
2819,0.029353260878
2820,0.027859558481
2821,0.026210226627
2822,0.030108654075
2823,0.021460319609
2824,0.028125507055
2825,0.031745668478
2826,0.016361239363
2827,0.017585708825
2828,0.030466646091
2829,0.031025379867
2830,0.03381183996
2831,0.03671477413
2832,0.034291352808
2833,0.043286703375
2834,0.045962426903
2835,0.042067839238
2836,0.050154283539
2837,0.053970198371
2838,0.049353120863
2839,0.05328096541
2840,0.017144722041
2841,0.017702325923
2842,0.017758103331
2843,0.015404061772
2844,0.015621442129
2845,0.015997245562
2846,0.01657939749
2847,0.015245766731
2848,0.015517455273
2849,0.014214133787
2850,0.01513782782
2851,0.014504696378
2852,0.01517504476
2853,0.01356512888
2854,0.039009588838
2855,0.024821865996
2856,0.029584124638
2857,0.035707691946
2858,0.012311698983
2859,0.015975442263
2860,0.027178446382
2861,0.023897335188
2862,0.046936550447
2863,0.043637249309
2864,0.02442373986
2865,0.031801092252
2866,0.042749156642
2867,0.039633901233
2868,0.037359824361
2869,0.16821501585
2870,0.16317334251
2871,0.12960577703
2872,0.12301661366
2873,0.11246042962
2874,0.10665738518
2875,0.10224167116
2876,0.096461168101
2877,0.093959427039
2878,0.095416610228
2879,0.090326387752
2880,0.090179731825
2881,0.090758579049
2882,0.091127489331
2883,0.091763619883
2884,0.093186259324
2885,0.090622382001
2886,0.091581321602
2887,0.097073697957
2888,0.091130440033
2889,0.090395742353
2890,0.090862159642
2891,0.10135459426
2892,0.10815448555
2893,0.11761541635
2894,0.089329911642
2895,0.089547273556
2896,0.12700444617
2897,0.13806538123
2898,0.14424214
2899,0.15275634039
2900,0.14705164697
2901,0.14659099855
2902,0.1551428312
2903,0.15948127648
2904,0.15876451847
2905,0.17163775237
2906,0.17712502982
2907,0.18883205966
2908,0.19794453768
2909,0.20657456273
2910,0.20911767474
2911,0.2102629315
2912,0.2211217849
2913,0.22563663244
2914,0.23077118327
2915,0.24117177118
2916,0.23130457862
2917,0.2324569297
2918,0.21844293455
2919,0.20805688435
2920,0.23781757002
2921,0.2849013557
2922,0.32621411398
2923,0.39111182605
2924,0.38354986123
2925,0.41653808415
2926,0.50663121957
2927,0.4350471994
2928,0.55094904432
2929,0.57064380377
2930,0.59902540169
2931,0.62047730648
2932,0.40327293628
2933,0.28705617163
2934,0.20494259782
2935,0.2880435215
2936,0.25522076208
2937,0.20799985002
2938,0.16177966492
2939,0.13556857039
2940,0.11320009537
2941,0.098827405593
2942,0.08606948345
2943,0.074850609133
2944,0.063062337438
2945,0.055173643895
2946,0.052194127592
2947,0.047555848395
2948,0.04184627619
2949,0.037168568576
2950,0.029467256048
2951,0.024344717855
2952,0.024374571164
2953,0.049656114288
2954,0.053742784665
2955,0.055223669228
2956,0.05601806015
2957,0.059556508079
2958,0.031153609722
2959,0.032404351915
2960,0.032663361265
2961,0.037253842233
2962,0.039246805916
2963,0.040088439843
2964,0.040945624293
2965,0.040969762333
2966,0.04201642957
2967,0.042900461862
2968,0.047166683337
2969,0.033933249506
2970,0.034662966032
2971,0.036761767686
2972,0.024533345791
2973,0.024794950734
2974,0.025108678363
2975,0.025420067809
2976,0.02587524439
2977,0.031504166934
2978,0.03051438118
2979,0.031717345164
2980,0.03074973846
2981,0.032045723684
2982,0.02610834911
2983,0.026269890521
2984,0.026254922507
2985,0.026318038071
2986,0.026270386595
2987,0.026265826187
2988,0.026168220626
2989,0.026162224408
2990,0.026166836503
2991,0.026262212652
2992,0.026027359485
2993,0.026245800106
2994,0.027119111547
2995,0.026175456079
2996,0.027152146575
2997,0.027164896912
2998,0.026032647807
2999,0.027188226131
3000,0.026681361684
3001,0.026420180662
3002,0.026725762364
3003,0.027879776733
3004,0.028410705142
3005,0.02928224369
3006,0.03104137629
3007,0.035591355168
3008,0.038613858551
3009,0.03361215059
3010,0.039095051797
3011,0.022876436729
3012,0.032430212051
3013,0.041349695746
3014,0.015950568125
3015,0.016738974667
3016,0.017968097159
3017,0.038044084948
3018,0.034555625048
3019,0.036442819333
3020,0.037874170051
3021,0.038366131481
3022,0.04206268131
3023,0.040767900133
3024,0.046247604412
3025,0.048681418381
3026,0.051837640977
3027,0.046603231885
3028,0.057102936505
3029,0.0632299228
3030,0.062481745909
3031,0.056019217719
3032,0.059517517419
3033,0.011638780413
3034,0.017339388594
3035,0.016892314233
3036,0.016106823638
3037,0.015436242576
3038,0.01348650268
3039,0.01178488465
3040,0.01357514109
3041,0.013849916807
3042,0.016295302353
3043,0.015539280126
3044,0.01673271611
3045,0.01443642513
3046,0.013830446628
3047,0.015086723593
3048,0.015773292383
3049,0.013906913193
3050,0.011586336504
3051,0.037762396467
3052,0.022445230992
3053,0.028799875844
3054,0.032878715369
3055,0.011575268347
3056,0.01299870646
3057,0.015607875473
3058,0.026995221852
3059,0.026315182189
3060,0.02449937175
3061,0.046642067439
3062,0.056146912125
3063,0.038492937992
3064,0.030491215926
3065,0.047249020656
3066,0.031814837916
3067,0.028769273124
3068,0.17156457624
3069,0.16636730956
3070,0.13727484985
3071,0.11600964444
3072,0.106572853
3073,0.10080980296
3074,0.097790566001
3075,0.095206371758
3076,0.089447874003
3077,0.089677182304
3078,0.090556308466
3079,0.091535865606
3080,0.094684548858
3081,0.088807282627
3082,0.086839972731
3083,0.094634771323
3084,0.088102374961
3085,0.087875642206
3086,0.088658209198
3087,0.099092714067
3088,0.10708014445
3089,0.11659766276
3090,0.12777426955
3091,0.087418530424
3092,0.088246350973
3093,0.088317449039
3094,0.14169984085
3095,0.15463552561
3096,0.16255346459
3097,0.1628335399
3098,0.16569538329
3099,0.16964899236
3100,0.18220487381
3101,0.18637047608
3102,0.19701608563
3103,0.209418119
3104,0.21381604629
3105,0.21497743169
3106,0.21810719983
3107,0.2377151317
3108,0.23217242163
3109,0.2400163726
3110,0.24765659513
3111,0.24720022893
3112,0.25353726366
3113,0.24530224788
3114,0.24077436978
3115,0.28215727186
3116,0.3662598386
3117,0.40404567158
3118,0.46320015651
3119,0.50767533829
3120,0.48458448177
3121,0.50033378599
3122,0.50860916642
3123,0.51808839727
3124,0.51129113569
3125,0.35488167501
3126,0.33799552868
3127,0.30441593791
3128,0.45370732615
3129,0.65240555895
3130,0.65478053232
3131,0.44982167245
3132,0.4331704167
3133,0.37698244466
3134,0.33425741327
3135,0.2762097493
3136,0.17405758542
3137,0.10635980787
3138,0.097429825796
3139,0.08431199025
3140,0.073248585125
3141,0.065947474656
3142,0.060758462806
3143,0.057463327523
3144,0.045858414046
3145,0.04107602712
3146,0.036219673065
3147,0.031290868494
3148,0.031013402277
3149,0.024607745526
3150,0.053918669067
3151,0.060649759261
3152,0.060910466435
3153,0.066035024942
3154,0.032904117875
3155,0.033890006687
3156,0.033958555892
3157,0.039444652609
3158,0.041320680318
3159,0.041872268166
3160,0.042353404737
3161,0.042466301916
3162,0.044049719217
3163,0.048980853348
3164,0.051957161538
3165,0.024822946369
3166,0.025003701393
3167,0.025392700319
3168,0.025472309929
3169,0.025756840082
3170,0.026058630918
3171,0.032974141904
3172,0.033451700182
3173,0.032731028726
3174,0.033588326353
3175,0.026277925011
3176,0.026406654246
3177,0.026398219559
3178,0.026534991397
3179,0.026236816915
3180,0.026246047772
3181,0.026237186751
3182,0.026392387259
3183,0.026871721278
3184,0.026793482
3185,0.026890295491
3186,0.027886664091
3187,0.02799571492
3188,0.028256731188
3189,0.028318676941
3190,0.027205391742
3191,0.027907628374
3192,0.027976039324
3193,0.027698226858
3194,0.027577529014
3195,0.045422628772
3196,0.05037916337
3197,0.04330133961
3198,0.049626858688
3199,0.022871839913
3200,0.028392011531
3201,0.043273416259
3202,0.039258668734
3203,0.051677132042
3204,0.016731147842
3205,0.018890771209
3206,0.040098871491
3207,0.045920536991
3208,0.04383040562
3209,0.044456825805
3210,0.046323106797
3211,0.048106768077
3212,0.047585556895
3213,0.050171108176
3214,0.053207309585
3215,0.056711503548
3216,0.051566708805
3217,0.062946756536
3218,0.068987981132
3219,0.068385521536
3220,0.060302893987
3221,0.059003385783
3222,0.06294905654
3223,0.011660053906
3224,0.016569955102
3225,0.016700423729
3226,0.01586471008
3227,0.014844215763
3228,0.014128380775
3229,0.011960298926
3230,0.012369427313
3231,0.012075784485
3232,0.012295032266
3233,0.016174409169
3234,0.014831897001
3235,0.016083022299
3236,0.014996569106
3237,0.014467165772
3238,0.016738449595
3239,0.016229663754
3240,0.012999894743
3241,0.011578122033
3242,0.011540489115
3243,0.011479604875
3244,0.015486564889
3245,0.021650627192
3246,0.018883208185
3247,0.022712901736
3248,0.011526983812
3249,0.011435905533
3250,0.031138909912
3251,0.038297669089
3252,0.03450773141
3253,0.044320570805
3254,0.032882021398
3255,0.067240647904
3256,0.061562091817
3257,0.024257244613
3258,0.019379733776
3259,0.04227431505
3260,0.060219693063
3261,0.023286973112
3262,0.02197306823
3263,0.17338303161
3264,0.1679874864
3265,0.10646361091
3266,0.10145808861
3267,0.097164347418
3268,0.08889676866
3269,0.088711305061
3270,0.089733526014
3271,0.091074691413
3272,0.095481509622
3273,0.085500689043
3274,0.083959010007
3275,0.090944676662
3276,0.083510030202
3277,0.085562333148
3278,0.086015894131
3279,0.085171010434
3280,0.086445201855
3281,0.09565335043
3282,0.10590825305
3283,0.11744666591
3284,0.12762478156
3285,0.085873456848
3286,0.085950081755
3287,0.087057651687
3288,0.087511640821
3289,0.088109118659
3290,0.14553565731
3291,0.15952734709
3292,0.17204919424
3293,0.17091119137
3294,0.17338092128
3295,0.17100588853
3296,0.17458608081
3297,0.1937771166
3298,0.21816058054
3299,0.23298484952
3300,0.22067496628
3301,0.22241718793
3302,0.22926177848
3303,0.31152611987
3304,0.29964550837
3305,0.38591155543
3306,0.4712236617
3307,0.5001373606
3308,0.50727555422
3309,0.50954638555
3310,0.50825692441
3311,0.5076182639
3312,0.389860134
3313,0.41487573898
3314,0.32361352508
3315,0.26287260348
3316,0.25339722959
3317,0.25946288519
3318,0.23156880416
3319,0.24985218736
3320,0.30684017246
3321,0.40859687408
3322,0.5821454561
3323,0.53868077002
3324,0.50818630026
3325,0.4069665895
3326,0.42543465421
3327,0.33412329079
3328,0.27646542673
3329,0.30775986397
3330,0.29830302978
3331,0.22793000742
3332,0.10683526945
3333,0.098486486344
3334,0.093925603843
3335,0.090846743332
3336,0.084024513297
3337,0.07569131649
3338,0.077232522836
3339,0.067382116109
3340,0.056725580532
3341,0.056504746458
3342,0.065766559483
3343,0.065889641641
3344,0.063822451328
3345,0.032592190586
3346,0.035616759088
3347,0.037363624494
3348,0.04015701677
3349,0.04150092398
3350,0.055558101505
3351,0.059671975515
3352,0.06540161922
3353,0.065649629691
3354,0.063616544424
3355,0.069727576085
3356,0.042732072871
3357,0.044092712968
3358,0.047614602294
3359,0.050104908109
3360,0.051897532517
3361,0.053342537786
3362,0.025698274846
3363,0.025922220329
3364,0.026018501801
3365,0.026334077726
3366,0.026315657207
3367,0.026563877622
3368,0.026912951449
3369,0.026614086889
3370,0.026555302863
3371,0.027531426451
3372,0.054941065308
3373,0.05728795473
3374,0.052159365037
3375,0.058651695879
3376,0.030686234596
3377,0.040362276457
3378,0.057809744864
3379,0.058168358138
3380,0.065839551028
3381,0.020973994538
3382,0.029480002839
3383,0.046350353401
3384,0.053009770549
3385,0.049497670266
3386,0.050368348931
3387,0.050970092979
3388,0.052160903076
3389,0.050539112603
3390,0.054796516573
3391,0.056870075245
3392,0.059028002623
3393,0.060338941061
3394,0.054059688127
3395,0.055034768575
3396,0.065256385705
3397,0.071806303291
3398,0.071634511677
3399,0.069581905111
3400,0.061959878159
3401,0.061688192621
3402,0.063701335048
3403,0.06527185688
3404,0.013701225871
3405,0.016069328558
3406,0.01503826329
3407,0.014412684945
3408,0.013145016003
3409,0.012899436139
3410,0.01208425084
3411,0.012407132749
3412,0.015784615856
3413,0.012140037845
3414,0.012242212262
3415,0.012244510202
3416,0.013717873866
3417,0.014493593408
3418,0.018662335289
3419,0.015203598107
3420,0.016665892076
3421,0.019992897795
3422,0.020655320231
3423,0.013729314943
3424,0.012352439885
3425,0.013088620586
3426,0.011436761567
3427,0.013084260101
3428,0.011404654172
3429,0.011471358274
3430,0.011496729528
3431,0.011552416897
3432,0.011600639652
3433,0.013424231846
3434,0.015534291793
3435,0.020297626721
3436,0.040938796763
3437,0.040889625948
3438,0.04683382993
3439,0.011531273655
3440,0.025083757356
3441,0.011644893884
3442,0.062574827987
3443,0.057636595006
3444,0.029990073494
3445,0.011768105808
3446,0.011702939691
3447,0.011708511666
3448,0.055011483175
3449,0.063116985767
3450,0.011751314084
3451,0.10165444766
3452,0.097745199862
3453,0.096925768144
3454,0.087830620899
3455,0.09057925091
3456,0.094880881727
3457,0.084101303758
3458,0.082518756102
3459,0.09029738208
3460,0.080291321851
3461,0.081511136864
3462,0.080797754257
3463,0.083423014646
3464,0.082811887234
3465,0.084392481915
3466,0.099469637026
3467,0.11352548166
3468,0.12182810962
3469,0.14184183712
3470,0.13171761844
3471,0.08471297717
3472,0.084774224625
3473,0.086417065223
3474,0.087368069502
3475,0.16369939139
3476,0.16736589007
3477,0.16700874829
3478,0.17776666386
3479,0.18716267784
3480,0.18214519159
3481,0.18021958137
3482,0.18548221647
3483,0.18018866697
3484,0.18483548363
3485,0.2322539066
3486,0.27107950831
3487,0.2615441073
3488,0.41966765298
3489,0.48065747246
3490,0.49623017374
3491,0.50142768931
3492,0.5043976608
3493,0.50413717371
3494,0.4741045595
3495,0.49456067255
3496,0.35387093698
3497,0.25953780221
3498,0.2554638395
3499,0.28902565809
3500,0.24948443465
3501,0.22895481333
3502,0.21416695599
3503,0.22065702762
3504,0.20470038811
3505,0.20308281543
3506,0.22071625801
3507,0.22766499799
3508,0.25517547107
3509,0.28621949989
3510,0.32685252864
3511,0.3691313372
3512,0.4341943881
3513,0.51836159466
3514,0.40187630422
3515,0.3193839485
3516,0.31860672128
3517,0.26845619101
3518,0.38031937996
3519,0.27726680513
3520,0.26390293557
3521,0.19864817448
3522,0.26538974546
3523,0.24331098815
3524,0.29913133808
3525,0.28490075515
3526,0.24621481461
3527,0.14288690622
3528,0.098030643734
3529,0.092872708221
3530,0.085754081569
3531,0.079823310693
3532,0.069725733716
3533,0.073887164133
3534,0.069046689306
3535,0.068888591718
3536,0.060384751459
3537,0.048566186756
3538,0.042622210939
3539,0.057145202132
3540,0.046296616302
3541,0.0538630881
3542,0.031514386061
3543,0.035967379772
3544,0.031228006146
3545,0.040122002558
3546,0.04058076581
3547,0.055288105606
3548,0.058835138624
3549,0.064132042468
3550,0.06791474965
3551,0.066600883184
3552,0.068609858436
3553,0.069752395576
3554,0.071886701485
3555,0.048919788799
3556,0.026246294901
3557,0.026605849435
3558,0.062767305313
3559,0.068190043573
3560,0.060311662544
3561,0.068283187419
3562,0.039058740578
3563,0.054121774206
3564,0.071086518545
3565,0.025486269172
3566,0.027132836828
3567,0.027884716945
3568,0.051628944896
3569,0.059761424171
3570,0.051321159718
3571,0.051533047608
3572,0.051497760759
3573,0.053005099367
3574,0.053403853844
3575,0.053287905925
3576,0.053600364086
3577,0.057066429985
3578,0.057463898855
3579,0.059060929965
3580,0.061142484397
3581,0.062841930244
3582,0.055774986796
3583,0.067755327535
3584,0.073724991347
3585,0.072941897411
3586,0.070832136139
3587,0.065191300475
3588,0.065959494992
3589,0.067420128911
3590,0.068745004723
3591,0.016271996715
3592,0.016411914331
3593,0.013110622411
3594,0.013389702017
3595,0.012344709999
3596,0.012614953646
3597,0.012179166639
3598,0.012409133331
3599,0.014799506052
3600,0.018332782122
3601,0.013419708525
3602,0.013263890776
3603,0.012679369756
3604,0.016497126849
3605,0.018079979055
3606,0.020820796051
3607,0.025104762678
3608,0.025782308985
3609,0.01440920903
3610,0.016417187762
3611,0.018798706755
3612,0.014524621084
3613,0.018513966219
3614,0.011361265727
3615,0.025549774696
3616,0.011405059722
3617,0.011699294889
3618,0.011588248924
3619,0.012727120208
3620,0.024293056383
3621,0.024322393415
3622,0.039787333531
3623,0.041236232235
3624,0.032596417222
3625,0.028374622634
3626,0.011468745252
3627,0.011543927245
3628,0.012153640739
3629,0.011680185801
3630,0.060237264829
3631,0.051560936355
3632,0.032845838719
3633,0.011438563998
3634,0.011817777016
3635,0.011801998005
3636,0.011791792955
3637,0.011781400227
3638,0.036680326983
3639,0.056351671249
3640,0.018329090766
3641,0.090744367948
3642,0.096039151405
3643,0.08851552388
3644,0.085745001948
3645,0.082703674983
3646,0.087447470138
3647,0.080451086344
3648,0.080757972457
3649,0.093339958395
3650,0.078440881548
3651,0.079269224703
3652,0.078213682616
3653,0.07934799257
3654,0.081255783985
3655,0.08115029226
3656,0.082048663256
3657,0.082895216612
3658,0.10218832226
3659,0.12415465568
3660,0.13748613642
3661,0.1699816586
3662,0.17829251564
3663,0.082390866754
3664,0.083983866427
3665,0.085539083379
3666,0.23457034408
3667,0.19947091141
3668,0.18896072381
3669,0.18540773585
3670,0.19845583962
3671,0.2006690535
3672,0.19520998421
3673,0.19055106912
3674,0.19652958047
3675,0.19298600309
3676,0.19387548354
3677,0.4522973613
3678,0.37316702082
3679,0.49637074295
3680,0.49373997113
3681,0.43689054031
3682,0.34978009014
3683,0.36404459325
3684,0.26257931883
3685,0.23354192863
3686,0.2386502997
3687,0.23766366284
3688,0.22742267985
3689,0.211512953
3690,0.2062249049
3691,0.19206919585
3692,0.1952154364
3693,0.19095710266
3694,0.18137682585
3695,0.17885680059
3696,0.20093949573
3697,0.21260191556
3698,0.23316539118
3699,0.24868237437
3700,0.26770984834
3701,0.2928799707
3702,0.31729139979
3703,0.3515822649
3704,0.38016783865
3705,0.37165712957
3706,0.27336644317
3707,0.35281976958
3708,0.37236627617
3709,0.3273668324
3710,0.27565612678
3711,0.23508228521
3712,0.2516227944
3713,0.2663154838
3714,0.23612723419
3715,0.2474191193
3716,0.27174457996
3717,0.30195813886
3718,0.34367569349
3719,0.28007900261
3720,0.25313403167
3721,0.24664028501
3722,0.14802523672
3723,0.094450078838
3724,0.092030383302
3725,0.088010934705
3726,0.08289275636
3727,0.07688447389
3728,0.077004099354
3729,0.060973639683
3730,0.069945403553
3731,0.068240163447
3732,0.0629016767
3733,0.06204558423
3734,0.051214377349
3735,0.041572412718
3736,0.032557319677
3737,0.025527519662
3738,0.035811868609
3739,0.033108093612
3740,0.040092934791
3741,0.060545777707
3742,0.057926337514
3743,0.022949542945
3744,0.023026843453
3745,0.055434035383
3746,0.021042898714
3747,0.033457235886
3748,0.028717326085
3749,0.068575920081
3750,0.06979977289
3751,0.071387903965
3752,0.070884137964
3753,0.071431116696
3754,0.073821290018
3755,0.06887172498
3756,0.06631385072
3757,0.081776331922
3758,0.078276646366
3759,0.037341637825
3760,0.036078642455
3761,0.035244135309
3762,0.054010587297
3763,0.071834178072
3764,0.062059105641
3765,0.051311458585
3766,0.050896631001
3767,0.053262900178
3768,0.058365354602
3769,0.06163497965
3770,0.055614189512
3771,0.074953720291
3772,0.075047411053
3773,0.073877477267
3774,0.07145931744
3775,0.070002077342
3776,0.071592763702
3777,0.019626956933
3778,0.022953700557
3779,0.012822321781
3780,0.0137952891
3781,0.014259699026
3782,0.013238033247
3783,0.017653485021
3784,0.015098933695
3785,0.02135128285
3786,0.014825659596
3787,0.016500647627
3788,0.018840306002
3789,0.0189573186
3790,0.020274289927
3791,0.041320883757
3792,0.021826271992
3793,0.020982171986
3794,0.020152237172
3795,0.026002567473
3796,0.031563434729
3797,0.031859659958
3798,0.022592081877
3799,0.018480155363
3800,0.013282415769
3801,0.016574366708
3802,0.035909075187
3803,0.027562517405
3804,0.039884826073
3805,0.024779288997
3806,0.035854073628
3807,0.039724042826
3808,0.033162000464
3809,0.026161600342
3810,0.011503033067
3811,0.011408183945
3812,0.011694524168
3813,0.011797695372
3814,0.053118570826
3815,0.048931280643
3816,0.038431008153
3817,0.012711978768
3818,0.011356630212
3819,0.011378977522
3820,0.023473646515
3821,0.024625808278
3822,0.011982762238
3823,0.011928958465
3824,0.011968497861
3825,0.025193275064
3826,0.022111097916
3827,0.097072710902
3828,0.086285707974
3829,0.089726194286
3830,0.084380733073
3831,0.080651490283
3832,0.08474649865
3833,0.079342300755
3834,0.090553997144
3835,0.077894313509
3836,0.078724320599
3837,0.076994326182
3838,0.077044848291
3839,0.076467166753
3840,0.07744220538
3841,0.078219212743
3842,0.079103628757
3843,0.080203487143
3844,0.080107324323
3845,0.081151318639
3846,0.08163504089
3847,0.094382196843
3848,0.10899873899
3849,0.13505382643
3850,0.15942878124
3851,0.20605350547
3852,0.21560758978
3853,0.084348178134
3854,0.086770667856
3855,0.3275052015
3856,0.47265131744
3857,0.31531898264
3858,0.25721784162
3859,0.21301802983
3860,0.2185985669
3861,0.21368681746
3862,0.2087342249
3863,0.201932699
3864,0.20648328471
3865,0.20331445378
3866,0.20399589369
3867,0.79679647175
3868,0.2621259335
3869,0.23126836561
3870,0.21185096438
3871,0.21540160145
3872,0.22342373548
3873,0.22205004184
3874,0.22184441601
3875,0.20663331289
3876,0.19589080527
3877,0.19181429049
3878,0.18316413161
3879,0.17721509236
3880,0.17969664381
3881,0.178883773
3882,0.17362371289
3883,0.16264234442
3884,0.15906200832
3885,0.15714239333
3886,0.16818767237
3887,0.18373084045
3888,0.19389407853
3889,0.20163344177
3890,0.22593335011
3891,0.25206570553
3892,0.27220696338
3893,0.29628364083
3894,0.32556729602
3895,0.37786116586
3896,0.28641647971
3897,0.27229868272
3898,0.37684191652
3899,0.4426586025
3900,0.41912376938
3901,0.43230959112
3902,0.34647590092
3903,0.31948870315
3904,0.3194202481
3905,0.31239650293
3906,0.34102601954
3907,0.27647948188
3908,0.3014118748
3909,0.30459475263
3910,0.40265958972
3911,0.4157079116
3912,0.36980887655
3913,0.31369052572
3914,0.30953518622
3915,0.22650537582
3916,0.15162730674
3917,0.087083056731
3918,0.087147494814
3919,0.084980819915
3920,0.07779969183
3921,0.070062792478
3922,0.066512523688
3923,0.069725536462
3924,0.054539329097
3925,0.050505364037
3926,0.06445349646
3927,0.063202336184
3928,0.055130753597
3929,0.056670255062
3930,0.054806277354
3931,0.0431957817
3932,0.035358297699
3933,0.033407954888
3934,0.022419244241
3935,0.033677376617
3936,0.026039017659
3937,0.045426305721
3938,0.030562946464
3939,0.04074851379
3940,0.054283422765
3941,0.051221033458
3942,0.043643330864
3943,0.017353063344
3944,0.053486156646
3945,0.026025155408
3946,0.018438732372
3947,0.012824741495
3948,0.088341370963
3949,0.091374396726
3950,0.087173657765
3951,0.087996544988
3952,0.045101982589
3953,0.064499096971
3954,0.034750200496
3955,0.024828427226
3956,0.015451023365
3957,0.01911067311
3958,0.017876860697
3959,0.023457391617
3960,0.025603312846
3961,0.017234220304
3962,0.018001649139
3963,0.019636324513
3964,0.022112965783
3965,0.022070067354
3966,0.027773725138
3967,0.029145713422
3968,0.029494198637
3969,0.029470178788
3970,0.026684214022
3971,0.029485260281
3972,0.022196259058
3973,0.019936910061
3974,0.028651697061
3975,0.0098875456169
3976,0.013423921484
3977,0.038887321703
3978,0.038203705439
3979,0.038240183805
3980,0.0235659981
3981,0.034888373117
3982,0.011491722259
3983,0.011640597115
3984,0.011993929675
3985,0.042492296177
3986,0.021577089145
3987,0.026899719471
3988,0.019612438348
3989,0.028638327427
3990,0.011426840662
3991,0.011431818719
3992,0.011350527248
3993,0.027910901718
3994,0.035213998239
3995,0.03326274599
3996,0.012189975425
3997,0.027517223938
3998,0.012259999221
3999,0.011320061906
4000,0.026331173359
4001,0.078583663093
4002,0.081820544912
4003,0.077962575903
4004,0.085904259336
4005,0.077490645239
4006,0.07627531709
4007,0.07630968284
4008,0.075590288947
4009,0.07559407552
4010,0.075109532499
4011,0.07626448304
4012,0.076693960485
4013,0.077874563687
4014,0.078671678856
4015,0.080001785648
4016,0.080989770356
4017,0.083159691441
4018,0.088687692708
4019,0.096407493872
4020,0.11105766502
4021,0.13593345026
4022,0.18131197712
4023,0.29324163284
4024,0.31675544563
4025,0.08445812885
4026,0.47903538683
4027,0.49416200476
4028,0.50562824079
4029,0.50994024332
4030,0.4266768355
4031,0.36476513627
4032,0.27081036317
4033,0.24343187986
4034,0.24481742597
4035,0.22898094309
4036,0.22229062687
4037,0.21490495399
4038,0.21674928208
4039,0.20144991115
4040,0.21120331693
4041,0.21326380204
4042,0.20500952501
4043,0.19557622913
4044,0.18271032841
4045,0.18149508817
4046,0.1737274786
4047,0.16668180551
4048,0.16900064055
4049,0.17096760382
4050,0.16715230675
4051,0.1617571572
4052,0.1527204928
4053,0.14857133642
4054,0.1434871632
4055,0.14431280143
4056,0.13866111108
4057,0.15285477872
4058,0.16328283746
4059,0.17779610815
4060,0.18804764946
4061,0.19536782514
4062,0.2132774253
4063,0.23911205739
4064,0.27431692226
4065,0.27090618457
4066,0.31132487598
4067,0.38224316075
4068,0.21790267909
4069,0.28490906255
4070,0.31237665943
4071,0.33866708192
4072,0.38045606326
4073,0.44239410855
4074,0.46082444449
4075,0.4411162169
4076,0.3772718932
4077,0.38365635982
4078,0.3703805063
4079,0.3863015556
4080,0.42947255146
4081,0.36835542707
4082,0.39403122567
4083,0.53336022017
4084,0.51231306632
4085,0.5337844276
4086,0.49239912555
4087,0.39975223924
4088,0.39324999509
4089,0.37430417181
4090,0.20528134877
4091,0.12566434885
4092,0.10100034976
4093,0.080334800845
4094,0.071600285843
4095,0.064959147557
4096,0.061694274293
4097,0.054784689391
4098,0.061001119058
4099,0.048471586548
4100,0.047595319326
4101,0.044470432542
4102,0.055702353748
4103,0.047930938874
4104,0.044856995736
4105,0.050754729376
4106,0.050332848607
4107,0.039394810072
4108,0.035125693657
4109,0.033994016146
4110,0.034316160868
4111,0.021975049659
4112,0.01918424163
4113,0.035159712309
4114,0.026409021411
4115,0.030002655523
4116,0.045097849131
4117,0.044426511498
4118,0.049129273555
4119,0.04596413826
4120,0.046507998211
4121,0.034255557294
4122,0.026907981113
4123,0.010518778687
4124,0.035118717728
4125,0.019082188438
4126,0.011335592715
4127,0.0092314440646
4128,0.038910823931
4129,0.028036205282
4130,0.028436991009
4131,0.021182800867
4132,0.020219011656
4133,0.026809779421
4134,0.025519987025
4135,0.019761157943
4136,0.021054958546
4137,0.02387167138
4138,0.028252469592
4139,0.026004267031
4140,0.031687619119
4141,0.029953429792
4142,0.023604723759
4143,0.02782382277
4144,0.024260339913
4145,0.022873580237
4146,0.021771254572
4147,0.010988347954
4148,0.012607806742
4149,0.013551888998
4150,0.037503443753
4151,0.027326972593
4152,0.035686518844
4153,0.01163841788
4154,0.011834839256
4155,0.012369311242
4156,0.012100846287
4157,0.022924312012
4158,0.024186239277
4159,0.011411225386
4160,0.018695288841
4161,0.011411826388
4162,0.011317956774
4163,0.011482627101
4164,0.011288220917
4165,0.030837633363
4166,0.034313169828
4167,0.037661064654
4168,0.04210856781
4169,0.037429550017
4170,0.021031155112
4171,0.017044783424
4172,0.02132997375
4173,0.01549958678
4174,0.011658387785
4175,0.028593503269
4176,0.077474038337
4177,0.080422166452
4178,0.07619375655
4179,0.076280851398
4180,0.076218401063
4181,0.083195807329
4182,0.074991346322
4183,0.074931375392
4184,0.074429233168
4185,0.073660064829
4186,0.073698633057
4187,0.0747469125
4188,0.07628907853
4189,0.0764592781
4190,0.07837973409
4191,0.078492255162
4192,0.079324209213
4193,0.080810287285
4194,0.081508310449
4195,0.083683107182
4196,0.08700061341
4197,0.096010607558
4198,0.1116339808
4199,0.14795995884
4200,0.20170242663
4201,0.29545754241
4202,0.41772927357
4203,0.44896030197
4204,0.35301703457
4205,0.37093397045
4206,0.41106730633
4207,0.4092882163
4208,0.51067043009
4209,0.52760402873
4210,0.52499860246
4211,0.44726520487
4212,0.34119397793
4213,0.28063881853
4214,0.27964427181
4215,0.25142640753
4216,0.23728543901
4217,0.22949033524
4218,0.1867413197
4219,0.19817926265
4220,0.18756677241
4221,0.17473635141
4222,0.17288581524
4223,0.16837263517
4224,0.16372278886
4225,0.15647866648
4226,0.1590704908
4227,0.16243178868
4228,0.15524489262
4229,0.14490336511
4230,0.14467329492
4231,0.13939941111
4232,0.13958242722
4233,0.13353514844
4234,0.13607562807
4235,0.13151204226
4236,0.12016292346
4237,0.12664686641
4238,0.14028009563
4239,0.15177998094
4240,0.15982798983
4241,0.16929456357
4242,0.17990598761
4243,0.18793536231
4244,0.20653736372
4245,0.23546506355
4246,0.27279423312
4247,0.30526530294
4248,0.32937687942
4249,0.32569720408
4250,0.2537291621
4251,0.24347563614
4252,0.28484201227
4253,0.3202776663
4254,0.37621469744
4255,0.42246751421
4256,0.50149487746
4257,0.48856662634
4258,0.44387197646
4259,0.43443421329
4260,0.48094266264
4261,0.53304887709
4262,0.46891050078
4263,0.59069825473
4264,0.68898268277
4265,0.65376851103
4266,0.6350311742
4267,0.62241506918
4268,0.59078124598
4269,0.48306626605
4270,0.48862973243
4271,0.49354075358
4272,0.40696558431
4273,0.22900719777
4274,0.20712469576
4275,0.14487108614
4276,0.11995420421
4277,0.10355944909
4278,0.084956703691
4279,0.057783880914
4280,0.051763590832
4281,0.042873986478
4282,0.04146655912
4283,0.049749628657
4284,0.043478775445
4285,0.040578459876
4286,0.043561905274
4287,0.042093997859
4288,0.043887914028
4289,0.038287626397
4290,0.036165869369
4291,0.044475860495
4292,0.036294401935
4293,0.036885077036
4294,0.037170678818
4295,0.03645121251
4296,0.036206504046
4297,0.0339858581
4298,0.026176114455
4299,0.021432852678
4300,0.021468729924
4301,0.024768005413
4302,0.030085669224
4303,0.028385829181
4304,0.032441989538
4305,0.037464665329
4306,0.043621430339
4307,0.039811774363
4308,0.044233100367
4309,0.040091562075
4310,0.036911594968
4311,0.01485036146
4312,0.012994940311
4313,0.011584543064
4314,0.019674250718
4315,0.012019787448
4316,0.011305385126
4317,0.010273207046
4318,0.010228866841
4319,0.032557536003
4320,0.034801311841
4321,0.036031628914
4322,0.036633353414
4323,0.023615731173
4324,0.023643396918
4325,0.028877304214
4326,0.027194284091
4327,0.024823158988
4328,0.027279495878
4329,0.028432090307
4330,0.028820024728
4331,0.033917415168
4332,0.033731581978
4333,0.02496227335
4334,0.02237248152
4335,0.024333415993
4336,0.022236815127
4337,0.023487038058
4338,0.020561058024
4339,0.025967243888
4340,0.01226363553
4341,0.015385750464
4342,0.016036280672
4343,0.015396566398
4344,0.016461809615
4345,0.030183230906
4346,0.030715823445
4347,0.011956821916
4348,0.012251594317
4349,0.017018455033
4350,0.012828027871
4351,0.012713938909
4352,0.013204101519
4353,0.011445419796
4354,0.013675976221
4355,0.011264786243
4356,0.011989638784
4357,0.012135197399
4358,0.011823777209
4359,0.012965516961
4360,0.013285258166
4361,0.013714921996
4362,0.031035120883
4363,0.035753863663
4364,0.037679463632
4365,0.041153893706
4366,0.043864094794
4367,0.03056547152
4368,0.038131619857
4369,0.029270958019
4370,0.023566509386
4371,0.014066375399
4372,0.012940834474
4373,0.025890712283
4374,0.028731761738
4375,0.028585920019
4376,0.076467848372
4377,0.078075672021
4378,0.075732689292
4379,0.07933988415
4380,0.074819948699
4381,0.074785826282
4382,0.074776525433
4383,0.080502251891
4384,0.074218840681
4385,0.074033618299
4386,0.073718199507
4387,0.073069853632
4388,0.073224796403
4389,0.073425348173
4390,0.073377753537
4391,0.074567657909
4392,0.076655023824
4393,0.077205310348
4394,0.078289525257
4395,0.079153814391
4396,0.078959041519
4397,0.080162539289
4398,0.082549704537
4399,0.081570614422
4400,0.087287493056
4401,0.096772437068
4402,0.1141051969
4403,0.16339774121
4404,0.27816296652
4405,0.3891664563
4406,0.28037375086
4407,0.31212137956
4408,0.19467399011
4409,0.22911549791
4410,0.25520255119
4411,0.280473348
4412,0.29739533989
4413,0.30010725078
4414,0.31938739791
4415,0.50972421735
4416,0.54374985809
4417,0.54985097165
4418,0.44679087519
4419,0.32146639028
4420,0.30799641898
4421,0.27688627446
4422,0.2546265265
4423,0.24552059355
4424,0.14921060351
4425,0.15306600777
4426,0.14574883781
4427,0.13947012083
4428,0.13583854881
4429,0.13798156789
4430,0.13182031178
4431,0.13323259211
4432,0.12758760988
4433,0.12674120897
4434,0.12820816841
4435,0.12070703396
4436,0.11386463292
4437,0.10947887234
4438,0.10918309157
4439,0.1103664304
4440,0.11780741415
4441,0.13064581823
4442,0.1421769801
4443,0.15305431828
4444,0.16274631442
4445,0.17385345645
4446,0.18177073114
4447,0.20069155069
4448,0.23890651102
4449,0.293924318
4450,0.31381375231
4451,0.28548225164
4452,0.26125557086
4453,0.26634441566
4454,0.30986937998
4455,0.34536996895
4456,0.43028470152
4457,0.46514309009
4458,0.45217982073
4459,0.52896620022
4460,0.46773236913
4461,0.49142888867
4462,0.52552813352
4463,0.58226610188
4464,0.63987105114
4465,0.70865697739
4466,0.8312062055
4467,0.78890682901
4468,0.76786111236
4469,0.73707203186
4470,0.72120718789
4471,0.57407929719
4472,0.67991948829
4473,0.59378162635
4474,0.65531679937
4475,0.53639142834
4476,0.37686201284
4477,0.34186824727
4478,0.20362326838
4479,0.15862986699
4480,0.14622806555
4481,0.12552631806
4482,0.091965244416
4483,0.048039192384
4484,0.040950624443
4485,0.03473213319
4486,0.035441092716
4487,0.035799401022
4488,0.037620645907
4489,0.036423270016
4490,0.036022144453
4491,0.038248183962
4492,0.037204387421
4493,0.036890183209
4494,0.036022186158
4495,0.034914511384
4496,0.035783816879
4497,0.036570151748
4498,0.036809111368
4499,0.037256654624
4500,0.03653655773
4501,0.035454441054
4502,0.035603818828
4503,0.035463362581
4504,0.031186405578
4505,0.022303047297
4506,0.02344882622
4507,0.023595881614
4508,0.029899283049
4509,0.039963072912
4510,0.034585979896
4511,0.034955984449
4512,0.046688181141
4513,0.047086430291
4514,0.046294831572
4515,0.04176024874
4516,0.037210683288
4517,0.034309832869
4518,0.033908994377
4519,0.034718547032
4520,0.028958622781
4521,0.0177870905
4522,0.016612761017
4523,0.014179993116
4524,0.012779770775
4525,0.022111848568
4526,0.012196964042
4527,0.012819324754
4528,0.040416253386
4529,0.039044132888
4530,0.040286356567
4531,0.029026991309
4532,0.02976454368
4533,0.038568755184
4534,0.03525914013
4535,0.048827517355
4536,0.061786898155
4537,0.028345654308
4538,0.023533104266
4539,0.026356971818
4540,0.019464751215
4541,0.024330462525
4542,0.015967253195
4543,0.016335248229
4544,0.019423454204
4545,0.018569503569
4546,0.018887188259
4547,0.020132172647
4548,0.018810420126
4549,0.026632660364
4550,0.02836080466
4551,0.013800719108
4552,0.013936168313
4553,0.019369098615
4554,0.013601024463
4555,0.014267819983
4556,0.014537337967
4557,0.015062517462
4558,0.013347101025
4559,0.013133372318
4560,0.012687502126
4561,0.016306014352
4562,0.014398106827
4563,0.015066095477
4564,0.013803849664
4565,0.014309560561
4566,0.014989900676
4567,0.015351817762
4568,0.015894788981
4569,0.032362746961
4570,0.033807953745
4571,0.036560734853
4572,0.037085709079
4573,0.036435150585
4574,0.037718394767
4575,0.041731947869
4576,0.042042500112
4577,0.038017678589
4578,0.030192882447
4579,0.027140797621
4580,0.02190449264
4581,0.016791668597
4582,0.01519181487
4583,0.028393048517
4584,0.031220353917
4585,0.032562365868
4586,0.075449405743
4587,0.076897712498
4588,0.07506014706
4589,0.07469791959
4590,0.077105839437
4591,0.074017152656
4592,0.073873263558
4593,0.07377240647
4594,0.07363755628
4595,0.078224411825
4596,0.073286298747
4597,0.073348685414
4598,0.073026198936
4599,0.073095275541
4600,0.073286436152
4601,0.073147081839
4602,0.07303997796
4603,0.073502054699
4604,0.074718308768
4605,0.076814171018
4606,0.077364734559
4607,0.078502764305
4608,0.078612061186
4609,0.080108414986
4610,0.07763707724
4611,0.082035191574
4612,0.090754552678
4613,0.11381572077
4614,0.15489963251
4615,0.25603005444
4616,0.32924078556
4617,0.36343087042
4618,0.22851596234
4619,0.15858335079
4620,0.18235632823
4621,0.15561640634
4622,0.14501796704
4623,0.16950345236
4624,0.18556971826
4625,0.21085719323
4626,0.23006012009
4627,0.24944925612
4628,0.24545970329
4629,0.2545564683
4630,0.26014122513
4631,0.36449674112
4632,0.49662042291
4633,0.55590173816
4634,0.56598061172
4635,0.56944307178
4636,0.39026771376
4637,0.49060177242
4638,0.35075438976
4639,0.30536409463
4640,0.27235972807
4641,0.14469836162
4642,0.13719873311
4643,0.13122775446
4644,0.12886122727
4645,0.13053012907
4646,0.12482763679
4647,0.12616933637
4648,0.12120143678
4649,0.12312564122
4650,0.12127614043
4651,0.11629265895
4652,0.11440616391
4653,0.10999315312
4654,0.10849424133
4655,0.10354307137
4656,0.10423352315
4657,0.10131713254
4658,0.096383744507
4659,0.10410111076
4660,0.11406196613
4661,0.12459627674
4662,0.13341492841
4663,0.14663054134
4664,0.13908225747
4665,0.1587883334
4666,0.15292151859
4667,0.16792051716
4668,0.17254816254
4669,0.19284355668
4670,0.25996879067
4671,0.40037112755
4672,0.25363197727
4673,0.26623483766
4674,0.22771353614
4675,0.27295665574
4676,0.32846762967
4677,0.40051439904
4678,0.44057187361
4679,0.49993402526
4680,0.52317153324
4681,0.58457551644
4682,0.51223513068
4683,0.63926555398
4684,0.56622764431
4685,0.57809274034
4686,0.63242107239
4687,0.69880338292
4688,0.76498782317
4689,0.8212672239
4690,0.93923165122
4691,0.99549351066
4692,0.94684403041
4693,0.91562379391
4694,0.89384937772
4695,0.85920397145
4696,0.82091610001
4697,0.75745699166
4698,0.89180354594
4699,0.77963025543
4700,0.54015788491
4701,0.51740218436
4702,0.33120362289
4703,0.1997802362
4704,0.17986041036
4705,0.14739917298
4706,0.096931879948
4707,0.049922753248
4708,0.033948791616
4709,0.033214064964
4710,0.032810128117
4711,0.033784273144
4712,0.034297542587
4713,0.03595618779
4714,0.037103966229
4715,0.03767071741
4716,0.038215303987
4717,0.038815829123
4718,0.03544290553
4719,0.034549468961
4720,0.034898937833
4721,0.03529330638
4722,0.036145162986
4723,0.037025235178
4724,0.037994228009
4725,0.036944503409
4726,0.036791945001
4727,0.035991341883
4728,0.036624252594
4729,0.036400069498
4730,0.030028806245
4731,0.024221877619
4732,0.025629325321
4733,0.025973850618
4734,0.030009175909
4735,0.033713273396
4736,0.042132300058
4737,0.03950787164
4738,0.040524783797
4739,0.040446229977
4740,0.041777949616
4741,0.044112782124
4742,0.043494952921
4743,0.04783350345
4744,0.041367052974
4745,0.039844548681
4746,0.03621575414
4747,0.038716501463
4748,0.034806571142
4749,0.039415625057
4750,0.038089449831
4751,0.033902368413
4752,0.029023333598
4753,0.019678255155
4754,0.019632187348
4755,0.017065077873
4756,0.01462914476
4757,0.013783669355
4758,0.023966565198
4759,0.013814901309
4760,0.014342529567
4761,0.016386874555
4762,0.042956025263
4763,0.041390326871
4764,0.041132197438
4765,0.028917393591
4766,0.028131447205
4767,0.029071939805
4768,0.020069493156
4769,0.021285928125
4770,0.023138064398
4771,0.018851472262
4772,0.018806170382
4773,0.021630884336
4774,0.021784014418
4775,0.021167460325
4776,0.021535509895
4777,0.023596439692
4778,0.0221306236
4779,0.023001394828
4780,0.026604051482
4781,0.015746303218
4782,0.015821043725
4783,0.015680899646
4784,0.024226976926
4785,0.014976587638
4786,0.014943838346
4787,0.01583473868
4788,0.015639654773
4789,0.016105641022
4790,0.016272865482
4791,0.015634133675
4792,0.014781677933
4793,0.014855461426
4794,0.014538689205
4795,0.017671838722
4796,0.018723955147
4797,0.015804479987
4798,0.015904202967
4799,0.017660359607
4800,0.017712070844
4801,0.015378600088
4802,0.016147688061
4803,0.016166562544
4804,0.016216522595
4805,0.016323031213
4806,0.016523890072
4807,0.016726143099
4808,0.032752507625
4809,0.03398301761
4810,0.035373662507
4811,0.037683129516
4812,0.037303535565
4813,0.035478007394
4814,0.035847644955
4815,0.035155503351
4816,0.036703746496
4817,0.040830002799
4818,0.041505586011
4819,0.035354655367
4820,0.030098279119
4821,0.030780134353
4822,0.02483174722
4823,0.024994965213
4824,0.020624673061
4825,0.018975754254
4826,0.018171050939
4827,0.017450739424
4828,0.030872581989
4829,0.031105733626
4830,0.031363979537
4831,0.030122365601
4832,0.032215456877
4833,0.075320754016
4834,0.074385622377
4835,0.074274507045
4836,0.075936908797
4837,0.073840492375
4838,0.074978920246
4839,0.076013013651
4840,0.075120897997
4841,0.073082714287
4842,0.07295528468
4843,0.072723281116
4844,0.072730042766
4845,0.072890702202
4846,0.073052156437
4847,0.073082246272
4848,0.073047694312
4849,0.072969921579
4850,0.073103063051
4851,0.073225410651
4852,0.073025200685
4853,0.073050033439
4854,0.073377236403
4855,0.074195365656
4856,0.07656380201
4857,0.077355406583
4858,0.075953790978
4859,0.075257133558
4860,0.081049423631
4861,0.090375600714
4862,0.10818167737
4863,0.13491693458
4864,0.19840187191
4865,0.32211746045
4866,0.34106052137
4867,0.21497056045
4868,0.14886533559
4869,0.1200320173
4870,0.13574560224
4871,0.1251851973
4872,0.11811746502
4873,0.12550047151
4874,0.14279473829
4875,0.16558259461
4876,0.18622980738
4877,0.20651084283
4878,0.19386765414
4879,0.20522440947
4880,0.22556371658
4881,0.24033301623
4882,0.28082851713
4883,0.37440548493
4884,0.48427186722
4885,0.5679556298
4886,0.58370473289
4887,0.58511631771
4888,0.57478416307
4889,0.46468655228
4890,0.40745083002
4891,0.12370973594
4892,0.11797547214
4893,0.11842141478
4894,0.11521244499
4895,0.11782213159
4896,0.11424860787
4897,0.11093766406
4898,0.10606099834
4899,0.10544433538
4900,0.10171157245
4901,0.097794340146
4902,0.097361996236
4903,0.091702109496
4904,0.08514017916
4905,0.088907918417
4906,0.096086695998
4907,0.10622283327
4908,0.11243250742
4909,0.12021310468
4910,0.13133742684
4911,0.12621596546
4912,0.14724157743
4913,0.13738525649
4914,0.14332841214
4915,0.16230879919
4916,0.15531196591
4917,0.16435909627
4918,0.18109767275
4919,0.29847472413
4920,0.2641769133
4921,0.4119353667
4922,0.40733082487
4923,0.34241637986
4924,0.29952444023
4925,0.46746051668
4926,0.50437155739
4927,0.55006231941
4928,0.57411316879
4929,0.68453593322
4930,0.75657857832
4931,0.67048519577
4932,0.77195112475
4933,0.68193096325
4934,0.76235552854
4935,0.84601664731
4936,0.90093282946
4937,1.0736327102
4938,1.0766371895
4939,1.1587160352
4940,1.092350375
4941,1.0722424832
4942,1.0641714932
4943,1.0434808747
4944,1.0077195281
4945,0.97650148523
4946,1.1597292393
4947,1.0990459491
4948,1.0440469375
4949,0.75263479649
4950,0.71734575616
4951,0.50593199622
4952,0.28402275384
4953,0.2400939599
4954,0.19578463554
4955,0.12446337625
4956,0.060428064507
4957,0.033022691668
4958,0.031825327828
4959,0.032056091016
4960,0.031579408204
4961,0.031820642224
4962,0.032320969457
4963,0.034157367423
4964,0.037501063422
4965,0.037443493402
4966,0.037612043617
4967,0.038875675546
4968,0.033969676308
4969,0.033905855245
4970,0.033979315868
4971,0.035085925839
4972,0.035766877117
4973,0.036180908648
4974,0.0387898649
4975,0.037221016275
4976,0.03833328514
4977,0.03753906707
4978,0.03689949736
4979,0.038666748093
4980,0.03539282909
4981,0.027039889185
4982,0.026856557054
4983,0.027670505386
4984,0.028354936873
4985,0.035250776188
4986,0.03305087445
4987,0.045367408661
4988,0.054145744272
4989,0.042469101991
4990,0.044833282017
4991,0.051702885042
4992,0.045358489897
4993,0.047065738833
4994,0.043938099058
4995,0.046563439506
4996,0.040593880551
4997,0.039832208526
4998,0.042100118363
4999,0.042932741704
5000,0.04177588518
5001,0.041436874384
5002,0.043018364957
5003,0.037448841669
5004,0.041544139897
5005,0.040354172228
5006,0.033608867011
5007,0.036628457735
5008,0.030890601176
5009,0.021631043631
5010,0.020200705602
5011,0.022472793826
5012,0.016165169824
5013,0.018589253771
5014,0.014894809363
5015,0.026021539817
5016,0.015692752046
5017,0.015280371662
5018,0.017522963628
5019,0.01903919738
5020,0.031353719758
5021,0.031451299205
5022,0.03141260442
5023,0.022596727963
5024,0.021143561678
5025,0.02030204804
5026,0.021071681108
5027,0.020745869811
5028,0.023910773829
5029,0.023494726761
5030,0.022394790103
5031,0.022938444773
5032,0.024659810078
5033,0.025733707953
5034,0.025518368599
5035,0.023987912487
5036,0.021071044413
5037,0.022436691647
5038,0.01630773112
5039,0.01639021407
5040,0.016548784212
5041,0.016316936607
5042,0.01646262937
5043,0.014638249698
5044,0.029542999543
5045,0.019663498951
5046,0.015983044834
5047,0.01552916133
5048,0.016402490967
5049,0.016491917415
5050,0.016460017293
5051,0.016677110601
5052,0.016865925233
5053,0.018564984681
5054,0.016829076272
5055,0.016399991295
5056,0.015723258191
5057,0.017885661751
5058,0.017658348582
5059,0.016438098096
5060,0.016796418091
5061,0.017076838494
5062,0.017260864896
5063,0.018815983113
5064,0.018440481426
5065,0.018143648307
5066,0.016606115619
5067,0.016558064884
5068,0.016527556284
5069,0.01718289593
5070,0.017334066597
5071,0.017033195193
5072,0.017297239747
5073,0.017538350607
5074,0.033133650084
5075,0.031987189709
5076,0.033769602751
5077,0.036579554378
5078,0.03783166866
5079,0.036874828041
5080,0.035531649762
5081,0.034710061945
5082,0.033821289786
5083,0.031648475029
5084,0.034478700999
5085,0.036639888702
5086,0.040802774853
5087,0.038895621934
5088,0.032167888995
5089,0.031405434878
5090,0.0222430423
5091,0.022669546448
5092,0.022916507937
5093,0.020767997578
5094,0.021276694871
5095,0.020732631428
5096,0.031390837686
5097,0.032090317512
5098,0.031173192298
5099,0.030301720749
5100,0.030681415409
5101,0.029445302778
5102,0.029266022192
5103,0.03128198387
5104,0.03100574422
5105,0.074719068902
5106,0.074095601645
5107,0.073232220006
5108,0.073324579657
5109,0.073034629212
5110,0.072699426322
5111,0.074475774457
5112,0.074050880589
5113,0.0738113433
5114,0.071925005776
5115,0.071927285066
5116,0.071910103305
5117,0.071893280885
5118,0.072323677171
5119,0.072559924112
5120,0.072774774151
5121,0.072670008804
5122,0.072892523147
5123,0.072949531645
5124,0.072989820342
5125,0.073053548704
5126,0.072892167939
5127,0.073025682253
5128,0.072999744072
5129,0.073045041796
5130,0.073014263953
5131,0.073659072544
5132,0.074435210762
5133,0.074772238798
5134,0.0797714414
5135,0.074271057484
5136,0.087439986486
5137,0.098551235172
5138,0.11243351047
5139,0.15971215437
5140,0.29067429124
5141,0.24639923518
5142,0.22732698137
5143,0.19266638051
5144,0.1496566117
5145,0.11851471994
5146,0.09850557335
5147,0.10629866998
5148,0.10502901599
5149,0.10394252188
5150,0.11197084398
5151,0.11397145899
5152,0.12468541365
5153,0.15319899913
5154,0.18036875924
5155,0.15931065625
5156,0.17312631868
5157,0.26605029088
5158,0.28582811357
5159,0.39909507004
5160,0.50178209858
5161,0.57864062495
5162,0.59352845717
5163,0.59186014134
5164,0.56722622835
5165,0.50144394524
5166,0.4337413609
5167,0.11017039021
5168,0.11040775306
5169,0.1091385433
5170,0.1116965359
5171,0.10854149898
5172,0.10417104966
5173,0.10119982926
5174,0.10272907536
5175,0.10045422695
5176,0.09735028675
5177,0.09339785259
5178,0.093636078209
5179,0.090157831134
5180,0.084450388069
5181,0.077427147738
5182,0.080166863002
5183,0.08130931114
5184,0.084199877657
5185,0.095735698461
5186,0.10533763291
5187,0.11832280496
5188,0.11496137862
5189,0.12602219221
5190,0.1236610484
5191,0.13176350412
5192,0.15130876419
5193,0.13859379743
5194,0.14568675563
5195,0.15592481765
5196,0.16696236323
5197,0.19195239087
5198,0.43521918413
5199,0.30216356524
5200,0.37511417132
5201,0.56728316255
5202,0.47778961155
5203,0.41556561368
5204,0.48670724769
5205,0.52750622013
5206,0.5728785645
5207,0.65833979143
5208,0.64083111527
5209,0.79811732037
5210,0.90971448061
5211,1.0166464087
5212,0.89872790105
5213,0.98891447929
5214,0.84351289184
5215,0.94837358939
5216,1.0653837191
5217,1.1989928954
5218,1.2102989152
5219,1.304013758
5220,1.253784541
5221,1.2115332734
5222,1.2127485805
5223,1.2322184269
5224,1.2284409842
5225,1.1896241117
5226,1.4420401107
5227,1.4030528049
5228,1.36027149
5229,1.2788022193
5230,0.9849903283
5231,0.92970302277
5232,0.6766710139
5233,0.43748255847
5234,0.32754691991
5235,0.26272139674
5236,0.17230384552
5237,0.071718474428
5238,0.031328328331
5239,0.029427081374
5240,0.029587700577
5241,0.029384812713
5242,0.02860225269
5243,0.029690435509
5244,0.030565490679
5245,0.032392849559
5246,0.036419791922
5247,0.035620505282
5248,0.034817697676
5249,0.037614401937
5250,0.032467149443
5251,0.033983470068
5252,0.035345847939
5253,0.033998295323
5254,0.035079412587
5255,0.034860932067
5256,0.036369802314
5257,0.037023443536
5258,0.039363136832
5259,0.038770887879
5260,0.038778122652
5261,0.039333929638
5262,0.040349170225
5263,0.029212325834
5264,0.028605992092
5265,0.029559126775
5266,0.029615191904
5267,0.031880515169
5268,0.048171237251
5269,0.038576643685
5270,0.049351855129
5271,0.056431644065
5272,0.054125551919
5273,0.055364207212
5274,0.05841491011
5275,0.054529086464
5276,0.054564651146
5277,0.048095382144
5278,0.043545219303
5279,0.043836509575
5280,0.042403278629
5281,0.043745395986
5282,0.046326210516
5283,0.045340349145
5284,0.044771286196
5285,0.04483718337
5286,0.044767216004
5287,0.044139979896
5288,0.046154664622
5289,0.039468237961
5290,0.043464021557
5291,0.042731297771
5292,0.041626538223
5293,0.035978658519
5294,0.038976743917
5295,0.038004355533
5296,0.030535999888
5297,0.033912936544
5298,0.020743178965
5299,0.022363428288
5300,0.025896789274
5301,0.024750599167
5302,0.017287883134
5303,0.019429937994
5304,0.016431764433
5305,0.015215899756
5306,0.029730995187
5307,0.016622972488
5308,0.015479644753
5309,0.017748891967
5310,0.018552288155
5311,0.019386763005
5312,0.020372206963
5313,0.033182630414
5314,0.031185431493
5315,0.030826456929
5316,0.02423511909
5317,0.023544577215
5318,0.022823052916
5319,0.023620012882
5320,0.022510114415
5321,0.02201234374
5322,0.021452990492
5323,0.026446426187
5324,0.025577365015
5325,0.023586317727
5326,0.024228180022
5327,0.024547110389
5328,0.026783325887
5329,0.025469779988
5330,0.023222676712
5331,0.02243739338
5332,0.016870296291
5333,0.017093401221
5334,0.017323971454
5335,0.017509284539
5336,0.01729277208
5337,0.014558266515
5338,0.031492229058
5339,0.028663840179
5340,0.020701271096
5341,0.016468562827
5342,0.01605761677
5343,0.014928214323
5344,0.015486542597
5345,0.016830432642
5346,0.016947311838
5347,0.017138601692
5348,0.017475639655
5349,0.017175491308
5350,0.019346124713
5351,0.021076004822
5352,0.018587709732
5353,0.019889413011
5354,0.018971693313
5355,0.018712403426
5356,0.019765731613
5357,0.017058826156
5358,0.01734856134
5359,0.017582451779
5360,0.017860784268
5361,0.018218682161
5362,0.018498819762
5363,0.018656140055
5364,0.019167857059
5365,0.017371210706
5366,0.017014316928
5367,0.01698048807
5368,0.017645345196
5369,0.017757623839
5370,0.017813582165
5371,0.017783235217
5372,0.017171595524
5373,0.017267528384
5374,0.017327119265
5375,0.017644596226
5376,0.017430607398
5377,0.01781360118
5378,0.031614808864
5379,0.033694070582
5380,0.033344997412
5381,0.03402162994
5382,0.031663815814
5383,0.031968631526
5384,0.033322428272
5385,0.032628784478
5386,0.036155242417
5387,0.034303938318
5388,0.035041980146
5389,0.031757401122
5390,0.022371848568
5391,0.023816735854
5392,0.023731937126
5393,0.024172315761
5394,0.02442888775
5395,0.022579811102
5396,0.023180718343
5397,0.023264091936
5398,0.022915815714
5399,0.029504318851
5400,0.030911368894
5401,0.030839280666
5402,0.029764621515
5403,0.029969189724
5404,0.02921893775
5405,0.029618755116
5406,0.028870282763
5407,0.027300213245
5408,0.026126249151
5409,0.031021824983
5410,0.030538989755
5411,0.073492305833
5412,0.072905433433
5413,0.072302482289
5414,0.072671552755
5415,0.072422685178
5416,0.072020855052
5417,0.073619711263
5418,0.073130289765
5419,0.073388494121
5420,0.072933057568
5421,0.071130834507
5422,0.070901162241
5423,0.071182663226
5424,0.071214103002
5425,0.071355046304
5426,0.071340864758
5427,0.07175949436
5428,0.072157431719
5429,0.072522482993
5430,0.072261571594
5431,0.072403751807
5432,0.072581863827
5433,0.072829417668
5434,0.072978403564
5435,0.072843741053
5436,0.07273020453
5437,0.07274858067
5438,0.072877795335
5439,0.072515997546
5440,0.072808077037
5441,0.07325693622
5442,0.073627946073
5443,0.07367960137
5444,0.078336440327
5445,0.084098525015
5446,0.073349334213
5447,0.091160733778
5448,0.10912302985
5449,0.14012404248
5450,0.2350926928
5451,0.25706427559
5452,0.17163509585
5453,0.15972502984
5454,0.16749418296
5455,0.15160534845
5456,0.12886258562
5457,0.12717655725
5458,0.10984061142
5459,0.09424072782
5460,0.081376657224
5461,0.090313663363
5462,0.089998921626
5463,0.094635053872
5464,0.096228231266
5465,0.10444398198
5466,0.099548354792
5467,0.1066891546
5468,0.10676566333
5469,0.11267887624
5470,0.13748285156
5471,0.12111499596
5472,0.14293101666
5473,0.16078552794
5474,0.28432073582
5475,0.34500077138
5476,0.30985583486
5477,0.30511973696
5478,0.46820571451
5479,0.61812066181
5480,0.55601993957
5481,0.60762050979
5482,0.60494687005
5483,0.53938416169
5484,0.46924504165
5485,0.10347175785
5486,0.10460118876
5487,0.09833234479
5488,0.097330002392
5489,0.098407318482
5490,0.094714153655
5491,0.092644960294
5492,0.087044726916
5493,0.089299716431
5494,0.085281521373
5495,0.079874508643
5496,0.076116270388
5497,0.072318166833
5498,0.072852629848
5499,0.074163288052
5500,0.077408733239
5501,0.08191439027
5502,0.086044264117
5503,0.10358990017
5504,0.091544705527
5505,0.099308799439
5506,0.11033076765
5507,0.12185568053
5508,0.1202721502
5509,0.11568759099
5510,0.12968496239
5511,0.12789448277
5512,0.13676846798
5513,0.1441136929
5514,0.15086009326
5515,0.15721422461
5516,0.16521419922
5517,0.22820281297
5518,0.28520847075
5519,0.39562588448
5520,0.40165991178
5521,0.42984022382
5522,0.53281595981
5523,0.53722236304
5524,0.6045824657
5525,0.67420449248
5526,0.74391950937
5527,0.74810932775
5528,0.82097039741
5529,0.94823429967
5530,1.067896988
5531,1.154989852
5532,1.1178849286
5533,1.2096211759
5534,1.0910063523
5535,1.2110689291
5536,1.3406875743
5537,1.3475150219
5538,1.3523538885
5539,1.4730671181
5540,1.4109741151
5541,1.3450330436
5542,1.3561301656
5543,1.3805148075
5544,1.4236700398
5545,1.4536414271
5546,1.7338968017
5547,1.7584257958
5548,1.7007583491
5549,1.6420903853
5550,1.5353887253
5551,1.200051697
5552,1.1435373841
5553,0.84609871701
5554,0.57845995858
5555,0.45271353783
5556,0.35053638573
5557,0.23539406277
5558,0.093997969083
5559,0.034913499627
5560,0.051868974896
5561,0.040290476389
5562,0.032387110913
5563,0.027618821939
5564,0.037444600659
5565,0.029339924795
5566,0.034908003655
5567,0.030632845183
5568,0.033697805913
5569,0.033318700594
5570,0.033040004036
5571,0.035731027531
5572,0.031868074265
5573,0.040769821872
5574,0.04082362481
5575,0.033859544599
5576,0.035432005124
5577,0.033947971704
5578,0.034950440618
5579,0.038025934855
5580,0.038838357534
5581,0.041764522228
5582,0.04176148469
5583,0.03928095403
5584,0.040430989595
5585,0.043442199693
5586,0.043199745404
5587,0.034194432765
5588,0.031001260046
5589,0.030350223062
5590,0.032680591449
5591,0.036114940989
5592,0.059482826707
5593,0.054191300013
5594,0.059682377287
5595,0.057482382635
5596,0.058787873898
5597,0.065262152435
5598,0.069383024735
5599,0.062206589477
5600,0.05992703656
5601,0.056291199219
5602,0.051863047781
5603,0.047902419872
5604,0.047024781277
5605,0.047500175134
5606,0.045989221318
5607,0.046817982196
5608,0.047214076356
5609,0.049065645139
5610,0.048336429439
5611,0.04779838885
5612,0.046774471296
5613,0.04855219667
5614,0.047542870734
5615,0.047523904748
5616,0.046386942547
5617,0.04584452612
5618,0.04879208466
5619,0.041220868415
5620,0.045039275741
5621,0.043771430895
5622,0.042952337643
5623,0.037619582266
5624,0.036373454914
5625,0.040893389781
5626,0.039647290707
5627,0.038848182997
5628,0.03297624977
5629,0.035296995852
5630,0.022221427826
5631,0.023121684148
5632,0.024957580774
5633,0.027774610119
5634,0.027305520187
5635,0.018593901235
5636,0.022131471076
5637,0.016358001536
5638,0.032907467698
5639,0.030984308468
5640,0.016611300628
5641,0.015540859997
5642,0.015352554195
5643,0.018658007822
5644,0.017307853351
5645,0.01988690633
5646,0.020891050675
5647,0.029678618939
5648,0.028890777799
5649,0.0260547513
5650,0.024974256672
5651,0.024840896558
5652,0.024999490435
5653,0.024267704467
5654,0.022535083816
5655,0.021927220637
5656,0.027966636203
5657,0.028207890288
5658,0.027270744141
5659,0.02375851184
5660,0.024559872768
5661,0.024791882729
5662,0.025265095123
5663,0.024414258921
5664,0.02391580859
5665,0.017710607954
5666,0.017858806622
5667,0.017867926431
5668,0.017994362426
5669,0.017810764737
5670,0.017773867367
5671,0.017516644937
5672,0.016259885495
5673,0.028576864789
5674,0.026353631751
5675,0.02530821831
5676,0.016875531366
5677,0.016677026988
5678,0.016170082023
5679,0.014877771205
5680,0.015547983643
5681,0.015224703057
5682,0.017242077945
5683,0.017229095736
5684,0.017218509732
5685,0.017077726759
5686,0.017210714158
5687,0.017653846818
5688,0.017338613276
5689,0.017208841962
5690,0.021834915816
5691,0.021490722235
5692,0.0229486679
5693,0.021010697868
5694,0.021818863801
5695,0.019711526138
5696,0.020302435185
5697,0.021062675177
5698,0.017468231035
5699,0.017703221436
5700,0.018247973785
5701,0.018444016304
5702,0.018328910799
5703,0.018409587406
5704,0.018955122071
5705,0.019951401419
5706,0.019530558578
5707,0.017775760705
5708,0.017272509869
5709,0.017860497549
5710,0.01788030584
5711,0.017866686951
5712,0.018045911496
5713,0.018206029446
5714,0.017193243076
5715,0.017184251993
5716,0.017296273027
5717,0.017731613537
5718,0.017538107159
5719,0.017251741951
5720,0.017414885322
5721,0.017813186557
5722,0.031182201191
5723,0.033671483638
5724,0.031544674124
5725,0.030979957918
5726,0.030646322387
5727,0.031180362649
5728,0.030746510727
5729,0.032392074915
5730,0.030916279077
5731,0.032936877914
5732,0.029533700857
5733,0.023953487329
5734,0.025303665413
5735,0.025171052632
5736,0.024718573077
5737,0.024890467544
5738,0.025249063584
5739,0.024203125272
5740,0.024610935656
5741,0.024888611646
5742,0.024621174303
5743,0.024431520291
5744,0.027254809889
5745,0.027667166872
5746,0.029314312657
5747,0.028925400842
5748,0.027529968449
5749,0.028571507592
5750,0.030213086925
5751,0.030193091002
5752,0.028282836373
5753,0.026822122809
5754,0.025343940343
5755,0.026025201076
5756,0.026366997852
5757,0.027623142765
5758,0.031121948858
5759,0.032012302619
5760,0.031823851927
5761,0.072569436041
5762,0.072185014035
5763,0.071497089861
5764,0.071096143711
5765,0.071684108652
5766,0.071942586341
5767,0.071479359843
5768,0.072125442964
5769,0.071714757518
5770,0.072101323907
5771,0.072405254109
5772,0.072038347053
5773,0.072111612361
5774,0.071293316788
5775,0.070467523011
5776,0.070341340698
5777,0.069763510654
5778,0.070368647171
5779,0.070738449853
5780,0.070980016775
5781,0.070832345678
5782,0.071432840842
5783,0.071778583525
5784,0.071815376112
5785,0.071775076353
5786,0.072129620928
5787,0.072480613044
5788,0.072754744844
5789,0.072776451592
5790,0.0726114489
5791,0.072577424046
5792,0.072613970427
5793,0.072295439725
5794,0.07197130052
5795,0.072452973879
5796,0.072399795645
5797,0.074995578297
5798,0.079291394099
5799,0.072292792902
5800,0.083285622519
5801,0.093030091471
5802,0.10870827477
5803,0.13006066205
5804,0.17626160716
5805,0.26341493868
5806,0.19036001169
5807,0.15447573618
5808,0.14521604712
5809,0.13467427883
5810,0.13072381545
5811,0.14584704586
5812,0.11930599507
5813,0.11094430602
5814,0.10047166109
5815,0.087680377455
5816,0.075254091266
5817,0.068817926925
5818,0.078752159396
5819,0.077580964515
5820,0.083682588701
5821,0.089787363502
5822,0.093444275907
5823,0.10178070852
5824,0.097486037459
5825,0.10136793129
5826,0.10107277156
5827,0.10930151237
5828,0.1160466213
5829,0.13047600858
5830,0.12602364443
5831,0.13774304748
5832,0.14580661876
5833,0.17745371322
5834,0.27772844065
5835,0.37148365616
5836,0.43854803912
5837,0.31056644007
5838,0.36502461854
5839,0.35355149616
5840,0.64307076682
5841,0.64883174254
5842,0.56139094092
5843,0.63129879974
5844,0.62432951098
5845,0.5626338204
5846,0.082728660076
5847,0.10010613876
5848,0.091832204585
5849,0.084610212677
5850,0.087271820776
5851,0.083072209388
5852,0.084915622268
5853,0.081805852318
5854,0.08318863066
5855,0.083126191909
5856,0.084805622615
5857,0.081505286779
5858,0.077532145603
5859,0.074366893431
5860,0.071673596737
5861,0.06987635246
5862,0.07072068801
5863,0.070481825313
5864,0.075421714913
5865,0.073314786926
5866,0.074565765142
5867,0.083040918119
5868,0.084760559874
5869,0.10578169126
5870,0.083200876657
5871,0.097316042665
5872,0.089847382204
5873,0.1030319021
5874,0.11520303091
5875,0.11093209384
5876,0.12664112019
5877,0.11976076577
5878,0.12563509117
5879,0.13479206067
5880,0.1325083871
5881,0.14258721854
5882,0.15093466698
5883,0.15922744442
5884,0.20378259586
5885,0.28634104963
5886,0.28482963747
5887,0.21172549042
5888,0.3858033951
5889,0.55783045024
5890,0.60400812757
5891,0.70755227997
5892,0.78522400544
5893,0.85044313784
5894,0.94662406223
5895,1.0910239239
5896,1.188195306
5897,1.3019866869
5898,1.2508796086
5899,1.3558748703
5900,1.318986879
5901,1.4560649114
5902,1.6424126065
5903,1.5224284234
5904,1.5574826053
5905,1.695515563
5906,1.6977682409
5907,1.5560179469
5908,1.4833076736
5909,1.5450042121
5910,1.601772214
5911,1.6701614287
5912,1.9626246267
5913,2.1046026367
5914,2.0876708482
5915,1.9723962559
5916,2.0381891079
5917,2.0731276877
5918,1.4820953051
5919,1.3875170653
5920,1.0349907699
5921,0.71629551325
5922,0.56845333506
5923,0.45069116505
5924,0.32837682808
5925,0.14920969958
5926,0.051045762456
5927,0.04101088661
5928,0.026067619265
5929,0.025341858733
5930,0.032357601078
5931,0.033482642207
5932,0.036901220016
5933,0.05020418381
5934,0.075355833519
5935,0.10072044751
5936,0.056390230701
5937,0.026910118234
5938,0.0456224718
5939,0.03612750306
5940,0.039992033524
5941,0.041879946521
5942,0.043857049593
5943,0.043452208326
5944,0.057626721193
5945,0.053494064896
5946,0.04199739912
5947,0.049108566072
5948,0.048621271009
5949,0.03400443778
5950,0.053057210248
5951,0.053647319328
5952,0.063722416968
5953,0.075384507763
5954,0.067177273534
5955,0.072427215383
5956,0.072946144568
5957,0.070420929457
5958,0.077698946608
5959,0.075628161847
5960,0.075526509901
5961,0.069227871256
5962,0.059169095812
5963,0.056847938493
5964,0.052861211717
5965,0.050755304447
5966,0.049053264254
5967,0.05061327086
5968,0.048916896966
5969,0.05083502839
5970,0.049678293449
5971,0.052060346498
5972,0.051042383986
5973,0.050411034173
5974,0.050083238297
5975,0.048752081395
5976,0.051654501974
5977,0.050706475199
5978,0.049810971848
5979,0.049939833174
5980,0.04872359452
5981,0.048623686714
5982,0.047148316149
5983,0.050900242396
5984,0.042622249172
5985,0.046733871373
5986,0.044943840549
5987,0.044159456119
5988,0.037844207612
5989,0.036847248195
5990,0.041938926755
5991,0.040996317065
5992,0.039124051848
5993,0.040459457732
5994,0.035043225513
5995,0.036155187975
5996,0.024426386577
5997,0.02472284613
5998,0.025538696976
5999,0.025875856578
6000,0.027607894006
6001,0.029243086016
6002,0.029029215439
6003,0.029847614226
6004,0.020851648317
6005,0.023042760191
6006,0.024287699751
6007,0.016131456594
6008,0.035180287965
6009,0.03360069617
6010,0.031279628303
6011,0.032903240714
6012,0.014779503716
6013,0.015393049859
6014,0.015404400243
6015,0.015806088234
6016,0.018180039792
6017,0.014712592236
6018,0.030861497593
6019,0.029348085796
6020,0.028261296187
6021,0.027210148317
6022,0.02610898628
6023,0.025689728167
6024,0.025342939208
6025,0.02483959043
6026,0.02271068831
6027,0.029038955192
6028,0.030954749481
6029,0.030189015884
6030,0.029890659427
6031,0.023522701379
6032,0.02456339099
6033,0.025199240843
6034,0.024425776588
6035,0.024249679922
6036,0.02462714622
6037,0.01798542177
6038,0.018006966034
6039,0.017965376494
6040,0.018083250294
6041,0.01789553225
6042,0.017831294631
6043,0.017566873938
6044,0.01732406551
6045,0.018008239221
6046,0.028916511014
6047,0.026402785587
6048,0.023626970199
6049,0.019709615722
6050,0.020273157916
6051,0.014759558384
6052,0.01649622945
6053,0.015784776319
6054,0.014781679702
6055,0.015114922253
6056,0.015403878888
6057,0.015529790308
6058,0.015331952708
6059,0.017409720461
6060,0.017589761061
6061,0.017068322517
6062,0.017712803192
6063,0.01740452652
6064,0.017570262547
6065,0.017536920265
6066,0.017401561881
6067,0.017625498252
6068,0.018835548309
6069,0.017559046297
6070,0.017569638944
6071,0.023084990316
6072,0.022744106909
6073,0.022592904262
6074,0.023927892625
6075,0.02171116209
6076,0.022209533041
6077,0.022577057932
6078,0.020481066972
6079,0.021056052671
6080,0.021682079305
6081,0.017767659539
6082,0.018320204381
6083,0.018273041242
6084,0.018415167759
6085,0.018409154433
6086,0.018383150774
6087,0.018406056572
6088,0.018376982193
6089,0.018927016938
6090,0.018591256931
6091,0.019359071148
6092,0.020061639711
6093,0.020556308846
6094,0.019743494003
6095,0.018281711602
6096,0.018301549129
6097,0.017186400919
6098,0.017829329047
6099,0.017986059706
6100,0.01847013223
6101,0.018548124533
6102,0.018684343667
6103,0.018864026156
6104,0.018733595122
6105,0.017181789547
6106,0.01726910198
6107,0.017241886095
6108,0.01786887701
6109,0.018013366711
6110,0.017916391052
6111,0.018244320523
6112,0.017333751202
6113,0.017529400177
6114,0.032162020341
6115,0.032225430042
6116,0.032735619625
6117,0.029767604622
6118,0.030078141525
6119,0.029926642795
6120,0.03064325589
6121,0.030861672318
6122,0.031171345443
6123,0.031565613768
6124,0.031009889563
6125,0.030329315505
6126,0.029513749915
6127,0.030791360555
6128,0.03058954946
6129,0.024876110134
6130,0.025869972443
6131,0.025759295111
6132,0.025425281577
6133,0.025155452031
6134,0.025522207002
6135,0.026034491922
6136,0.025899849056
6137,0.025383638011
6138,0.02571735284
6139,0.025720538927
6140,0.025510851065
6141,0.024601284979
6142,0.025245498439
6143,0.028657108433
6144,0.026467882976
6145,0.026669045615
6146,0.028303638475
6147,0.02738911889
6148,0.026114922739
6149,0.02541037997
6150,0.032106957145
6151,0.031631915523
6152,0.029161539476
6153,0.027609185672
6154,0.028099810869
6155,0.024500668068
6156,0.025048534305
6157,0.02578292003
6158,0.026921608129
6159,0.027805966286
6160,0.032987825425
6161,0.032744022041
6162,0.033058155729
6163,0.071833530161
6164,0.071328505338
6165,0.071019671153
6166,0.071244949373
6167,0.071380115302
6168,0.071589055164
6169,0.071639519526
6170,0.070153074121
6171,0.070714486375
6172,0.070730249915
6173,0.071166649422
6174,0.071148018981
6175,0.071483185545
6176,0.071787857509
6177,0.071926727018
6178,0.07186504956
6179,0.071865871994
6180,0.072012248861
6181,0.071191252262
6182,0.069835049912
6183,0.069861626494
6184,0.06914989897
6185,0.069628756885
6186,0.069962740299
6187,0.070361881547
6188,0.069932979814
6189,0.070406865316
6190,0.071254153919
6191,0.071391276345
6192,0.072162342033
6193,0.071774559664
6194,0.071981016782
6195,0.072428887296
6196,0.072664874615
6197,0.071896044101
6198,0.072026168319
6199,0.072309380885
6200,0.070594170714
6201,0.071402077113
6202,0.071069359593
6203,0.072378159144
6204,0.070787587404
6205,0.075129522218
6206,0.080455547657
6207,0.086890663175
6208,0.094231516802
6209,0.1051319767
6210,0.12288363876
6211,0.14918195846
6212,0.25544506386
6213,0.22569132358
6214,0.13454378954
6215,0.12248573681
6216,0.1282523898
6217,0.12255149286
6218,0.12086930972
6219,0.11728022339
6220,0.10705629246
6221,0.095342801363
6222,0.083895930791
6223,0.073108081067
6224,0.066803224864
6225,0.063474355764
6226,0.069158629985
6227,0.069038917973
6228,0.074000151191
6229,0.07679671368
6230,0.083305111254
6231,0.086474542372
6232,0.091701392371
6233,0.095978971589
6234,0.099341984929
6235,0.10571373066
6236,0.12080168741
6237,0.11419546005
6238,0.13251999358
6239,0.15597124945
6240,0.15183404151
6241,0.17949614609
6242,0.13852880232
6243,0.17700843004
6244,0.25745690041
6245,0.4569656664
6246,0.44214788624
6247,0.58220317219
6248,0.4159953544
6249,0.48434902058
6250,0.48963549756
6251,0.68419543208
6252,0.73288797738
6253,0.66346641538
6254,0.64943925136
6255,0.075459820691
6256,0.073053064194
6257,0.075052447633
6258,0.085756631145
6259,0.072816058862
6260,0.077257217627
6261,0.08204449511
6262,0.079085242484
6263,0.077278376139
6264,0.075518089078
6265,0.072127552003
6266,0.069574002944
6267,0.069128524905
6268,0.069064483851
6269,0.06862215116
6270,0.069805970402
6271,0.068685945939
6272,0.072622364664
6273,0.072283718364
6274,0.070520992731
6275,0.073531608611
6276,0.079131831628
6277,0.10798033739
6278,0.076202990862
6279,0.076377638887
6280,0.082390930091
6281,0.10350539938
6282,0.095151542476
6283,0.10068609686
6284,0.091557820397
6285,0.086135146864
6286,0.11918207334
6287,0.11459325572
6288,0.13186524945
6289,0.12442677977
6290,0.13041152194
6291,0.14021667166
6292,0.13719387731
6293,0.14796503803
6294,0.15678481169
6295,0.27686132953
6296,0.29672220332
6297,0.24711846657
6298,0.2918925325
6299,0.34275981684
6300,0.55584602386
6301,0.7117669824
6302,0.77513086433
6303,0.83993006836
6304,1.021199427
6305,1.2071042279
6306,1.357148806
6307,1.51814381
6308,1.7031537442
6309,1.4230206383
6310,1.5612625433
6311,1.4789693956
6312,1.6330799424
6313,1.876088043
6314,1.7368502416
6315,2.0940594412
6316,1.8767178573
6317,1.9968657587
6318,2.029966326
6319,1.7604860385
6320,1.6397471789
6321,1.7421467838
6322,1.883095333
6323,2.1329215835
6324,2.2410809056
6325,2.4394037926
6326,2.4351502433
6327,2.3619262596
6328,2.6014446241
6329,2.8482961897
6330,2.4871431463
6331,1.8910467768
6332,1.6019435217
6333,1.1742637424
6334,0.83433834349
6335,0.69974499777
6336,0.57075700101
6337,0.41065764491
6338,0.18480334081
6339,0.027638839422
6340,0.029549859944
6341,0.030869839116
6342,0.09771666248
6343,0.076422153247
6344,0.029229043278
6345,0.029248536796
6346,0.042976865934
6347,0.046391141399
6348,0.059709345882
6349,0.077727530775
6350,0.099334375162
6351,0.1053255032
6352,0.10860737394
6353,0.10229129081
6354,0.074630223386
6355,0.075030702941
6356,0.069905598281
6357,0.086437885525
6358,0.10317483926
6359,0.11373886469
6360,0.085225088177
6361,0.084330714807
6362,0.085109548217
6363,0.082746511422
6364,0.081474920253
6365,0.087126010113
6366,0.078844809295
6367,0.073107360105
6368,0.065534527221
6369,0.062346469292
6370,0.055733344966
6371,0.054308140992
6372,0.052363135927
6373,0.054038494581
6374,0.052280088048
6375,0.05424837925
6376,0.053512101733
6377,0.05577650016
6378,0.054170374448
6379,0.053404334656
6380,0.052727230307
6381,0.055181747878
6382,0.053199090667
6383,0.051932336013
6384,0.052208025505
6385,0.05094454491
6386,0.051685134178
6387,0.04939167893
6388,0.053145072011
6389,0.043758294868
6390,0.049501589887
6391,0.047218768375
6392,0.045709474965
6393,0.045358957915
6394,0.038222465376
6395,0.036951771124
6396,0.04322768095
6397,0.042547041823
6398,0.040096413886
6399,0.042037575281
6400,0.036510230969
6401,0.02568791608
6402,0.026303960671
6403,0.026463266038
6404,0.026814555568
6405,0.027841914627
6406,0.028717014531
6407,0.029705161307
6408,0.030734814093
6409,0.031967937802
6410,0.031065648457
6411,0.036643487134
6412,0.035371408964
6413,0.034495147422
6414,0.03298927818
6415,0.03413985428
6416,0.016015013114
6417,0.018596986853
6418,0.017274966645
6419,0.015873541727
6420,0.02990718481
6421,0.028488524686
6422,0.032108451399
6423,0.029301665837
6424,0.027213624641
6425,0.026511394805
6426,0.0262586462
6427,0.025861127302
6428,0.025812778529
6429,0.025288640928
6430,0.024970715942
6431,0.021455740364
6432,0.02236043693
6433,0.040578148922
6434,0.03654708024
6435,0.022930280382
6436,0.024592585343
6437,0.024240740988
6438,0.024494418561
6439,0.024917777043
6440,0.01800091614
6441,0.018236712287
6442,0.018258615632
6443,0.018370873607
6444,0.018340575684
6445,0.01821195678
6446,0.018092345874
6447,0.017938668269
6448,0.017711099922
6449,0.017907896989
6450,0.017583221418
6451,0.014554187108
6452,0.014504117302
6453,0.030528877828
6454,0.027760763231
6455,0.029410878811
6456,0.023818108026
6457,0.020215382045
6458,0.022008272513
6459,0.019473136998
6460,0.015453793992
6461,0.021281520871
6462,0.015709342059
6463,0.014439351171
6464,0.01458439549
6465,0.014739054494
6466,0.014944886768
6467,0.015254617502
6468,0.015092404598
6469,0.015032440456
6470,0.015372120978
6471,0.017839390897
6472,0.017634481189
6473,0.017884238959
6474,0.016380186393
6475,0.018026562486
6476,0.017653602755
6477,0.017724440335
6478,0.01770550597
6479,0.017610120812
6480,0.02354508297
6481,0.023163533409
6482,0.022913194835
6483,0.024168423608
6484,0.022134181162
6485,0.022618354057
6486,0.022478281566
6487,0.022939352535
6488,0.021098294286
6489,0.02160679536
6490,0.02203908196
6491,0.021859773707
6492,0.018593889324
6493,0.018585792457
6494,0.018533946545
6495,0.018434276654
6496,0.018403877438
6497,0.018381733066
6498,0.018471353976
6499,0.018574162633
6500,0.018851988165
6501,0.019293703762
6502,0.019593633889
6503,0.020054140107
6504,0.020527942739
6505,0.021118066904
6506,0.018763497773
6507,0.017364141943
6508,0.018501312357
6509,0.018760917022
6510,0.018886938164
6511,0.018658475627
6512,0.018672317565
6513,0.01879266748
6514,0.018684058602
6515,0.01692753228
6516,0.017076996347
6517,0.017325627416
6518,0.018695026987
6519,0.030824814398
6520,0.029815291533
6521,0.029586908222
6522,0.02981708037
6523,0.030080587494
6524,0.030939015413
6525,0.0309839859
6526,0.030452186461
6527,0.031175655859
6528,0.031649533628
6529,0.031442294882
6530,0.031195136242
6531,0.029617629453
6532,0.031519734632
6533,0.031932984172
6534,0.030840351533
6535,0.025364643002
6536,0.026438372885
6537,0.026141252102
6538,0.025829777792
6539,0.025475666304
6540,0.025262841889
6541,0.025490114211
6542,0.025735489665
6543,0.026367383004
6544,0.026818106105
6545,0.026712084352
6546,0.026088241871
6547,0.026408470885
6548,0.026440494054
6549,0.026238057507
6550,0.025934763132
6551,0.024855455624
6552,0.025498541855
6553,0.031455538425
6554,0.032940441566
6555,0.030545607888
6556,0.028302830249
6557,0.026869428989
6558,0.026882433358
6559,0.024203672447
6560,0.033162982649
6561,0.032890722426
6562,0.031855601644
6563,0.030357931262
6564,0.028133473899
6565,0.027746712589
6566,0.026646546446
6567,0.027819706998
6568,0.02702614636
6569,0.024364768205
6570,0.024744850293
6571,0.02455760409
6572,0.025602991127
6573,0.026230125177
6574,0.026949011525
6575,0.027572017235
6576,0.033588522578
6577,0.03400072995
6578,0.071653251977
6579,0.071513881852
6580,0.071262526377
6581,0.071084537596
6582,0.071356194855
6583,0.072459819663
6584,0.072825984894
6585,0.072282099462
6586,0.072018071979
6587,0.072153126856
6588,0.072332122762
6589,0.068533855303
6590,0.069092862459
6591,0.069169866854
6592,0.069688760409
6593,0.070071709833
6594,0.070813060602
6595,0.07162300681
6596,0.071743566819
6597,0.07192340871
6598,0.071945354749
6599,0.071788467538
6600,0.072374659987
6601,0.072035338349
6602,0.071292504061
6603,0.070658257355
6604,0.069441911443
6605,0.069436377864
6606,0.069477405748
6607,0.069852081395
6608,0.070395058666
6609,0.071409956447
6610,0.071862995819
6611,0.071852753746
6612,0.072131792702
6613,0.071971471879
6614,0.070038103618
6615,0.069725438303
6616,0.070732590053
6617,0.06996292309
6618,0.071081821797
6619,0.072935199038
6620,0.069484974782
6621,0.074794946756
6622,0.078302732236
6623,0.081891151641
6624,0.086299248462
6625,0.09368447692
6626,0.10125982385
6627,0.11238904237
6628,0.12712372763
6629,0.21131522405
6630,0.25462992607
6631,0.15663116156
6632,0.12072336946
6633,0.10146755967
6634,0.11230451385
6635,0.11100730799
6636,0.10675395529
6637,0.11216447497
6638,0.10968070345
6639,0.10234946532
6640,0.094807888383
6641,0.084469075435
6642,0.074704601472
6643,0.065828452498
6644,0.064273408398
6645,0.061752685716
6646,0.059944942096
6647,0.062845150386
6648,0.063881486157
6649,0.067049045071
6650,0.07139756372
6651,0.080659129608
6652,0.077352299182
6653,0.072662399308
6654,0.085126456129
6655,0.09076143377
6656,0.095126653919
6657,0.098396847681
6658,0.10457777925
6659,0.1323609785
6660,0.11284589731
6661,0.1525052147
6662,0.15762664824
6663,0.18279606124
6664,0.17094356544
6665,0.1713246146
6666,0.18294603163
6667,0.23430414215
6668,0.34917764642
6669,0.76467330428
6670,0.62813512293
6671,0.76331893313
6672,0.47489929351
6673,0.55961320579
6674,0.7010019739
6675,0.75459309272
6676,0.071265951532
6677,0.068125048085
6678,0.071542618049
6679,0.075787706334
6680,0.073813504827
6681,0.071280613941
6682,0.069675254649
6683,0.068198816969
6684,0.068155381206
6685,0.067261302153
6686,0.068446486124
6687,0.065568992553
6688,0.064285359091
6689,0.064071482881
6690,0.062499573686
6691,0.068371111277
6692,0.069597818274
6693,0.072936292548
6694,0.071936628359
6695,0.11161983438
6696,0.10728619409
6697,0.072056382983
6698,0.077471058161
6699,0.086752935611
6700,0.10527176248
6701,0.095636822859
6702,0.10534068019
6703,0.10078301338
6704,0.090953443135
6705,0.093421176371
6706,0.094622424732
6707,0.12303072415
6708,0.11951431953
6709,0.11630810621
6710,0.13769955613
6711,0.12797898838
6712,0.13632713299
6713,0.14376685682
6714,0.14985926955
6715,0.29514869925
6716,0.27947041138
6717,0.3063289576
6718,0.28532389825
6719,0.41596290223
6720,0.61515719663
6721,0.72544050895
6722,0.83620221534
6723,0.98509114263
6724,1.2821282589
6725,1.5245602695
6726,1.6146966478
6727,1.9224060175
6728,2.0561304504
6729,1.9079037797
6730,1.9548509218
6731,1.7672304006
6732,1.9268524476
6733,2.28469379
6734,2.1339364785
6735,1.8586484007
6736,1.9704479382
6737,2.1259728011
6738,2.2886759327
6739,2.3085108693
6740,2.4555764116
6741,2.663022208
6742,2.7061447736
6743,2.7508083552
6744,3.0704296471
6745,3.3901158605
6746,3.2040419806
6747,2.756059632
6748,2.0938267836
6749,1.6372277991
6750,1.1987214321
6751,0.951245263
6752,0.76338929228
6753,0.57239180452
6754,0.29866166955
6755,0.03055814536
6756,0.032474891657
6757,0.033471536536
6758,0.040764088164
6759,0.031169325736
6760,0.075406810789
6761,0.078623061435
6762,0.090902799896
6763,0.089639654525
6764,0.098361191866
6765,0.12074338972
6766,0.13749334069
6767,0.11828007405
6768,0.11084168653
6769,0.10247096475
6770,0.096598970475
6771,0.098215946309
6772,0.10560776406
6773,0.090648818133
6774,0.079074169479
6775,0.070315523901
6776,0.069251757106
6777,0.059173158728
6778,0.057911998092
6779,0.056123799285
6780,0.057981970655
6781,0.055673140331
6782,0.057035191705
6783,0.05591309502
6784,0.056855229413
6785,0.058958984307
6786,0.06025039848
6787,0.057973590414
6788,0.056603475106
6789,0.055851642522
6790,0.058582183149
6791,0.056054360016
6792,0.058429981209
6793,0.054219042895
6794,0.054571403694
6795,0.053476212566
6796,0.054449422282
6797,0.051925522318
6798,0.055417782116
6799,0.045124914553
6800,0.051842980833
6801,0.049355565487
6802,0.047462964944
6803,0.046824723951
6804,0.046796111023
6805,0.037752930896
6806,0.039396231169
6807,0.044639065828
6808,0.043855325965
6809,0.041602369512
6810,0.043807224265
6811,0.037443828018
6812,0.034342854765
6813,0.03466890401
6814,0.036802166915
6815,0.038014091137
6816,0.036043336699
6817,0.035431307136
6818,0.034489548381
6819,0.035432277208
6820,0.017824597195
6821,0.024087758762
6822,0.024843424477
6823,0.020790433672
6824,0.021495953392
6825,0.020435586983
6826,0.029047750046
6827,0.041308554456
6828,0.034693675635
6829,0.029656552332
6830,0.027706320033
6831,0.027004728389
6832,0.026767200173
6833,0.026605021475
6834,0.026513290996
6835,0.026229637523
6836,0.026569404829
6837,0.02575742711
6838,0.025215672797
6839,0.021479339788
6840,0.021835289854
6841,0.057478441056
6842,0.024517532943
6843,0.024080291755
6844,0.024388421297
6845,0.024675894135
6846,0.024986111059
6847,0.01840318651
6848,0.018476298804
6849,0.018415564275
6850,0.018252201526
6851,0.018089623175
6852,0.018034615661
6853,0.017855794587
6854,0.017956945829
6855,0.018017134757
6856,0.017434670403
6857,0.015768227272
6858,0.018311792654
6859,0.016113388336
6860,0.031391979035
6861,0.033858720259
6862,0.028070924514
6863,0.022886007651
6864,0.029870514404
6865,0.023679826746
6866,0.022251396069
6867,0.022665001323
6868,0.020580213297
6869,0.021423045511
6870,0.013912841033
6871,0.012818948837
6872,0.013843384659
6873,0.014752001329
6874,0.014864826432
6875,0.015045722018
6876,0.015183429108
6877,0.01601618343
6878,0.016242196137
6879,0.01462901145
6880,0.014896550435
6881,0.023534863728
6882,0.023157595692
6883,0.023106084628
6884,0.023160666366
6885,0.024405644109
6886,0.02377002898
6887,0.02230172873
6888,0.022807557316
6889,0.022582112784
6890,0.023193022254
6891,0.023061701553
6892,0.021532042627
6893,0.021744745512
6894,0.021927902265
6895,0.022022551819
6896,0.022223194707
6897,0.018813373766
6898,0.01871893754
6899,0.018794061286
6900,0.018710152453
6901,0.016866532072
6902,0.016259862107
6903,0.030451317813
6904,0.030460123957
6905,0.029465273092
6906,0.029218726978
6907,0.029361298224
6908,0.02949486702
6909,0.029627502048
6910,0.031164193923
6911,0.030133489147
6912,0.03208283628
6913,0.032114649491
6914,0.030371250501
6915,0.031754164656
6916,0.031622063236
6917,0.031065022883
6918,0.031513942391
6919,0.033841700651
6920,0.031333166192
6921,0.031823115253
6922,0.029611392142
6923,0.026092111505
6924,0.026821716835
6925,0.026590616404
6926,0.026247608657
6927,0.025852166292
6928,0.025537713101
6929,0.025427133701
6930,0.025333563677
6931,0.025782350417
6932,0.025301036874
6933,0.025852588713
6934,0.026340990215
6935,0.026740984089
6936,0.026924715242
6937,0.026989285453
6938,0.026569636223
6939,0.026476046994
6940,0.026935210587
6941,0.026990473501
6942,0.026810006586
6943,0.026452515995
6944,0.026035747648
6945,0.02496621885
6946,0.025317970714
6947,0.025704653411
6948,0.03183315385
6949,0.034178784285
6950,0.034544489927
6951,0.032825817943
6952,0.030925719932
6953,0.028561485221
6954,0.027643493641
6955,0.033945445953
6956,0.033029186936
6957,0.032198412953
6958,0.031171540987
6959,0.029909374089
6960,0.028866586102
6961,0.029347122886
6962,0.029270181822
6963,0.026804861228
6964,0.026093781433
6965,0.028973355971
6966,0.027851102897
6967,0.027535192735
6968,0.024839274295
6969,0.025846470687
6970,0.0254593456
6971,0.026066523543
6972,0.025890889601
6973,0.025992530381
6974,0.026243720826
6975,0.026612572686
6976,0.027588082412
6977,0.071713578312
6978,0.072088723965
6979,0.072076990007
6980,0.071794520536
6981,0.071869909358
6982,0.071296335044
6983,0.072063927673
6984,0.072727993547
6985,0.073049716361
6986,0.072858177022
6987,0.072563187652
6988,0.072576946738
6989,0.072708554818
6990,0.067476727747
6991,0.068141201729
6992,0.067950718176
6993,0.068562197893
6994,0.068100146828
6995,0.068918856773
6996,0.069735007751
6997,0.070940015584
6998,0.072131165816
6999,0.072398502604
7000,0.07206185597
7001,0.072192454715
7002,0.072236873882
7003,0.072450912321
7004,0.072145300697
7005,0.071711377747
7006,0.072012831853
7007,0.070702785362
7008,0.076018715804
7009,0.071954147135
7010,0.071458540046
7011,0.071474032793
7012,0.075690489229
7013,0.069526990562
7014,0.069903365354
7015,0.069362289087
7016,0.070267850329
7017,0.069182069572
7018,0.069041531477
7019,0.069325786402
7020,0.069096855269
7021,0.070896910262
7022,0.071943413279
7023,0.073186935719
7024,0.068596799358
7025,0.074978097749
7026,0.077274301232
7027,0.080404898537
7028,0.084471455558
7029,0.091168475078
7030,0.10103934906
7031,0.095560563821
7032,0.10767833096
7033,0.12458581808
7034,0.13546115084
7035,0.17814062549
7036,0.2560746307
7037,0.20045522189
7038,0.14185031431
7039,0.12203748794
7040,0.10729312187
7041,0.09163234581
7042,0.088106300783
7043,0.099719183894
7044,0.096917416578
7045,0.087665441447
7046,0.079601737992
7047,0.069706012248
7048,0.066765918143
7049,0.064977219559
7050,0.064107090226
7051,0.06231717723
7052,0.060377963914
7053,0.058852645884
7054,0.05832439551
7055,0.059010643033
7056,0.061212038012
7057,0.068963374601
7058,0.064674927034
7059,0.081982478033
7060,0.074922826977
7061,0.080232220278
7062,0.077947796139
7063,0.071130726974
7064,0.085018458419
7065,0.088943317146
7066,0.09609605584
7067,0.094132997961
7068,0.10251857329
7069,0.11275360268
7070,0.11402362417
7071,0.12419188441
7072,0.12650964012
7073,0.11820977786
7074,0.16474018911
7075,0.1983418871
7076,0.25034588579
7077,0.28876411387
7078,0.4415600263
7079,0.93441629133
7080,1.0431579006
7081,1.0691616056
7082,0.57815330974
7083,0.71237567327
7084,0.88422075408
7085,0.8463715972
7086,0.87355015156
7087,0.071088571525
7088,0.069631533252
7089,0.070706946816
7090,0.072558482334
7091,0.071169066276
7092,0.070242133224
7093,0.068395109916
7094,0.068536021673
7095,0.067158769586
7096,0.066496135281
7097,0.065975716194
7098,0.06449174243
7099,0.064384811375
7100,0.063224780924
7101,0.059915789765
7102,0.06452439157
7103,0.076175908216
7104,0.077363029906
7105,0.084940846714
7106,0.093672917487
7107,0.080116428726
7108,0.070326949399
7109,0.10922880748
7110,0.11532362478
7111,0.073187243289
7112,0.079836816119
7113,0.094633397841
7114,0.09388868917
7115,0.099325228556
7116,0.097914563015
7117,0.094742329133
7118,0.11055109262
7119,0.10575292171
7120,0.10192409592
7121,0.091970510789
7122,0.091757113556
7123,0.09660090089
7124,0.098287049381
7125,0.12413868828
7126,0.12022017771
7127,0.1550987896
7128,0.12991079234
7129,0.18705392537
7130,0.16129013698
7131,0.22133878506
7132,0.31453786936
7133,0.46753321282
7134,0.5808537883
7135,0.6509445491
7136,0.73800631326
7137,1.0647366984
7138,1.7467713934
7139,2.2226848802
7140,2.2830618633
7141,2.2192351987
7142,2.3008347652
7143,2.2420633678
7144,2.3361655089
7145,2.4377031348
7146,2.4919353661
7147,2.4544207124
7148,2.6342414958
7149,2.8483093111
7150,2.9165370469
7151,3.0133903625
7152,3.3724258417
7153,2.2571659631
7154,1.8522954263
7155,1.3752968083
7156,0.99523895909
7157,0.70224916061
7158,0.53689207471
7159,0.032909943544
7160,0.034782219767
7161,0.038920268085
7162,0.046505051357
7163,0.077492479354
7164,0.10521617247
7165,0.13510522789
7166,0.12422538951
7167,0.12821461666
7168,0.14611228214
7169,0.15823038348
7170,0.16088531715
7171,0.17240829836
7172,0.12539248125
7173,0.11831291232
7174,0.12182219228
7175,0.14301394398
7176,0.13513331733
7177,0.11418235148
7178,0.08968477205
7179,0.077821872326
7180,0.081184907369
7181,0.065903675694
7182,0.061509593757
7183,0.059937450256
7184,0.061401497943
7185,0.059352027225
7186,0.060320553659
7187,0.05834571862
7188,0.060070621453
7189,0.062222062388
7190,0.06413719077
7191,0.062750102982
7192,0.06071143699
7193,0.059452115656
7194,0.062216801663
7195,0.061170238679
7196,0.056872688231
7197,0.05944017377
7198,0.060839430981
7199,0.05672713324
7200,0.055891103625
7201,0.056967311936
7202,0.054198382984
7203,0.056054490235
7204,0.057409996514
7205,0.04641712223
7206,0.054148466851
7207,0.051759777336
7208,0.049520763833
7209,0.048369803474
7210,0.048267366184
7211,0.048198413344
7212,0.038271952827
7213,0.039378147492
7214,0.041168292979
7215,0.045763054238
7216,0.043437123397
7217,0.045770104719
7218,0.036643624237
7219,0.037923592973
7220,0.036238076713
7221,0.0377987407
7222,0.037450577429
7223,0.039757111625
7224,0.038990330265
7225,0.03682824144
7226,0.036549056069
7227,0.037205623558
7228,0.023614512528
7229,0.023633930276
7230,0.026296171309
7231,0.028247259156
7232,0.029268480488
7233,0.025742457756
7234,0.020236774873
7235,0.02384108587
7236,0.051484219626
7237,0.042500766577
7238,0.037148562153
7239,0.029100842354
7240,0.027145978466
7241,0.027306322909
7242,0.026880239201
7243,0.026734510906
7244,0.026743133624
7245,0.02690756331
7246,0.026735671864
7247,0.027391362627
7248,0.02755889861
7249,0.026512432616
7250,0.02575757361
7251,0.025235774789
7252,0.084012572549
7253,0.077034917147
7254,0.064267469744
7255,0.024585253168
7256,0.023732188456
7257,0.022730550002
7258,0.021672198799
7259,0.02340187782
7260,0.024485650736
7261,0.024848867883
7262,0.018079055855
7263,0.016591695126
7264,0.024337259118
7265,0.026577954987
7266,0.025399026557
7267,0.02279596848
7268,0.025539873107
7269,0.022541164499
7270,0.014268838926
7271,0.01393930864
7272,0.014673801577
7273,0.015429432723
7274,0.016821407528
7275,0.016398386504
7276,0.023161051803
7277,0.023099482125
7278,0.023240483196
7279,0.023227112514
7280,0.024046909869
7281,0.02477910507
7282,0.023448999594
7283,0.022874456724
7284,0.018537125827
7285,0.018655559778
7286,0.018440123355
7287,0.016426612817
7288,0.016613598686
7289,0.029536365077
7290,0.029833776695
7291,0.029386137647
7292,0.029220359547
7293,0.029624172187
7294,0.029633167007
7295,0.02891462064
7296,0.031800146659
7297,0.030066175432
7298,0.030493695845
7299,0.032741953777
7300,0.032833227337
7301,0.03456166497
7302,0.034969162911
7303,0.033985037662
7304,0.034555113403
7305,0.035050585614
7306,0.026158321105
7307,0.026388173778
7308,0.026766326203
7309,0.02665581808
7310,0.026989645316
7311,0.027186368369
7312,0.027115836414
7313,0.026916769376
7314,0.026754433124
7315,0.026258533037
7316,0.026525558612
7317,0.025957412705
7318,0.025599816816
7319,0.025310396776
7320,0.031454514374
7321,0.02667853174
7322,0.025182834302
7323,0.027427550234
7324,0.025022447662
7325,0.028257014799
7326,0.0280480936
7327,0.028322666605
7328,0.026441051734
7329,0.028309336768
7330,0.026011472695
7331,0.026417325002
7332,0.026489088995
7333,0.026298679921
7334,0.026011042931
7335,0.026146694269
7336,0.026534320357
7337,0.02808491354
7338,0.072708310647
7339,0.072635560464
7340,0.072439131932
7341,0.072770844408
7342,0.072395123869
7343,0.072439747184
7344,0.072356521495
7345,0.072709321812
7346,0.073166690133
7347,0.073408056146
7348,0.075486373592
7349,0.072813360046
7350,0.072760756954
7351,0.067370034358
7352,0.066533768063
7353,0.06711051305
7354,0.067937587071
7355,0.067403623296
7356,0.068183056288
7357,0.067197240271
7358,0.068042300851
7359,0.068620249945
7360,0.069983713581
7361,0.071195904103
7362,0.071703846954
7363,0.072590810666
7364,0.073074369754
7365,0.072978282462
7366,0.07309633377
7367,0.073032695483
7368,0.072794149126
7369,0.073073592611
7370,0.073135762954
7371,0.074082475471
7372,0.072853382227
7373,0.071942101488
7374,0.072666698846
7375,0.075148588787
7376,0.086645239759
7377,0.069535009017
7378,0.069201093117
7379,0.069722158981
7380,0.069999155046
7381,0.068867264822
7382,0.068808393264
7383,0.068630886068
7384,0.068622274027
7385,0.068924992278
7386,0.068538837359
7387,0.070778029136
7388,0.071851399258
7389,0.072679120264
7390,0.07446593841
7391,0.073555031593
7392,0.068248070199
7393,0.075525269833
7394,0.076629183938
7395,0.0769076284
7396,0.078829838488
7397,0.080484776189
7398,0.083815082751
7399,0.089015329623
7400,0.11536258819
7401,0.10437788134
7402,0.11193353961
7403,0.093650633397
7404,0.12516521822
7405,0.14107953592
7406,0.16109048191
7407,0.23655280117
7408,0.23012411977
7409,0.1504335285
7410,0.12603027217
7411,0.10686450612
7412,0.10028544397
7413,0.085084065457
7414,0.081001820075
7415,0.07614947825
7416,0.072020374767
7417,0.069646744332
7418,0.067151270432
7419,0.065095079588
7420,0.064224882662
7421,0.061645322641
7422,0.059303308634
7423,0.058485667267
7424,0.05716300928
7425,0.057512846584
7426,0.05801879717
7427,0.057535295112
7428,0.057679071128
7429,0.058507870167
7430,0.061333870148
7431,0.06715951129
7432,0.062718768776
7433,0.083015595407
7434,0.073978640438
7435,0.077510413886
7436,0.081713601413
7437,0.079803867665
7438,0.07083353022
7439,0.085659212549
7440,0.09082540593
7441,0.095568659856
7442,0.10157755938
7443,0.10183999073
7444,0.11137175301
7445,0.11597244558
7446,0.11885371698
7447,0.12598364962
7448,0.18361436534
7449,0.14351962077
7450,0.23367923023
7451,0.30021422779
7452,0.35692528009
7453,0.4648327111
7454,0.56587543557
7455,1.1321195982
7456,0.71465829512
7457,0.82114852105
7458,1.0018029649
7459,0.91689306101
7460,0.9467516135
7461,1.0637363661
7462,0.071873065921
7463,0.074778297987
7464,0.068312641204
7465,0.068453948293
7466,0.066486279919
7467,0.068789485805
7468,0.067523165505
7469,0.066800993263
7470,0.065696672768
7471,0.065088884709
7472,0.064719520662
7473,0.064956208469
7474,0.064277792942
7475,0.063882844161
7476,0.062134050752
7477,0.063028877701
7478,0.067985165381
7479,0.074537920703
7480,0.084273024267
7481,0.091035694459
7482,0.095169904498
7483,0.0930116431
7484,0.096076202305
7485,0.086644319009
7486,0.078244136588
7487,0.077876131271
7488,0.070326957337
7489,0.07045095101
7490,0.12112174303
7491,0.1172162454
7492,0.073567635219
7493,0.076959396526
7494,0.087220334781
7495,0.10087271246
7496,0.10345416053
7497,0.098475638469
7498,0.098230367509
7499,0.09742514564
7500,0.09877589538
7501,0.097055836927
7502,0.1112927491
7503,0.10625583128
7504,0.10133311618
7505,0.095533705393
7506,0.09129160043
7507,0.095946387259
7508,0.092118531829
7509,0.09689009891
7510,0.098735869309
7511,0.12439202189
7512,0.13000044999
7513,0.26336951985
7514,0.18644126556
7515,0.27398317773
7516,0.28448672351
7517,0.40019043507
7518,0.55028482602
7519,0.6518468247
7520,0.91999317345
7521,1.2025387349
7522,2.6109252875
7523,2.7932998638
7524,3.0556976283
7525,3.1389067494
7526,3.1838376535
7527,1.6440829404
7528,1.174547118
7529,0.95926391217
7530,0.85669440598
7531,0.038735831722
7532,0.043844309608
7533,0.048786771486
7534,0.052069810909
7535,0.12234336885
7536,0.12963442458
7537,0.13200519437
7538,0.13953055442
7539,0.16365964068
7540,0.17018650768
7541,0.18836950565
7542,0.15417991688
7543,0.16081843068
7544,0.17727526924
7545,0.17773360902
7546,0.16267789635
7547,0.13489216141
7548,0.11000085411
7549,0.093538323194
7550,0.10051155545
7551,0.09272970833
7552,0.074997874833
7553,0.064739166574
7554,0.063361397975
7555,0.065638174037
7556,0.062873584251
7557,0.062593748027
7558,0.061543430695
7559,0.063538343705
7560,0.0661949906
7561,0.067852655516
7562,0.067082157406
7563,0.065574566484
7564,0.063817582168
7565,0.066003503708
7566,0.064390899352
7567,0.063278439766
7568,0.059682189825
7569,0.062229525013
7570,0.062581319765
7571,0.058691125689
7572,0.057926607293
7573,0.058616999887
7574,0.058103960744
7575,0.056267559448
7576,0.047845830199
7577,0.056256326873
7578,0.054062135579
7579,0.051720309955
7580,0.050023012659
7581,0.049314374805
7582,0.049860658318
7583,0.049491166465
7584,0.041537238235
7585,0.041604903154
7586,0.043374630768
7587,0.04780095999
7588,0.045614551747
7589,0.047938636731
7590,0.039059020366
7591,0.040557181229
7592,0.040785274437
7593,0.038069034856
7594,0.038900487777
7595,0.039454075994
7596,0.038213398659
7597,0.040513626461
7598,0.042221386962
7599,0.039749258838
7600,0.038010392202
7601,0.038408498693
7602,0.039061938583
7603,0.025403524876
7604,0.025504910184
7605,0.028272968649
7606,0.029426253396
7607,0.030130766936
7608,0.031433505626
7609,0.030753684078
7610,0.028056230697
7611,0.058259257903
7612,0.046000834897
7613,0.042816989975
7614,0.026924738618
7615,0.026795935007
7616,0.026925476368
7617,0.027338877105
7618,0.027627990219
7619,0.027296631151
7620,0.028155451584
7621,0.026617932869
7622,0.02744076785
7623,0.025637631992
7624,0.093238779479
7625,0.08830967351
7626,0.083348469428
7627,0.074745591781
7628,0.064901243773
7629,0.024479638384
7630,0.023208784673
7631,0.024058198206
7632,0.023233278987
7633,0.019994935475
7634,0.019444131161
7635,0.017279351956
7636,0.016281703461
7637,0.026128539402
7638,0.028834247722
7639,0.026119048011
7640,0.025182314999
7641,0.025920899341
7642,0.031704864775
7643,0.030907753955
7644,0.016351520358
7645,0.017472286908
7646,0.016215734414
7647,0.017099504507
7648,0.018235037091
7649,0.017556990393
7650,0.018454091393
7651,0.022918467546
7652,0.023022415447
7653,0.023924923509
7654,0.024991472731
7655,0.022559762835
7656,0.018461116491
7657,0.018679169975
7658,0.018660055551
7659,0.018848505063
7660,0.016400402394
7661,0.016531785118
7662,0.029282432587
7663,0.029507496573
7664,0.028789146225
7665,0.026345785973
7666,0.027303441738
7667,0.03219299418
7668,0.030741812213
7669,0.03062060892
7670,0.034559346005
7671,0.036255667935
7672,0.036790476475
7673,0.040088744336
7674,0.035685216372
7675,0.035354449741
7676,0.037127707186
7677,0.034274168765
7678,0.028198316008
7679,0.025374990981
7680,0.025053754648
7681,0.025270329257
7682,0.024807204909
7683,0.029019206698
7684,0.034091235772
7685,0.034000601669
7686,0.026344030158
7687,0.030944692661
7688,0.032204860364
7689,0.026954496232
7690,0.026872600587
7691,0.0262759573
7692,0.026535181199
7693,0.028017543662
7694,0.028940106746
7695,0.073492455972
7696,0.073432579299
7697,0.072936020624
7698,0.073599092666
7699,0.073572164074
7700,0.072882691708
7701,0.07281531037
7702,0.073046934129
7703,0.073153013293
7704,0.073474239696
7705,0.081145447447
7706,0.077290392969
7707,0.067270276193
7708,0.067387553378
7709,0.067093131381
7710,0.067751366882
7711,0.066789514713
7712,0.066479855691
7713,0.066322643617
7714,0.066776678999
7715,0.067898757883
7716,0.066599538267
7717,0.067434247409
7718,0.067910554139
7719,0.068731460783
7720,0.06964431546
7721,0.070595725076
7722,0.071147639553
7723,0.072199951037
7724,0.072087174167
7725,0.072845024687
7726,0.073171551845
7727,0.073516155837
7728,0.073307213777
7729,0.073267612575
7730,0.073168148093
7731,0.073212574681
7732,0.073431002053
7733,0.073685246389
7734,0.073585413938
7735,0.073930342061
7736,0.078608825764
7737,0.069664948158
7738,0.069173557903
7739,0.069837685746
7740,0.068586589089
7741,0.070005181165
7742,0.068283992619
7743,0.068499730248
7744,0.068289604462
7745,0.068279915565
7746,0.06805106847
7747,0.068446710294
7748,0.068130693128
7749,0.070468728048
7750,0.071448586329
7751,0.072281407744
7752,0.072961063729
7753,0.075866602394
7754,0.074933390341
7755,0.074412176996
7756,0.067829029492
7757,0.076824155789
7758,0.077922550879
7759,0.078835979845
7760,0.079395351724
7761,0.081491942088
7762,0.082189435821
7763,0.086838129226
7764,0.087928448961
7765,0.092070875613
7766,0.12700679623
7767,0.11764928635
7768,0.12535885414
7769,0.11099151647
7770,0.10688644161
7771,0.10104772091
7772,0.12008341384
7773,0.12380337671
7774,0.12951798421
7775,0.15327038977
7776,0.18600240596
7777,0.22474384965
7778,0.15830914162
7779,0.11717406363
7780,0.10092645658
7781,0.092298610796
7782,0.08967411557
7783,0.079657963835
7784,0.076651149948
7785,0.073979144757
7786,0.071383013777
7787,0.068978401319
7788,0.066521290667
7789,0.063103548055
7790,0.063705875537
7791,0.062040552355
7792,0.060419432824
7793,0.05946810799
7794,0.059154883369
7795,0.058064180149
7796,0.058102242306
7797,0.057262582649
7798,0.056565023717
7799,0.056686272417
7800,0.056854384433
7801,0.056804230442
7802,0.057472098506
7803,0.056866423776
7804,0.057083066289
7805,0.060204566356
7806,0.057932881092
7807,0.056420110487
7808,0.064682780296
7809,0.067813027841
7810,0.06233930791
7811,0.060415196948
7812,0.077784242638
7813,0.074421273842
7814,0.087159688519
7815,0.082638797312
7816,0.07997323653
7817,0.071026327137
7818,0.088378151744
7819,0.095854673466
7820,0.10022877232
7821,0.10552593524
7822,0.11265591722
7823,0.11890583971
7824,0.12467221686
7825,0.24991072135
7826,0.12947951703
7827,0.23464366775
7828,0.33674116869
7829,0.42904012387
7830,0.55027935391
7831,0.66495935231
7832,1.2371823145
7833,0.76984726175
7834,0.87792721845
7835,0.99647659763
7836,1.0773987071
7837,1.2185595767
7838,0.075229813388
7839,0.06703814856
7840,0.067650124736
7841,0.066076748198
7842,0.065574018339
7843,0.065305653997
7844,0.065048751635
7845,0.065409599356
7846,0.064521655576
7847,0.065048371675
7848,0.06775134308
7849,0.070753508247
7850,0.069692586474
7851,0.068812070907
7852,0.0837014828
7853,0.084473782242
7854,0.088273357325
7855,0.086484039365
7856,0.090319553378
7857,0.08497219328
7858,0.088352360961
7859,0.10214953453
7860,0.10477132721
7861,0.10298500782
7862,0.093016143114
7863,0.081573408204
7864,0.08163576697
7865,0.12436251587
7866,0.12225992932
7867,0.079097369426
7868,0.079497827747
7869,0.089563594348
7870,0.094266724412
7871,0.10853664776
7872,0.10559210656
7873,0.10514390528
7874,0.10277965955
7875,0.099387422775
7876,0.099097394342
7877,0.10097992593
7878,0.12180062481
7879,0.13028458359
7880,0.10635025631
7881,0.09940946051
7882,0.09477169919
7883,0.090311310782
7884,0.094856791529
7885,0.09011732555
7886,0.098540598014
7887,0.095621350287
7888,0.17113587699
7889,0.32467629289
7890,0.28731584227
7891,0.38724989417
7892,0.41199246176
7893,0.62937920811
7894,0.83321269051
7895,1.0717663992
7896,1.30298936
7897,1.490624792
7898,1.3101791043
7899,0.89753130542
7900,0.9493308103
7901,0.044600367694
7902,0.049789824945
7903,0.05161843612
7904,0.05502991399
7905,0.15011308965
7906,0.13700523011
7907,0.14384309501
7908,0.15581156041
7909,0.14971602033
7910,0.15885290913
7911,0.17995404757
7912,0.20257624864
7913,0.2072522402
7914,0.20072315911
7915,0.19999400377
7916,0.19121489167
7917,0.15669297089
7918,0.13110271715
7919,0.10873755541
7920,0.11784051649
7921,0.11022149036
7922,0.076531596946
7923,0.067469934352
7924,0.066800585446
7925,0.068580764511
7926,0.066523528492
7927,0.06452649846
7928,0.064243768067
7929,0.064002160189
7930,0.067364744735
7931,0.069622751297
7932,0.070610562243
7933,0.070207845585
7934,0.069944653565
7935,0.067679227066
7936,0.069544672434
7937,0.067971547282
7938,0.066578209994
7939,0.064944811346
7940,0.063109416769
7941,0.06095485519
7942,0.065777625533
7943,0.059605665958
7944,0.059979916869
7945,0.059473437875
7946,0.0582071211
7947,0.049800637847
7948,0.057798657299
7949,0.056427249692
7950,0.053918184526
7951,0.051996288054
7952,0.050895616427
7953,0.052751924785
7954,0.051587146659
7955,0.043486536394
7956,0.043686553105
7957,0.045834246058
7958,0.04998787087
7959,0.048399050806
7960,0.050177875371
7961,0.040612387878
7962,0.040036044669
7963,0.041361538506
7964,0.042614618138
7965,0.042345373874
7966,0.039983675348
7967,0.040322353774
7968,0.03951115554
7969,0.04110782355
7970,0.042230054356
7971,0.043606545294
7972,0.041421807979
7973,0.039895640243
7974,0.040125778544
7975,0.040575018484
7976,0.0303351228
7977,0.031318086247
7978,0.031822261805
7979,0.032575421877
7980,0.032785801412
7981,0.028800358598
7982,0.029144734576
7983,0.027660486271
7984,0.026649273918
7985,0.025566903561
7986,0.026508311474
7987,0.098670511408
7988,0.093775551266
7989,0.091636732127
7990,0.084266048105
7991,0.022826045904
7992,0.01557483491
7993,0.015655845456
7994,0.015296843336
7995,0.013924527943
7996,0.015752865695
7997,0.016933164049
7998,0.016325790091
7999,0.016478598801
8000,0.016521666566
8001,0.027651760823
8002,0.027392326347
8003,0.03049512193
8004,0.027011598362
8005,0.026886491062
8006,0.031238503458
8007,0.034029366053
8008,0.034885796512
8009,0.035896726373
8010,0.017923472787
8011,0.017849524533
8012,0.01954433504
8013,0.019209703948
8014,0.019033031526
8015,0.019634686085
8016,0.020066643099
8017,0.020683584658
8018,0.022314301663
8019,0.022398971113
8020,0.02222025188
8021,0.018777522479
8022,0.019017384651
8023,0.01901679646
8024,0.016520979884
8025,0.016378429368
8026,0.029669476457
8027,0.028945779922
8028,0.027693802734
8029,0.025644852574
8030,0.031305823835
8031,0.034228978234
8032,0.029514551686
8033,0.030646477124
8034,0.044870348962
8035,0.042147685565
8036,0.036094515238
8037,0.038763842583
8038,0.042621648923
8039,0.04109976073
8040,0.032169823939
8041,0.031500143459
8042,0.044124094766
8043,0.03669373327
8044,0.032225089549
8045,0.03013207637
8046,0.028245662157
8047,0.024990067617
8048,0.026709939631
8049,0.027380268952
8050,0.025637059518
8051,0.024294231733
8052,0.024144046184
8053,0.029221879184
8054,0.03723592248
8055,0.041172950112
8056,0.034492158858
8057,0.028409305006
8058,0.03821418526
8059,0.035939858804
8060,0.037754870485
8061,0.029331986486
8062,0.031015438032
8063,0.031336512452
8064,0.074182918861
8065,0.074178764679
8066,0.074368709844
8067,0.074161353903
8068,0.074468382165
8069,0.073878394085
8070,0.073322067245
8071,0.066753319338
8072,0.067048587712
8073,0.067416692125
8074,0.066637262142
8075,0.066364073087
8076,0.066638291099
8077,0.066592458585
8078,0.066091454289
8079,0.067501917909
8080,0.066564949656
8081,0.067256009078
8082,0.067430121271
8083,0.068100657718
8084,0.068999565772
8085,0.070073744213
8086,0.071343532828
8087,0.07199494378
8088,0.072954995453
8089,0.073526457884
8090,0.073734100669
8091,0.073824147352
8092,0.073936633916
8093,0.073685976859
8094,0.0734527355
8095,0.073370750104
8096,0.073777081137
8097,0.073421500499
8098,0.073570540478
8099,0.0739564102
8100,0.073978546633
8101,0.074241893363
8102,0.074275140822
8103,0.06966436062
8104,0.070029913324
8105,0.069221970065
8106,0.068155161801
8107,0.068034499058
8108,0.067480880049
8109,0.067981541881
8110,0.067896729085
8111,0.067762303232
8112,0.067505157873
8113,0.067659696775
8114,0.071054306629
8115,0.070371937612
8116,0.072025337514
8117,0.072984934726
8118,0.0736065833
8119,0.078245915895
8120,0.07892933333
8121,0.07648797826
8122,0.076739535621
8123,0.074331034368
8124,0.067526720186
8125,0.082131578043
8126,0.080573315285
8127,0.084571847475
8128,0.087057470818
8129,0.083729406898
8130,0.087211869416
8131,0.086162182365
8132,0.08983927856
8133,0.09181039734
8134,0.093639615625
8135,0.10027483298
8136,0.12215451343
8137,0.12184038781
8138,0.12224401513
8139,0.12602861921
8140,0.11745764265
8141,0.1159972728
8142,0.11097482764
8143,0.11992635768
8144,0.11707164686
8145,0.13142574506
8146,0.12781923849
8147,0.17242829944
8148,0.16546333735
8149,0.12325316324
8150,0.10549793478
8151,0.092552176958
8152,0.087340558434
8153,0.083321045225
8154,0.079173688487
8155,0.076724204162
8156,0.074859129183
8157,0.07300719986
8158,0.070394442897
8159,0.067134539377
8160,0.065483601741
8161,0.061848778848
8162,0.060501055114
8163,0.06140288907
8164,0.060646379541
8165,0.060453006483
8166,0.059670394203
8167,0.059026233765
8168,0.058406503266
8169,0.058346999609
8170,0.058121230632
8171,0.057238448814
8172,0.05714723841
8173,0.057290150406
8174,0.056576143458
8175,0.056485238886
8176,0.056223488415
8177,0.056495118275
8178,0.056346233483
8179,0.056416095384
8180,0.056246155908
8181,0.056270392905
8182,0.056377168154
8183,0.056364422647
8184,0.056265939649
8185,0.058235963112
8186,0.055905623741
8187,0.06278509171
8188,0.065330005408
8189,0.067850387059
8190,0.060602775277
8191,0.077684936183
8192,0.073323446386
8193,0.07650640188
8194,0.088671884589
8195,0.084791918962
8196,0.0816714998
8197,0.079031381048
8198,0.070589412725
8199,0.092293719698
8200,0.098164608731
8201,0.10386314616
8202,0.10786302599
8203,0.11533167441
8204,0.12643291033
8205,0.34526778916
8206,0.15014864571
8207,0.26453068488
8208,0.34722919161
8209,0.44245576484
8210,0.53822246979
8211,0.64308466792
8212,0.74297853604
8213,0.86311603867
8214,0.99244227164
8215,1.1429011045
8216,1.1326443775
8217,1.1978472533
8218,0.070262905286
8219,0.065820578371
8220,0.066629229599
8221,0.065758489983
8222,0.065115501312
8223,0.065518452338
8224,0.065958936488
8225,0.065853480312
8226,0.067603721789
8227,0.06895008362
8228,0.0685881511
8229,0.07039278354
8230,0.070471603379
8231,0.071143319977
8232,0.064985696647
8233,0.065169878819
8234,0.070019955252
8235,0.072799600572
8236,0.080428728628
8237,0.088823003875
8238,0.098290584166
8239,0.10775109953
8240,0.1014131992
8241,0.1063456783
8242,0.11287193945
8243,0.11561467035
8244,0.1026445964
8245,0.090671057693
8246,0.087086477153
8247,0.091678312956
8248,0.16321644421
8249,0.22843286794
8250,0.08793008671
8251,0.088220548219
8252,0.095791215504
8253,0.10291805787
8254,0.10907729644
8255,0.11910424419
8256,0.11902975762
8257,0.12555030936
8258,0.11740402877
8259,0.1186428666
8260,0.11215708325
8261,0.129190643
8262,0.10332827556
8263,0.1002812168
8264,0.10061166349
8265,0.09767123076
8266,0.10017460309
8267,0.10071079573
8268,0.21871037445
8269,0.22461919314
8270,0.14294661312
8271,0.10390793707
8272,0.098540754438
8273,0.096327358708
8274,0.088313937201
8275,0.093668262809
8276,0.094370534943
8277,0.32744804684
8278,0.50742001323
8279,0.73123451841
8280,0.91145262978
8281,1.1950865629
8282,1.2251898769
8283,0.82917133384
8284,0.49370842995
8285,0.058751216372
8286,0.059745552446
8287,0.078355084152
8288,0.16613554657
8289,0.18033234089
8290,0.17606622451
8291,0.18524014135
8292,0.17730586611
8293,0.18189579865
8294,0.20498215814
8295,0.1790596032
8296,0.2340386327
8297,0.14936299055
8298,0.13073762068
8299,0.13407308084
8300,0.1250881436
8301,0.11118257167
8302,0.08945871148
8303,0.069578837452
8304,0.073105567945
8305,0.069195960585
8306,0.065640464834
8307,0.068166634998
8308,0.066030406919
8309,0.068191040395
8310,0.070201615494
8311,0.071355388838
8312,0.07272046962
8313,0.072552328544
8314,0.073404135902
8315,0.07114610152
8316,0.071937586758
8317,0.071191914065
8318,0.069900986354
8319,0.068245044521
8320,0.066239440588
8321,0.063528551744
8322,0.061284676223
8323,0.068419602341
8324,0.061427572399
8325,0.060594844533
8326,0.059904550301
8327,0.059044939583
8328,0.052503735945
8329,0.058822507222
8330,0.055821537346
8331,0.058129017824
8332,0.05413266372
8333,0.05267434787
8334,0.054742641999
8335,0.056395211833
8336,0.055323813065
8337,0.047068013754
8338,0.046213490518
8339,0.045103361943
8340,0.049580318655
8341,0.052396253268
8342,0.051357769527
8343,0.052971627863
8344,0.041016298933
8345,0.042862033099
8346,0.044346990987
8347,0.043681739309
8348,0.041733179065
8349,0.041205284516
8350,0.042442342306
8351,0.04384195871
8352,0.045026898463
8353,0.043412399085
8354,0.043077591261
8355,0.041279551343
8356,0.041368031284
8357,0.031106728864
8358,0.031799028607
8359,0.032117685442
8360,0.035204176362
8361,0.035615608054
8362,0.032724968198
8363,0.031480363644
8364,0.025578855072
8365,0.10574656058
8366,0.1024489809
8367,0.097145675613
8368,0.099167184494
8369,0.094051902766
8370,0.022743269258
8371,0.013794097837
8372,0.014000684785
8373,0.013481695587
8374,0.012766364921
8375,0.021674937367
8376,0.019362942731
8377,0.016274750507
8378,0.016689010297
8379,0.016770357448
8380,0.031719494651
8381,0.030215020837
8382,0.036018347907
8383,0.027666529533
8384,0.029996684273
8385,0.03006158552
8386,0.031934441326
8387,0.036951367621
8388,0.038828859395
8389,0.038440353431
8390,0.034958403887
8391,0.019511274213
8392,0.019058959492
8393,0.020042087812
8394,0.023989784155
8395,0.022436516583
8396,0.021263412855
8397,0.0207454939
8398,0.021611645254
8399,0.021189467308
8400,0.022348917687
8401,0.022295450272
8402,0.022076243085
8403,0.022449081813
8404,0.022045010468
8405,0.019149294621
8406,0.019214139419
8407,0.019163194403
8408,0.01651567596
8409,0.016441368341
8410,0.016359108697
8411,0.016281476362
8412,0.027790034585
8413,0.028691991899
8414,0.026375373998
8415,0.025079279641
8416,0.032151376326
8417,0.037701779281
8418,0.029815772101
8419,0.030541792144
8420,0.045619515944
8421,0.043322834513
8422,0.039163665606
8423,0.040221562489
8424,0.037092522012
8425,0.034795464227
8426,0.038406400781
8427,0.043274731024
8428,0.041154833171
8429,0.031693224349
8430,0.029812652587
8431,0.02753446685
8432,0.025565166719
8433,0.027337379861
8434,0.027653627407
8435,0.028137015229
8436,0.031303078257
8437,0.029844658874
8438,0.024963690573
8439,0.029342484055
8440,0.031243827899
8441,0.038197992741
8442,0.040330786229
8443,0.037570780203
8444,0.037633039222
8445,0.032365432655
8446,0.032980232066
8447,0.074406351343
8448,0.074558442089
8449,0.074747878436
8450,0.074528027788
8451,0.075543451308
8452,0.075653837105
8453,0.074418802963
8454,0.065884934071
8455,0.066231573357
8456,0.066674897105
8457,0.067035691443
8458,0.065734813814
8459,0.065621131872
8460,0.066181086741
8461,0.066075814679
8462,0.066268989398
8463,0.067174393683
8464,0.066412220782
8465,0.065899653901
8466,0.067068662131
8467,0.068027889871
8468,0.06806439093
8469,0.069118028299
8470,0.070151572879
8471,0.07147971172
8472,0.072559379635
8473,0.072535037551
8474,0.072961877967
8475,0.073508170655
8476,0.073679632838
8477,0.074207163293
8478,0.074238923675
8479,0.074065208522
8480,0.074075575531
8481,0.074103334197
8482,0.073781269486
8483,0.073832586718
8484,0.07415744282
8485,0.073918219065
8486,0.073775558876
8487,0.074014420655
8488,0.074254734709
8489,0.074372285371
8490,0.07028534467
8491,0.06986847788
8492,0.070351354567
8493,0.068124656057
8494,0.067560591901
8495,0.067637678172
8496,0.067253781779
8497,0.066692686782
8498,0.067043895463
8499,0.067499587599
8500,0.067192975696
8501,0.067202253272
8502,0.067039085527
8503,0.067354518589
8504,0.072540658959
8505,0.071247354691
8506,0.072582952628
8507,0.073567387237
8508,0.081170699153
8509,0.080775502264
8510,0.078516668549
8511,0.078243124217
8512,0.07524547694
8513,0.085388279184
8514,0.084156397103
8515,0.085321084199
8516,0.089105985242
8517,0.089885327869
8518,0.099623704495
8519,0.090180741229
8520,0.099145937944
8521,0.091550002715
8522,0.1012092762
8523,0.095168059773
8524,0.096944369394
8525,0.11115353316
8526,0.10347560403
8527,0.11774704473
8528,0.1214115954
8529,0.11625192206
8530,0.12023944448
8531,0.1213121334
8532,0.12996210045
8533,0.12043337914
8534,0.1110827194
8535,0.1075412299
8536,0.11866434535
8537,0.1107125706
8538,0.10678184168
8539,0.13383937456
8540,0.14906554426
8541,0.12063233049
8542,0.10374658939
8543,0.093356676939
8544,0.086661113822
8545,0.08143996414
8546,0.082354220888
8547,0.08325936058
8548,0.080795356802
8549,0.077538073399
8550,0.075871533621
8551,0.073020349485
8552,0.071282368751
8553,0.068132912221
8554,0.065195101694
8555,0.064436979083
8556,0.062081133141
8557,0.060077674425
8558,0.059126702078
8559,0.058899239339
8560,0.059362411847
8561,0.060095385928
8562,0.059488486081
8563,0.058597712647
8564,0.057952505717
8565,0.058041748141
8566,0.057603757853
8567,0.057864403679
8568,0.057476661662
8569,0.057764574044
8570,0.057112923284
8571,0.056358749088
8572,0.056462024341
8573,0.056706674914
8574,0.056135147285
8575,0.056322162026
8576,0.056243197266
8577,0.056110175883
8578,0.056372353888
8579,0.05652724034
8580,0.056065927445
8581,0.055799351378
8582,0.055833146431
8583,0.056002324706
8584,0.056084925888
8585,0.056016844132
8586,0.055391607865
8587,0.056438801341
8588,0.056906935321
8589,0.058689788695
8590,0.05555933015
8591,0.060461802391
8592,0.061417528828
8593,0.064470768837
8594,0.066987153524
8595,0.072372313452
8596,0.075098928742
8597,0.077590625545
8598,0.08644793488
8599,0.090733288
8600,0.082503172418
8601,0.084130102564
8602,0.08009919628
8603,0.069763828973
8604,0.094267474005
8605,0.09880097769
8606,0.10333602691
8607,0.10727674751
8608,0.11594854847
8609,0.12850262709
8610,0.4554600966
8611,0.15867603368
8612,0.34482522951
8613,0.28200112996
8614,0.43117957997
8615,0.5266276587
8616,0.63684864792
8617,0.71858620427
8618,0.81624988353
8619,0.92875868608
8620,1.0510464328
8621,1.1142108214
8622,1.1914022478
8623,1.1654005804
8624,0.066021007952
8625,0.061712988389
8626,0.064640725487
8627,0.065663412869
8628,0.067604742526
8629,0.063422125453
8630,0.067365637218
8631,0.067191506099
8632,0.065036183519
8633,0.066598870044
8634,0.068708431237
8635,0.068582240454
8636,0.069761559344
8637,0.071435319986
8638,0.071653645015
8639,0.067419747417
8640,0.061847844085
8641,0.064075413129
8642,0.064204229886
8643,0.08142322815
8644,0.088651057399
8645,0.099320678618
8646,0.11427562911
8647,0.12834896724
8648,0.11947199756
8649,0.13245294963
8650,0.14067319261
8651,0.10107646298
8652,0.14386975687
8653,0.099871148804
8654,0.66576575633
8655,0.66659429799
8656,0.10560829656
8657,0.094460414322
8658,0.10321942829
8659,0.11965162429
8660,0.12141048524
8661,0.11338152608
8662,0.11184852417
8663,0.11564766959
8664,0.10903611079
8665,0.098478532915
8666,0.10073126088
8667,0.10274132622
8668,0.10294372391
8669,0.10150493837
8670,0.097875879949
8671,0.098905608123
8672,0.10151643272
8673,0.10013305217
8674,0.10261325283
8675,0.18690468966
8676,0.12608549321
8677,0.18401514072
8678,0.092240473443
8679,0.15659147771
8680,0.087208386696
8681,0.094805023098
8682,0.093193534558
8683,0.93437152635
8684,1.1048030727
8685,1.0669484632
8686,0.89872534839
8687,0.079606021947
8688,0.082022513439
8689,0.16435417198
8690,0.18181481995
8691,0.17095306218
8692,0.16827508481
8693,0.18285313629
8694,0.22253612274
8695,0.20182962273
8696,0.1598172282
8697,0.21652780857
8698,0.14548466452
8699,0.12300417793
8700,0.12279259073
8701,0.12854906832
8702,0.097396859152
8703,0.067617844085
8704,0.073400196064
8705,0.073608623849
8706,0.073289024827
8707,0.070176867724
8708,0.071845706513
8709,0.069866359929
8710,0.069033158327
8711,0.066439981356
8712,0.063461259633
8713,0.070452335825
8714,0.063817206597
8715,0.061906770441
8716,0.060821374661
8717,0.060397970223
8718,0.055539660908
8719,0.060841963972
8720,0.056677982703
8721,0.059750373934
8722,0.057861585047
8723,0.059637373218
8724,0.059349306858
8725,0.05912705685
8726,0.049142664148
8727,0.05066731532
8728,0.047327923705
8729,0.049583790294
8730,0.046786068592
8731,0.052742735966
8732,0.054940655986
8733,0.054414654232
8734,0.056892993228
8735,0.040893325801
8736,0.042163787036
8737,0.044091804531
8738,0.042305818731
8739,0.042639562186
8740,0.044284278143
8741,0.045521656767
8742,0.045927938755
8743,0.044281099937
8744,0.0445396905
8745,0.044435182712
8746,0.042241287561
8747,0.033585456163
8748,0.035197812691
8749,0.036812769966
8750,0.03952410687
8751,0.0381623753
8752,0.035870279977
8753,0.034519517268
8754,0.11106069913
8755,0.10960039171
8756,0.1062901837
8757,0.10325153237
8758,0.098568326269
8759,0.013226871018
8760,0.01324647437
8761,0.012881730518
8762,0.01291579209
8763,0.013230166708
8764,0.016917753469
8765,0.017107685496
8766,0.028552007357
8767,0.032373814345
8768,0.032317874544
8769,0.031913362383
8770,0.040740994493
8771,0.038823511992
8772,0.039875566769
8773,0.037139600577
8774,0.022533540347
8775,0.024363484678
8776,0.020869485275
8777,0.022129453273
8778,0.039954949431
8779,0.024605719641
8780,0.024998597868
8781,0.024149147144
8782,0.0223897321
8783,0.023637438338
8784,0.024569466293
8785,0.024589160539
8786,0.028943746568
8787,0.022494557691
8788,0.022350152905
8789,0.02211862834
8790,0.022195358163
8791,0.022350992664
8792,0.019288996688
8793,0.019308168835
8794,0.019226496876
8795,0.016527073558
8796,0.016502253956
8797,0.01639221349
8798,0.016308273214
8799,0.016311749029
8800,0.016244878249
8801,0.027585056531
8802,0.028628871154
8803,0.029291329579
8804,0.027214092855
8805,0.027811058044
8806,0.026853107436
8807,0.03547183727
8808,0.032437022786
8809,0.029777262243
8810,0.033116406336
8811,0.043705783816
8812,0.043129882207
8813,0.040321573023
8814,0.038887869745
8815,0.039529043791
8816,0.037970524363
8817,0.034612608389
8818,0.035692614112
8819,0.037509831431
8820,0.037247000282
8821,0.04160202806
8822,0.037913315152
8823,0.042136438837
8824,0.03025664233
8825,0.030163866078
8826,0.031039808169
8827,0.034472918397
8828,0.033954534718
8829,0.032516795521
8830,0.031666992368
8831,0.039066786589
8832,0.038196216981
8833,0.039090373958
8834,0.0389486459
8835,0.038710175143
8836,0.039106991582
8837,0.074609036234
8838,0.074414606818
8839,0.074800737325
8840,0.076685804414
8841,0.078052766009
8842,0.078336165391
8843,0.064815980429
8844,0.065022105137
8845,0.065612896419
8846,0.066379440934
8847,0.066620064894
8848,0.064849577547
8849,0.064871716946
8850,0.065629377196
8851,0.065683211351
8852,0.067007987382
8853,0.066082071352
8854,0.065754162807
8855,0.066622094492
8856,0.065305859522
8857,0.06711337682
8858,0.067586118752
8859,0.068447877023
8860,0.069063003727
8861,0.069958208345
8862,0.070505974809
8863,0.07193666981
8864,0.07289289557
8865,0.073737298741
8866,0.073116731052
8867,0.072756659773
8868,0.073119094696
8869,0.073542510897
8870,0.073862461099
8871,0.074098125567
8872,0.074852652502
8873,0.074722153535
8874,0.074451304912
8875,0.074632464642
8876,0.07438259187
8877,0.074158523587
8878,0.07398987382
8879,0.074103153656
8880,0.074003421664
8881,0.07400000205
8882,0.074113290882
8883,0.074102138915
8884,0.074421730044
8885,0.071254210206
8886,0.071455059104
8887,0.071434485727
8888,0.070902795997
8889,0.068996425631
8890,0.068035838562
8891,0.066698079634
8892,0.066858203272
8893,0.066683905827
8894,0.066529368494
8895,0.066909031403
8896,0.066660190792
8897,0.066813320252
8898,0.075645143372
8899,0.075389240832
8900,0.072478838397
8901,0.073634665195
8902,0.075660796409
8903,0.083394312533
8904,0.082361025942
8905,0.083666063598
8906,0.079976338005
8907,0.081382623763
8908,0.077838405
8909,0.093234943527
8910,0.087546649688
8911,0.088492174793
8912,0.086761117603
8913,0.097503357693
8914,0.097033926868
8915,0.11362456096
8916,0.11056418004
8917,0.1070553647
8918,0.11032222715
8919,0.1084499618
8920,0.11259069437
8921,0.11463066076
8922,0.12178325209
8923,0.11037985204
8924,0.1226699454
8925,0.12393149788
8926,0.12610009502
8927,0.13447031226
8928,0.1346719205
8929,0.12939615132
8930,0.12383800534
8931,0.099043325259
8932,0.096676757029
8933,0.10525994639
8934,0.10022527137
8935,0.099821947392
8936,0.12117007017
8937,0.1232317364
8938,0.10124686353
8939,0.091048141802
8940,0.084353298486
8941,0.081517288009
8942,0.083488564717
8943,0.081874161924
8944,0.082760968357
8945,0.081447830792
8946,0.079510147207
8947,0.077474124933
8948,0.076424849612
8949,0.076023299079
8950,0.074518069492
8951,0.072145624243
8952,0.07085641696
8953,0.069614518792
8954,0.068054636292
8955,0.066406730478
8956,0.065050363069
8957,0.063268702004
8958,0.062295374155
8959,0.059331574371
8960,0.059027555971
8961,0.058294514317
8962,0.057657518577
8963,0.057818903485
8964,0.057394283651
8965,0.058128031029
8966,0.058204590493
8967,0.05865657321
8968,0.058468156397
8969,0.05775567825
8970,0.057535899002
8971,0.05755626732
8972,0.057594217638
8973,0.057490627619
8974,0.057243588613
8975,0.057071193473
8976,0.057026058216
8977,0.056763560643
8978,0.058662246866
8979,0.0563805709
8980,0.057832891581
8981,0.056289230698
8982,0.055456930078
8983,0.056269854427
8984,0.055914753766
8985,0.05633342522
8986,0.056070787611
8987,0.056936492955
8988,0.055711182262
8989,0.055956128839
8990,0.055567929678
8991,0.055599273255
8992,0.055477294097
8993,0.055748070107
8994,0.055044093724
8995,0.056279884216
8996,0.057018946906
8997,0.057247343899
8998,0.058682997505
8999,0.055272798505
9000,0.060495454946
9001,0.062150427104
9002,0.064238178932
9003,0.066550089931
9004,0.073911394237
9005,0.071520885441
9006,0.076238805442
9007,0.07859829095
9008,0.085355263378
9009,0.088258678399
9010,0.091883140604
9011,0.080831568675
9012,0.082840610797
9013,0.06897144847
9014,0.09491329006
9015,0.098799366916
9016,0.10574831129
9017,0.11148420616
9018,0.11648468982
9019,0.12872777569
9020,0.50476502219
9021,0.55968455059
9022,0.17232827549
9023,0.41012320095
9024,0.50512219482
9025,0.66369171736
9026,0.745715922
9027,0.871901938
9028,0.99611263999
9029,1.0861433212
9030,1.1164409905
9031,0.0651118481
9032,0.064178531715
9033,0.066253353877
9034,0.068511359452
9035,0.064521056749
9036,0.066181846598
9037,0.062038891353
9038,0.066216023199
9039,0.066540057128
9040,0.065686679597
9041,0.07098519907
9042,0.071282565602
9043,0.070219585085
9044,0.072854098101
9045,0.072925064315
9046,0.072143875949
9047,0.067358326335
9048,0.060230440888
9049,0.054027071633
9050,0.05716288432
9051,0.057293442544
9052,0.067327607812
9053,0.083875431926
9054,0.10118561147
9055,0.11858268052
9056,0.13455411805
9057,0.1466676401
9058,0.14379144264
9059,0.16017725476
9060,0.17015753685
9061,0.10349520206
9062,0.16716082112
9063,0.13023867704
9064,0.9418566632
9065,0.96709002093
9066,0.91641647441
9067,0.10557221279
9068,0.10507605628
9069,0.12105472669
9070,0.13092121672
9071,0.12690761145
9072,0.12466857805
9073,0.12130517064
9074,0.11667045573
9075,0.10990069629
9076,0.11546522025
9077,0.10351124252
9078,0.098286877219
9079,0.10520392101
9080,0.10562691862
9081,0.10598097212
9082,0.094439511799
9083,0.10154915306
9084,0.10232763998
9085,0.10190444464
9086,0.099853160017
9087,0.12669139853
9088,0.092078022719
9089,0.089825558371
9090,1.1956989412
9091,0.16185612374
9092,0.16196907515
9093,0.18969515307
9094,0.18668610671
9095,0.19766298281
9096,0.16007444477
9097,0.15673559611
9098,0.17835919927
9099,0.073948138504
9100,0.071676318537
9101,0.071070434535
9102,0.070578231158
9103,0.069087805976
9104,0.066531051135
9105,0.072420431238
9106,0.066920264856
9107,0.065101309296
9108,0.063220886746
9109,0.061233726921
9110,0.061852426875
9111,0.058764015772
9112,0.063752628058
9113,0.06306109908
9114,0.06152885645
9115,0.063511121883
9116,0.062925290607
9117,0.062724992717
9118,0.062232787661
9119,0.052160807437
9120,0.055569660147
9121,0.046480033052
9122,0.050336025558
9123,0.047104334197
9124,0.057471843228
9125,0.059120935806
9126,0.060689475128
9127,0.061992905793
9128,0.040038878449
9129,0.040228106652
9130,0.043922852952
9131,0.043775542827
9132,0.045739513933
9133,0.045808943094
9134,0.046403522475
9135,0.046212085916
9136,0.037384092665
9137,0.040900849142
9138,0.04233975918
9139,0.043053538466
9140,0.043307830262
9141,0.041752800653
9142,0.037240313262
9143,0.1156155187
9144,0.11434460263
9145,0.10897876248
9146,0.013551539687
9147,0.01346609142
9148,0.013160619851
9149,0.013018542128
9150,0.012815802781
9151,0.013164412112
9152,0.013477520753
9153,0.01359823982
9154,0.017225633874
9155,0.017393635053
9156,0.036847085437
9157,0.041296026617
9158,0.050060442484
9159,0.038588795197
9160,0.039287914312
9161,0.039314873111
9162,0.036446947391
9163,0.046962412648
9164,0.041654424102
9165,0.056309229283
9166,0.049074157261
9167,0.03764469855
9168,0.047079825764
9169,0.023927073732
9170,0.026401219563
9171,0.02790107097
9172,0.027093596841
9173,0.034376864892
9174,0.029387453345
9175,0.026070320191
9176,0.025561987842
9177,0.026369404563
9178,0.027186618445
9179,0.03546908654
9180,0.027526686252
9181,0.029197187948
9182,0.022390228896
9183,0.022267385112
9184,0.022201503329
9185,0.02233415944
9186,0.022181832478
9187,0.022284373433
9188,0.022271472268
9189,0.02236070177
9190,0.022254749086
9191,0.01943360893
9192,0.019350038281
9193,0.019284478642
9194,0.016538323703
9195,0.016543730128
9196,0.016609714935
9197,0.016441436623
9198,0.016336033361
9199,0.019371510015
9200,0.018438729391
9201,0.028134213936
9202,0.028420576714
9203,0.031021308497
9204,0.030602472552
9205,0.028106916671
9206,0.028239982924
9207,0.031177563136
9208,0.035592786852
9209,0.037463059814
9210,0.037256396546
9211,0.038967630967
9212,0.04252171849
9213,0.041657358838
9214,0.040296025807
9215,0.041107734156
9216,0.039147787272
9217,0.038233470045
9218,0.037605139545
9219,0.035263177319
9220,0.036466749351
9221,0.033394689643
9222,0.033988620217
9223,0.037846744074
9224,0.037444833348
9225,0.036263896749
9226,0.035834228086
9227,0.034458924561
9228,0.034675024149
9229,0.038402509025
9230,0.039180765582
9231,0.040109169451
9232,0.040305463819
9233,0.037162259313
9234,0.038969815041
9235,0.038924677103
9236,0.074153454274
9237,0.082788398574
9238,0.081265791967
9239,0.081033704893
9240,0.064019406149
9241,0.063988672722
9242,0.064549268204
9243,0.065427013587
9244,0.066156165323
9245,0.064162575959
9246,0.064234430253
9247,0.06471506143
9248,0.065251509964
9249,0.064738191693
9250,0.06512948019
9251,0.066655779364
9252,0.065123646857
9253,0.064584433375
9254,0.066959703851
9255,0.067878558678
9256,0.068169439875
9257,0.068969473634
9258,0.069338086351
9259,0.069905147895
9260,0.07073152894
9261,0.071154439415
9262,0.072350937392
9263,0.073641127619
9264,0.074069359006
9265,0.074572515664
9266,0.074810172611
9267,0.07443996554
9268,0.073588658637
9269,0.073091851093
9270,0.072816859144
9271,0.073168281735
9272,0.073395588408
9273,0.074075847594
9274,0.074272666659
9275,0.074994337517
9276,0.075664000387
9277,0.075387717637
9278,0.075292737633
9279,0.076141548987
9280,0.074924215388
9281,0.074245952486
9282,0.074105726807
9283,0.075466678196
9284,0.074120529132
9285,0.074210309122
9286,0.076622912915
9287,0.074946413605
9288,0.073539065358
9289,0.076604341264
9290,0.074121206555
9291,0.068423229438
9292,0.067526961349
9293,0.066810120135
9294,0.066337190619
9295,0.066199980923
9296,0.067062065181
9297,0.066303693607
9298,0.081805930247
9299,0.079877215228
9300,0.080337969238
9301,0.081927255259
9302,0.087825603647
9303,0.086403337579
9304,0.08494670993
9305,0.10048740291
9306,0.10752660765
9307,0.092874801677
9308,0.092740831598
9309,0.11037601722
9310,0.12100975489
9311,0.119343696
9312,0.12059892455
9313,0.11904493828
9314,0.11550228332
9315,0.10876246971
9316,0.12293540496
9317,0.09943350136
9318,0.12973843895
9319,0.126999002
9320,0.12729188646
9321,0.13722997841
9322,0.1441517413
9323,0.13786891227
9324,0.13972521511
9325,0.13426440271
9326,0.13320521161
9327,0.1298283818
9328,0.12741284065
9329,0.094547965251
9330,0.090831232862
9331,0.088204693134
9332,0.094699403103
9333,0.090842580111
9334,0.094379383034
9335,0.1189184568
9336,0.11993972047
9337,0.10739922844
9338,0.091756148136
9339,0.083412996914
9340,0.079937134093
9341,0.077073022184
9342,0.078684777255
9343,0.079582719077
9344,0.081116431066
9345,0.081517147128
9346,0.080664968446
9347,0.078453888838
9348,0.076725483365
9349,0.07595648725
9350,0.07780107856
9351,0.07395969134
9352,0.071559639608
9353,0.070717089572
9354,0.069171745629
9355,0.067221696115
9356,0.065287978649
9357,0.064850759005
9358,0.063761996651
9359,0.061734224059
9360,0.060087055759
9361,0.056615734397
9362,0.056216282323
9363,0.05717381954
9364,0.057134048235
9365,0.057203911447
9366,0.056648134844
9367,0.057030689765
9368,0.05662641297
9369,0.056984803886
9370,0.057325758671
9371,0.057782573519
9372,0.057878594143
9373,0.05733457796
9374,0.057084975086
9375,0.057141796651
9376,0.057217101603
9377,0.057125813586
9378,0.057094355633
9379,0.057531704928
9380,0.057645429872
9381,0.059292118229
9382,0.058371490819
9383,0.055509311737
9384,0.055094549184
9385,0.059360889289
9386,0.060523247252
9387,0.05570469082
9388,0.063178408974
9389,0.057661346569
9390,0.057045874211
9391,0.061817164222
9392,0.057278459587
9393,0.061131783472
9394,0.056860949113
9395,0.063267800524
9396,0.059884445885
9397,0.055203689725
9398,0.055162432402
9399,0.054929636875
9400,0.054774954489
9401,0.056936888382
9402,0.056167702655
9403,0.057653680154
9404,0.057700262964
9405,0.058841555194
9406,0.060181602854
9407,0.060689954974
9408,0.06278269732
9409,0.063874746318
9410,0.06628377056
9411,0.075061267909
9412,0.073106958372
9413,0.070794578211
9414,0.077031327172
9415,0.079267366796
9416,0.084450616567
9417,0.087445746635
9418,0.091134416052
9419,0.094127146493
9420,0.081583311044
9421,0.068563797102
9422,0.096886794866
9423,0.10112132353
9424,0.10677026034
9425,0.11574337571
9426,0.14221467684
9427,0.56096425895
9428,0.78688122787
9429,0.87010238676
9430,0.93978582343
9431,1.0362570303
9432,0.05657878203
9433,0.060532961961
9434,0.052460404858
9435,0.064950994624
9436,0.059531147159
9437,0.060631764165
9438,0.063088089064
9439,0.063343744008
9440,0.065262805168
9441,0.065969320196
9442,0.069748339033
9443,0.072224384502
9444,0.073989975543
9445,0.072251317791
9446,0.066507123479
9447,0.060006952919
9448,0.05804281056
9449,0.053897275453
9450,0.054507901921
9451,0.061379768239
9452,0.068296805217
9453,0.088253975868
9454,0.11899159542
9455,0.12990795559
9456,0.14178842461
9457,0.14934365861
9458,0.15860125002
9459,0.17403818971
9460,0.19245115496
9461,0.22049983977
9462,0.13152462954
9463,0.12541643466
9464,0.11481073327
9465,1.1650345761
9466,0.1177796674
9467,0.12392429223
9468,0.11943448823
9469,0.13140645302
9470,0.13136069195
9471,0.12792015427
9472,0.12401365722
9473,0.12251121114
9474,0.11447432636
9475,0.10871938101
9476,0.10598703736
9477,0.098814492893
9478,0.10305435932
9479,0.10363192582
9480,0.10458715272
9481,0.10477982194
9482,0.10480977824
9483,0.10577363754
9484,0.10659377704
9485,0.080371980972
9486,0.099697958712
9487,0.08760905566
9488,0.10300664759
9489,0.10164054008
9490,0.10509662978
9491,0.13947486538
9492,0.14387219817
9493,0.094410335837
9494,0.086303853696
9495,1.3381791296
9496,0.17178852845
9497,0.17913396546
9498,0.074417033526
9499,0.072488043243
9500,0.071336092782
9501,0.069610333083
9502,0.074445997363
9503,0.073640127723
9504,0.070114215126
9505,0.068500693275
9506,0.066846388518
9507,0.064238146243
9508,0.062697132998
9509,0.063600816237
9510,0.061342254988
9511,0.066444974494
9512,0.067065033396
9513,0.065409104382
9514,0.067342032013
9515,0.066062967024
9516,0.0667430266
9517,0.065676160696
9518,0.06420938251
9519,0.059064330622
9520,-99999
9521,0.060063440541
9522,0.063211724663
9523,0.062883051025
9524,0.065084180964
9525,0.065893336159
9526,0.066509629866
9527,0.046754631673
9528,0.04727171086
9529,0.046376492804
9530,0.04555052079
9531,0.043110514186
9532,0.11801360475
9533,0.11800158342
9534,0.11799550481
9535,0.11605509805
9536,0.013846821761
9537,0.013771054083
9538,0.013644950494
9539,0.013358796165
9540,0.01309099888
9541,0.013239320433
9542,0.013384901844
9543,0.013750653007
9544,0.013676787693
9545,0.013902805046
9546,0.0175380776
9547,0.017545456966
9548,0.061525045659
9549,0.13408147668
9550,0.11127514482
9551,0.11722438595
9552,0.046938311076
9553,0.042339231907
9554,0.046117936126
9555,0.047394930791
9556,0.045607491035
9557,0.050660260586
9558,0.089378689344
9559,0.10124645943
9560,0.040505233072
9561,0.030596658976
9562,0.030985903382
9563,0.030809360438
9564,0.030770351088
9565,0.033438792136
9566,0.044128170493
9567,0.027334284306
9568,0.026548310491
9569,0.027405477346
9570,0.028235369845
9571,0.028682186621
9572,0.063403220185
9573,0.056550085833
9574,0.092680718661
9575,0.060651751589
9576,0.022428137079
9577,0.022360017723
9578,0.022129352436
9579,0.022253167329
9580,0.022751100662
9581,0.022222200172
9582,0.022199253044
9583,0.022218801081
9584,0.022327983109
9585,0.022222961861
9586,0.022147320491
9587,0.01944551471
9588,0.019567172476
9589,0.019618922553
9590,0.019386493914
9591,0.019360359256
9592,0.01651244962
9593,0.016561410368
9594,0.016408065864
9595,0.016314999352
9596,0.017397028044
9597,0.029719050721
9598,0.032738506621
9599,0.037729309255
9600,0.031509559609
9601,0.03075288647
9602,0.034422523615
9603,0.037627398591
9604,0.04073792198
9605,0.041519450174
9606,0.039453292291
9607,0.053279808638
9608,0.038416027916
9609,0.039095502862
9610,0.03845346254
9611,0.035987193622
9612,0.040550158683
9613,0.040488355552
9614,0.039936939243
9615,0.041650307138
9616,0.037328038924
9617,0.036497452853
9618,0.038304011376
9619,0.036990461322
9620,0.038105618547
9621,0.039933723835
9622,0.039344571371
9623,0.040257011007
9624,0.041153335956
9625,0.041762312188
9626,0.041897920507
9627,0.041839897859
9628,0.036401449434
9629,0.035302511615
9630,0.034817733039
9631,0.039902969209
9632,0.08555086118
9633,0.089239317792
9634,0.091788285534
9635,0.10488186337
9636,0.063381778607
9637,0.063076793329
9638,0.063776648688
9639,0.064652652969
9640,0.065615673244
9641,0.063338755782
9642,0.063542624842
9643,0.063536372946
9644,0.063469733609
9645,0.063834033876
9646,0.063483478947
9647,0.064424336702
9648,0.063657721828
9649,0.065138462997
9650,0.066271980915
9651,0.066555315232
9652,0.068349681145
9653,0.069110247438
9654,0.070042555022
9655,0.070458730754
9656,0.071520314537
9657,0.072189741039
9658,0.073047047571
9659,0.074019022207
9660,0.074993955105
9661,0.074904651053
9662,0.075296328611
9663,0.075620794703
9664,0.075492741603
9665,0.075255104361
9666,0.074027589648
9667,0.073462956322
9668,0.072896411647
9669,0.078336304846
9670,0.083996151649
9671,0.075166308225
9672,0.077430498312
9673,0.080079220448
9674,0.079080772055
9675,0.075859667466
9676,0.076735556356
9677,0.075028312429
9678,0.074890388226
9679,0.079472060434
9680,0.083759835703
9681,0.076859459886
9682,0.06929535395
9683,0.069830647734
9684,0.068035978366
9685,0.06687524638
9686,0.06740108421
9687,0.066210077647
9688,0.08537540176
9689,0.088781013885
9690,0.090827453912
9691,0.089330868084
9692,0.11100227498
9693,0.098056447022
9694,0.11802705487
9695,0.11705926385
9696,0.1285771579
9697,0.12860501417
9698,0.12620968675
9699,0.12573572982
9700,0.13202730909
9701,0.12569004609
9702,0.11069170474
9703,0.10344033191
9704,0.12407242207
9705,0.094013740299
9706,0.13272626587
9707,0.13744756315
9708,0.13525619059
9709,0.13081798635
9710,0.13815677041
9711,0.14783080948
9712,0.14791174568
9713,0.15375340027
9714,0.1437086728
9715,0.14435750158
9716,0.15847880974
9717,0.14433403771
9718,0.13926933391
9719,0.13771154839
9720,0.13238786052
9721,0.12995870002
9722,0.086228447562
9723,0.085507987051
9724,0.083216914618
9725,0.088385073119
9726,0.082167431796
9727,0.092548218637
9728,0.11869060764
9729,0.12125559932
9730,0.10096547103
9731,0.08366471979
9732,0.076937431032
9733,0.07402169246
9734,0.070141787579
9735,0.073023204719
9736,0.07334970753
9737,0.077165417343
9738,0.079757354084
9739,0.080084162671
9740,0.07944599992
9741,0.077625703078
9742,0.077008152011
9743,0.076080255908
9744,0.075495665665
9745,0.07643513521
9746,0.080389425137
9747,0.070515449339
9748,0.068766428906
9749,0.067179427931
9750,0.065794488565
9751,0.06374136854
9752,0.063612824211
9753,0.061593792365
9754,0.060253218914
9755,0.059060181383
9756,0.055874236267
9757,0.053197850096
9758,0.053866640836
9759,0.055517532844
9760,0.053930198947
9761,0.055701231128
9762,0.05542059977
9763,0.056181390524
9764,0.056044701362
9765,0.056301090825
9766,0.055206540895
9767,0.056411883088
9768,0.05712948018
9769,0.057063990946
9770,0.056992824523
9771,0.057430982089
9772,0.056769019103
9773,0.056747145585
9774,0.056749905274
9775,0.057071124572
9776,0.057778166958
9777,0.056534596271
9778,0.059730154279
9779,0.056597453153
9780,0.059530282849
9781,0.058637721672
9782,0.057177234192
9783,0.072590227945
9784,0.066584717058
9785,0.074771808329
9786,0.069078097166
9787,0.069629755321
9788,0.060835983147
9789,0.067032036985
9790,0.077182779474
9791,0.062792114382
9792,0.05642520057
9793,0.067014431866
9794,0.076488592921
9795,0.056147022442
9796,0.068728986367
9797,0.06098331488
9798,0.055737757788
9799,0.054953877967
9800,0.056488909071
9801,0.057228537784
9802,0.055102364724
9803,0.059891058517
9804,0.057651656586
9805,0.060597498961
9806,0.05926971087
9807,0.058081318053
9808,0.059762303149
9809,0.060097400664
9810,0.062102485837
9811,0.062602136792
9812,0.064517477779
9813,0.066275359866
9814,0.075223244334
9815,0.072397453585
9816,0.070159146103
9817,0.077917543594
9818,0.080774785149
9819,0.08337618623
9820,0.08672178593
9821,0.091195138266
9822,0.094220728017
9823,0.098335074029
9824,0.068456108199
9825,0.1020264552
9826,0.10502642428
9827,0.11294040339
9828,0.78551786778
9829,0.83634596238
9830,0.89203541599
9831,0.96889771736
9832,0.063673892336
9833,0.047547582495
9834,0.045620596834
9835,0.056157233249
9836,0.054527121805
9837,0.061241396685
9838,0.054356936081
9839,0.05661133774
9840,0.066420730233
9841,0.067195707598
9842,0.074904493755
9843,0.070027734733
9844,0.067340127327
9845,0.06531548712
9846,0.058471870137
9847,0.054487583415
9848,0.055338065485
9849,0.057275939458
9850,0.056659109884
9851,0.065500126297
9852,0.074688350015
9853,0.11221594508
9854,0.1221409985
9855,0.12216120473
9856,0.18479433127
9857,0.071580042292
9858,0.13523730672
9859,0.1777328428
9860,0.19308663821
9861,0.21077628147
9862,0.13735117677
9863,0.12434186199
9864,0.12910288637
9865,0.11337067419
9866,0.12863934713
9867,0.12066217976
9868,0.11780416739
9869,0.1220233562
9870,0.11966567132
9871,0.11652716651
9872,0.1147054295
9873,0.11126537968
9874,0.095215553613
9875,0.096642648725
9876,0.10180167506
9877,0.10330373026
9878,0.10419940024
9879,0.10506039941
9880,0.10510150423
9881,0.105694416
9882,0.1031655184
9883,0.084829257089
9884,0.084675493445
9885,0.097557441532
9886,0.09056504093
9887,0.10073781664
9888,0.10185367317
9889,0.097544154063
9890,0.2496734917
9891,0.13253537911
9892,0.22830593039
9893,0.10762426223
9894,0.073147522698
9895,0.072138078205
9896,0.072142436351
9897,0.070709302018
9898,0.06730812809
9899,0.071159938665
9900,0.065218408118
9901,0.064779781876
9902,0.063463174942
9903,0.065217466781
9904,0.069555165896
9905,0.069455979278
9906,0.068841008989
9907,0.070826811646
9908,0.071922578646
9909,0.071156536583
9910,0.069158189964
9911,0.073024542973
9912,0.068511034965
9913,0.066299373973
9914,0.0688345942
9915,0.081324580671
9916,0.08091358803
9917,0.066233036341
9918,0.067555247026
9919,0.066490550596
9920,0.06825506409
9921,0.069312553377
9922,0.069448807833
9923,0.070029672765
9924,0.04950328526
9925,0.048962896401
9926,0.050607208884
9927,0.045815439424
9928,0.11887886064
9929,0.11895605141
9930,0.11912657194
9931,0.013766979817
9932,0.013650666254
9933,0.013931616543
9934,0.013961482558
9935,0.013616749257
9936,0.013396664748
9937,0.014105415964
9938,0.014335861208
9939,0.01415048287
9940,0.017713543801
9941,0.017701703612
9942,0.036297083148
9943,0.035385231944
9944,0.038250732737
9945,0.038671892611
9946,0.028606309383
9947,0.061669024
9948,0.028419374834
9949,0.030231399647
9950,0.030652053198
9951,0.022759989403
9952,0.022420269373
9953,0.022825242386
9954,0.022209439322
9955,0.022257574558
9956,0.022292085849
9957,0.022260830151
9958,0.022253517262
9959,0.022165115814
9960,0.022070235911
9961,0.022204667591
9962,0.019424597972
9963,0.019495312514
9964,0.019536723811
9965,0.019641506314
9966,0.019552652718
9967,0.01940622435
9968,0.016544164819
9969,0.016415741179
9970,0.016299239052
9971,0.01618829638
9972,0.03378015529
9973,0.037388165994
9974,0.035048508873
9975,0.033028485218
9976,0.039688146337
9977,0.040021171679
9978,0.040286059513
9979,0.042949540433
9980,0.043173547766
9981,0.042809734916
9982,0.044922458187
9983,0.041632121218
9984,0.045629866617
9985,0.037760808795
9986,0.036668900597
9987,0.03768374872
9988,0.039169472594
9989,0.041621631122
9990,0.042177789251
9991,0.043032762624
9992,0.043335716729
9993,0.034076596332
9994,0.035198615295
9995,0.035685421359
9996,0.094285944813
9997,0.10692918611
9998,0.14262003159
9999,0.062781065541
10000,0.062642465792
10001,0.062851879001
10002,0.063208282423
10003,0.064306971872
10004,0.065274160714
10005,0.062673285709
10006,0.062791077769
10007,0.062731627696
10008,0.06225008356
10009,0.062908644987
10010,0.061674757182
10011,0.063059848635
10012,0.064991091142
10013,0.065231612802
10014,0.065708919044
10015,0.06757286546
10016,0.069087069476
10017,0.07001292506
10018,0.071086059251
10019,0.071399340634
10020,0.072137663392
10021,0.073093484549
10022,0.073783544874
10023,0.074651755953
10024,0.075230785544
10025,0.075575027843
10026,0.075864367219
10027,0.076225511167
10028,0.076306387286
10029,0.076095289233
10030,0.076833958966
10031,0.075909582782
10032,0.074252313781
10033,0.076860689475
10034,0.080875485442
10035,0.083295283875
10036,0.088515881332
10037,0.086351008066
10038,0.084453397306
10039,0.082934118343
10040,0.08409890536
10041,0.067131238001
10042,0.06676995504
10043,0.13359395194
10044,0.13333635771
10045,0.13717255074
10046,0.10503313607
10047,0.11023021236
10048,0.099376879701
10049,0.09605434954
10050,0.11111647182
10051,0.12164132694
10052,0.13893615351
10053,0.13987258449
10054,0.13987537681
10055,0.13546976925
10056,0.14763398984
10057,0.1556855094
10058,0.15035057271
10059,0.15010717587
10060,0.14434959786
10061,0.1362945421
10062,0.083128498942
10063,0.089492130346
10064,0.080730259359
10065,0.077740831661
10066,0.075237283385
10067,0.082000814573
10068,0.10491551694
10069,0.11626629348
10070,0.10147576058
10071,0.080291755917
10072,0.072550954618
10073,0.068100247432
10074,0.068278878443
10075,0.06462462433
10076,0.064956594541
10077,0.066382207436
10078,0.071373958257
10079,0.070719066417
10080,0.074445971324
10081,0.075270758209
10082,0.077282051565
10083,0.077863749693
10084,0.078891394606
10085,0.078251356233
10086,0.077337595196
10087,0.076928079588
10088,0.07681352401
10089,0.07588011888
10090,0.077541841855
10091,0.078307228165
10092,0.081445491677
10093,0.068771781245
10094,0.067151586896
10095,0.06605814846
10096,0.064607338579
10097,0.062241961198
10098,0.061453102735
10099,0.062227044208
10100,0.060116780977
10101,0.058403436389
10102,0.05831784107
10103,0.056318024549
10104,0.052849235234
10105,0.051206430106
10106,0.04962943868
10107,0.050966413236
10108,0.051679469646
10109,0.054439087356
10110,0.05317168526
10111,0.051786004558
10112,0.054674327903
10113,0.054199252229
10114,0.054988552147
10115,0.054431889662
10116,0.054696189114
10117,0.055892639986
10118,0.056100717756
10119,0.056152952784
10120,0.056935292969
10121,0.056642904773
10122,0.056382640417
10123,0.056904448955
10124,0.056622836009
10125,0.057304106956
10126,0.057769335953
10127,0.058681210234
10128,0.063764720953
10129,0.064030114745
10130,0.073816338046
10131,0.070076792084
10132,0.081302549669
10133,0.078536346245
10134,0.097862343077
10135,0.079803224726
10136,0.081367080528
10137,0.067726967987
10138,0.080639630046
10139,0.090712457315
10140,0.092974890405
10141,0.073180193773
10142,0.082293922685
10143,0.087835227995
10144,0.088378648962
10145,0.060073103656
10146,0.074268779514
10147,0.063818260096
10148,0.06115591391
10149,0.063185278695
10150,0.06730957887
10151,0.061998531954
10152,0.07593523265
10153,0.059284156484
10154,0.06487907988
10155,0.074583167645
10156,0.076967404297
10157,0.072721662381
10158,0.0708408868
10159,0.079655122388
10160,0.096155320336
10161,0.097428182666
10162,0.099809209478
10163,0.80060132172
10164,0.84308643136
10165,0.88248121385
10166,0.9223303127
10167,0.94463648661
10168,0.049377063775
10169,0.056088128015
10170,0.055110580508
10171,0.061049450865
10172,0.04355657325
10173,0.060670318752
10174,0.067746724637
10175,0.072232713932
10176,0.069313970333
10177,0.067935485896
10178,0.066020135257
10179,0.062738283531
10180,0.059566555122
10181,0.056645859349
10182,0.054294921478
10183,0.053999358059
10184,0.055362557611
10185,0.055149221588
10186,0.058159064939
10187,0.067396542824
10188,0.071492448192
10189,0.065919370924
10190,0.065801695814
10191,0.15011329729
10192,0.083973070519
10193,0.108819931
10194,0.11709887452
10195,0.091001535517
10196,0.096761971829
10197,0.11738781557
10198,0.11515355862
10199,0.12001861526
10200,0.11400931667
10201,0.11343898812
10202,0.091187212305
10203,0.089329581357
10204,0.090287697457
10205,0.093229723285
10206,0.094063267779
10207,0.09516423529
10208,0.10132311417
10209,0.10276060803
10210,0.10268797492
10211,0.10317844066
10212,0.10217663889
10213,0.1025372215
10214,0.10096407414
10215,0.096741366098
10216,0.086188069666
10217,0.087581692367
10218,0.084793822935
10219,0.09027402882
10220,0.095622844268
10221,0.10036302022
10222,0.21702439872
10223,0.14605541392
10224,0.073778726213
10225,0.071072803265
10226,0.075608112184
10227,0.068063240948
10228,0.067392125384
10229,0.068537091378
10230,0.072742702266
10231,0.069588592313
10232,0.072969299935
10233,0.072072300123
10234,0.074540306657
10235,0.076384239733
10236,0.077435536133
10237,0.077597325928
10238,0.073852146216
10239,0.076038226114
10240,0.07233156418
10241,0.069473685376
10242,0.078909100652
10243,0.073573765063
10244,0.080335994627
10245,0.069717573039
10246,0.069133714401
10247,0.069935421234
10248,0.071089864236
10249,0.07092434841
10250,0.069769547484
10251,0.071231525023
10252,0.072187211598
10253,0.071566240281
10254,0.051837168864
10255,0.051571869793
10256,0.013947244614
10257,0.013402655593
10258,0.013959093647
10259,0.014121047774
10260,0.0141532657
10261,0.014448708803
10262,0.016055564528
10263,0.017390247579
10264,0.017296508278
10265,0.017833791805
10266,0.01792703066
10267,0.017863586849
10268,0.039913137949
10269,0.038952752351
10270,0.039904440486
10271,0.041176825532
10272,0.045945374117
10273,0.030304431794
10274,0.029967984869
10275,0.03097179389
10276,0.032042251486
10277,0.032519392247
10278,0.023072023788
10279,0.02299051001
10280,0.022245986243
10281,0.02225889549
10282,0.022224505578
10283,0.022246371855
10284,0.022177866678
10285,0.022103862054
10286,0.022039240678
10287,0.019463309978
10288,0.019461723566
10289,0.019558682134
10290,0.019633565188
10291,0.023873761298
10292,0.019372243592
10293,0.016402318378
10294,0.016330857638
10295,0.016248939092
10296,0.016098175594
10297,0.035537507734
10298,0.044547263938
10299,0.044702503973
10300,0.04510702667
10301,0.046340097357
10302,0.048522330046
10303,0.036078417617
10304,0.036801362995
10305,0.038725833848
10306,0.044436043214
10307,0.039064804871
10308,0.03859335323
10309,0.035348179073
10310,0.039652942302
10311,0.11230414806
10312,0.14778145132
10313,0.065267335135
10314,0.062730043229
10315,0.066812811174
10316,0.067861783448
10317,0.082622397509
10318,0.063439189577
10319,0.062698392665
10320,0.06181950768
10321,0.06133136197
10322,0.061649180175
10323,0.060206050946
10324,0.062382303499
10325,0.064587786374
10326,0.06384628148
10327,0.065747801883
10328,0.067600037219
10329,0.069241972972
10330,0.070391581653
10331,0.071597656454
10332,0.071999574834
10333,0.072602161565
10334,0.07363186898
10335,0.074379788757
10336,0.075097590967
10337,0.075744743048
10338,0.076610079006
10339,0.077099239622
10340,0.077146959104
10341,0.078968791191
10342,0.082341964808
10343,0.079840810331
10344,0.082369179278
10345,0.080863299537
10346,0.13969292029
10347,0.1412002831
10348,0.14670545327
10349,0.096139447281
10350,0.090244394458
10351,0.10776961487
10352,0.10414594847
10353,0.12225575413
10354,0.13837558711
10355,0.14571589517
10356,0.15741374154
10357,0.16969340714
10358,0.18132988888
10359,0.1509682461
10360,0.078587832749
10361,0.081202118374
10362,0.082846929125
10363,0.075855925311
10364,0.074005273532
10365,0.071623460099
10366,0.074376580338
10367,0.085567340541
10368,0.095743373011
10369,0.085772353357
10370,0.07308145439
10371,0.075140860237
10372,0.07079331527
10373,0.063945738044
10374,0.057631614393
10375,0.058971457155
10376,0.059794796136
10377,0.06025374438
10378,0.067077512292
10379,0.069947526942
10380,0.069662304625
10381,0.071857815676
10382,0.073045628537
10383,0.074912771988
10384,0.077014007637
10385,0.077548654324
10386,0.07838756359
10387,0.077975279513
10388,0.077367529725
10389,0.075824622098
10390,0.07690950651
10391,0.078239794063
10392,0.079801366139
10393,0.060139050122
10394,0.059509087757
10395,0.057821881789
10396,0.057597258106
10397,0.055078437469
10398,0.055705966481
10399,0.053552703336
10400,0.050865814445
10401,0.04878421317
10402,0.04735960191
10403,0.046241473533
10404,0.04822116887
10405,0.049229809504
10406,0.049374306518
10407,0.053552894606
10408,0.052049093212
10409,0.050201888955
10410,0.052799591119
10411,0.053970909228
10412,0.052310164342
10413,0.052410973871
10414,0.055250840624
10415,0.056214594369
10416,0.056168464148
10417,0.056976913549
10418,0.056752506405
10419,0.057031953639
10420,0.056667415468
10421,0.057387695911
10422,0.058793061649
10423,0.058842984099
10424,0.058270687595
10425,0.058388541826
10426,0.05799407113
10427,0.079220018755
10428,0.089750217503
10429,0.080002148355
10430,0.09419488597
10431,0.098812310503
10432,0.11263376649
10433,0.09299998654
10434,0.11624079359
10435,0.10659717582
10436,0.092106903764
10437,0.1030346996
10438,0.10793805071
10439,0.10713722333
10440,0.10026735523
10441,0.10257954305
10442,0.05960429691
10443,0.085576100613
10444,0.065451316971
10445,0.073212855631
10446,0.074683242558
10447,0.080947169161
10448,0.10286521145
10449,0.10778635137
10450,0.78796293132
10451,0.84064739645
10452,0.87450326322
10453,0.91655306042
10454,0.92736965682
10455,0.054700752086
10456,0.062687240697
10457,0.067909927215
10458,0.040283142679
10459,0.048949914332
10460,0.057404396983
10461,0.064145938014
10462,0.063466359807
10463,0.067771595779
10464,0.066158861941
10465,0.060735513909
10466,0.056532002728
10467,0.054460893144
10468,0.054186839327
10469,0.054444923152
10470,0.054923756566
10471,0.059235021582
10472,0.062769091985
10473,0.069352750685
10474,0.066689717536
10475,0.067149539858
10476,0.099604132174
10477,0.10530794316
10478,0.10563671934
10479,0.10407479112
10480,0.092854598767
10481,0.081094042489
10482,0.086045037256
10483,0.092307312046
10484,0.094788490673
10485,0.099256176623
10486,0.10793245975
10487,0.10530895334
10488,0.089656075426
10489,0.086099681619
10490,0.085908627031
10491,0.088299372287
10492,0.091017339602
10493,0.094366544844
10494,0.093298219251
10495,0.09583418489
10496,0.096913286477
10497,0.098003278002
10498,0.098544799014
10499,0.10058107218
10500,0.099262350263
10501,0.099431835201
10502,0.10146732315
10503,0.1004121205
10504,0.10010894252
10505,0.10064274743
10506,0.10013704365
10507,0.099155420651
10508,0.099242460057
10509,0.1006545299
10510,0.089294737435
10511,0.085506987965
10512,0.08673797468
10513,0.085986525952
10514,0.092723603426
10515,0.18765061869
10516,0.074585234388
10517,0.069349480486
10518,0.068053342632
10519,0.068929938351
10520,0.074511083888
10521,0.075963583707
10522,0.076955697311
10523,0.07927464419
10524,0.079511762401
10525,0.078532375653
10526,0.074314316955
10527,0.075367980184
10528,0.073173662867
10529,0.071425929377
10530,0.079045197623
10531,0.076944232847
10532,0.074745160544
10533,0.072703444494
10534,0.071469657336
10535,0.071764032356
10536,0.07270051516
10537,0.073404617985
10538,0.070524072076
10539,0.072552723661
10540,0.073243116927
10541,0.015105675768
10542,0.014120812819
10543,0.014742390845
10544,0.018927854271
10545,0.017984213932
10546,0.018909818005
10547,0.01912661003
10548,0.019099540224
10549,0.017905488912
10550,0.035117749738
10551,0.017947610848
10552,0.041758647074
10553,0.040715446644
10554,0.040577781374
10555,0.041666249202
10556,0.064024283329
10557,0.032080098052
10558,0.033058885709
10559,0.023062075186
10560,0.022589667323
10561,0.022251368091
10562,0.044103422202
10563,0.022271763659
10564,0.022237626022
10565,0.022202599387
10566,0.022158413219
10567,0.022116057658
10568,0.019392096818
10569,0.019407827181
10570,0.019561674171
10571,0.019516419092
10572,0.02000694211
10573,0.01639767105
10574,0.016354908603
10575,0.016302652639
10576,0.016226399007
10577,0.016071112596
10578,0.045394859712
10579,0.034738276012
10580,0.041657187934
10581,0.041823527609
10582,0.040786304208
10583,0.038726031552
10584,0.043673889052
10585,0.18957168813
10586,0.070139313852
10587,0.069279989459
10588,0.078502585672
10589,0.063488219497
10590,0.073779071296
10591,0.074254364093
10592,0.074956931161
10593,0.075675023617
10594,0.076410258779
10595,0.077349237217
10596,0.078143429806
10597,0.080492935506
10598,0.082979100173
10599,0.091435544849
10600,0.086076613424
10601,0.096695943801
10602,0.083358228969
10603,0.10616646568
10604,0.12112643211
10605,0.13598437209
10606,0.14878200928
10607,0.16091156658
10608,0.16974218681
10609,0.17531934239
10610,0.18210274573
10611,0.075468587692
10612,0.076873710425
10613,0.078808847568
10614,0.07339226693
10615,0.072152518932
10616,0.070247657906
10617,0.068414117846
10618,0.068865046073
10619,0.075592263922
10620,0.081799809559
10621,0.099237550112
10622,0.090427661505
10623,0.096194280254
10624,0.094014674641
10625,0.07286723204
10626,0.065356683981
10627,0.055200877371
10628,0.054095065422
10629,0.05440154463
10630,0.055435323202
10631,0.054773786734
10632,0.063108829264
10633,0.059232171271
10634,0.066287947452
10635,0.068622146284
10636,0.069688174409
10637,0.070590887169
10638,0.071449706982
10639,0.071969371808
10640,0.075161647946
10641,0.076221070587
10642,0.076654838505
10643,0.076376586937
10644,0.079027599081
10645,0.083459078015
10646,0.058005834383
10647,0.056083946291
10648,0.055797254355
10649,0.053485879684
10650,0.051427124479
10651,0.053231920392
10652,0.052335935381
10653,0.051286347005
10654,0.048699337351
10655,0.047052665461
10656,0.045287698086
10657,0.043909330167
10658,0.043360153369
10659,0.045521821821
10660,0.046911038427
10661,0.047128304521
10662,0.046790563251
10663,0.048318302182
10664,0.0512276154
10665,0.049136225627
10666,0.050026207191
10667,0.052400208981
10668,0.05365493155
10669,0.055541299444
10670,0.055235716892
10671,0.056907865257
10672,0.057057020266
10673,0.058231365479
10674,0.056879225434
10675,0.059351327591
10676,0.062232178579
10677,0.06314086347
10678,0.05899444441
10679,0.071882047249
10680,0.065303090101
10681,0.097512260948
10682,0.10783579478
10683,0.12636201414
10684,0.11162307239
10685,0.12780981905
10686,0.12185347411
10687,0.12602254112
10688,0.12645098554
10689,0.11945027302
10690,0.12690660184
10691,0.073563115816
10692,0.12129412314
10693,0.091383410407
10694,0.11332349079
10695,0.8100523427
10696,0.84344452046
10697,0.89143284113
10698,0.061946797986
10699,0.068836402354
10700,0.073691882428
10701,0.03984321029
10702,0.044794136235
10703,0.043658099753
10704,0.048173528231
10705,0.054648510743
10706,0.059141976466
10707,0.066281684323
10708,0.068236996939
10709,0.064267480031
10710,0.062318410311
10711,0.058884596219
10712,0.057537550789
10713,0.055517622189
10714,0.055285930147
10715,0.05438191256
10716,0.054301045647
10717,0.054327715019
10718,0.053836862406
10719,0.053616541521
10720,0.061356641614
10721,0.061993494262
10722,0.06144810133
10723,0.062553234596
10724,0.06489602833
10725,0.067187109048
10726,0.06657012613
10727,0.068028955372
10728,0.10595689321
10729,0.087495349937
10730,0.078526535271
10731,0.079077707574
10732,0.085633419362
10733,0.084431003428
10734,0.088947435663
10735,0.1003959528
10736,0.095520580807
10737,0.097518748612
10738,0.088555824823
10739,0.084797071787
10740,0.086605094082
10741,0.089794209285
10742,0.092247706337
10743,0.095056721497
10744,0.094684804769
10745,0.096497952958
10746,0.098426199067
10747,0.094850508617
10748,0.095028715429
10749,0.098082563125
10750,0.095522904794
10751,0.096165501871
10752,0.094425487513
10753,0.097332614982
10754,0.098286590062
10755,0.099120442784
10756,0.10131566517
10757,0.10153338088
10758,0.10076728977
10759,0.10289828057
10760,0.10336641172
10761,0.099981179422
10762,0.10325333952
10763,0.10412560654
10764,0.098452247328
10765,0.084251405794
10766,0.08659330096
10767,0.090834582568
10768,0.070327833764
10769,0.068828686228
10770,0.069386100763
10771,0.06995991987
10772,0.072296495184
10773,0.07840979846
10774,0.076620088765
10775,0.074995798057
10776,0.073656492487
10777,0.073487295984
10778,0.073855445942
10779,0.07417203123
10780,0.075009151244
10781,0.070619236655
10782,0.074080793485
10783,0.016878586812
10784,0.016538874292
10785,0.020080484943
10786,0.020662900745
10787,0.021093288444
10788,0.020291548144
10789,0.020455124044
10790,0.046989274836
10791,0.045434947157
10792,0.042022815173
10793,0.047089623413
10794,0.044152665735
10795,0.056804250692
10796,0.10002430233
10797,0.022189981993
10798,0.021459857713
10799,0.056085479874
10800,0.022268599776
10801,0.022254324674
10802,0.022262293179
10803,0.022195020888
10804,0.02211117004
10805,0.019264080352
10806,0.019276696149
10807,0.019440499863
10808,0.019501224044
10809,0.019565218011
10810,0.016386612708
10811,0.016356538871
10812,0.016328999506
10813,0.016327047157
10814,0.016187585663
10815,0.02269321165
10816,0.043097705554
10817,0.042931385184
10818,0.042629734766
10819,0.042293827069
10820,0.044013419394
10821,0.074093592098
10822,0.074932382842
10823,0.075528373546
10824,0.07638671608
10825,0.077154444074
10826,0.078729369663
10827,0.08174816279
10828,0.083197746006
10829,0.089242161715
10830,0.10981832879
10831,0.09711894778
10832,0.079805513777
10833,0.10750311105
10834,0.12064402343
10835,0.13508138136
10836,0.15296506639
10837,0.16228305008
10838,0.17458353239
10839,0.17882942795
10840,0.18378428671
10841,0.16650257456
10842,0.07263254813
10843,0.074221373317
10844,0.075989240456
10845,0.071768260241
10846,0.070183234907
10847,0.068128491957
10848,0.065594630223
10849,0.06414770694
10850,0.068580919977
10851,0.078965665692
10852,0.10386268856
10853,0.10934514245
10854,0.12105230095
10855,0.1220103977
10856,0.092117123337
10857,0.072497309137
10858,0.059132269874
10859,0.053055307332
10860,0.051242120224
10861,0.050764826832
10862,0.050820152658
10863,0.050503662372
10864,0.054125740248
10865,0.061998405564
10866,0.058778568892
10867,0.066649772101
10868,0.064851479378
10869,0.068457120671
10870,0.068418207934
10871,0.069251460913
10872,0.070333132016
10873,0.07319963089
10874,0.074111963689
10875,0.075889205348
10876,0.077364433867
10877,0.076141347207
10878,0.053777408403
10879,0.051432170621
10880,0.049684550551
10881,0.049721005452
10882,0.0506049795
10883,0.051039542832
10884,0.051449661207
10885,0.049793662024
10886,0.047065696271
10887,0.045287994835
10888,0.044459560403
10889,0.042247077923
10890,0.040497167808
10891,0.041068184977
10892,0.040114897215
10893,0.041784886203
10894,0.043838978341
10895,0.04512557775
10896,0.044917054604
10897,0.045087846737
10898,0.046428328959
10899,0.04798592694
10900,0.050984702515
10901,0.050081683597
10902,0.047533926356
10903,0.053546089154
10904,0.054928149088
10905,0.055940933158
10906,0.056817142123
10907,0.05707455575
10908,0.064534035441
10909,0.069707518077
10910,0.067668665204
10911,0.07292488758
10912,0.084104981684
10913,0.10148117141
10914,0.1156313272
10915,0.14123628759
10916,0.14330851817
10917,0.14548968273
10918,0.1441102892
10919,0.1446847943
10920,0.1441468722
10921,0.15224157225
10922,0.14296742005
10923,0.87286724878
10924,0.063944253093
10925,0.071492511827
10926,0.073768878294
10927,0.038828498987
10928,0.044314160012
10929,0.049144320308
10930,0.046988287038
10931,0.064072206302
10932,0.061973811443
10933,0.06057770287
10934,0.060122777865
10935,0.05840110504
10936,0.058013103573
10937,0.055001300386
10938,0.054541234025
10939,0.054827782596
10940,0.054275377265
10941,0.054464636937
10942,0.053744861451
10943,0.059333578568
10944,0.061164140453
10945,0.062986592619
10946,0.062411842868
10947,0.062520892789
10948,0.063339486804
10949,0.066889366118
10950,0.067507091623
10951,0.067290503979
10952,0.067410919046
10953,0.068038658082
10954,0.079421347948
10955,0.076655552338
10956,0.077151867025
10957,0.080055106153
10958,0.084042626146
10959,0.086571964243
10960,0.085546664334
10961,0.08197976835
10962,0.084087324382
10963,0.08339146439
10964,0.083133663116
10965,0.085259222191
10966,0.088461929314
10967,0.090813412178
10968,0.092396811435
10969,0.095601922518
10970,0.093723418835
10971,0.09424458182
10972,0.094793327328
10973,0.097385621705
10974,0.098434691036
10975,0.092031755764
10976,0.093185720072
10977,0.092526738952
10978,0.091227362576
10979,0.093877852685
10980,0.096344756822
10981,0.097842468187
10982,0.10022750902
10983,0.10263438546
10984,0.10470538563
10985,0.10386992796
10986,0.10620956377
10987,0.10478072831
10988,0.10708571451
10989,0.10800203319
10990,0.1032555837
10991,0.10572666122
10992,0.10754513039
10993,0.10807885049
10994,0.084670183897
10995,0.090825255704
10996,0.077078693502
10997,0.075888142888
10998,0.075086739145
10999,0.074714553259
11000,0.074097459616
11001,0.074948975862
11002,0.074756386382
11003,0.074771517483
11004,0.075153082213
11005,0.075645846073
11006,0.018121580752
11007,0.018027457855
11008,0.01776313971
11009,0.021080098824
11010,0.022168681471
11011,0.023168540888
11012,0.023203139889
11013,0.022212166191
11014,0.022681114767
11015,0.021537032216
11016,0.021919271875
11017,0.060616886253
11018,0.086181712589
11019,0.083345314681
11020,0.16405407695
11021,0.021507285558
11022,0.021006988983
11023,0.02228764122
11024,0.022282948119
11025,0.022303319568
11026,0.022268532037
11027,0.024777976428
11028,0.019148200453
11029,0.019054980469
11030,0.02009347506
11031,0.019741053514
11032,0.019882842965
11033,0.020367190766
11034,0.016395932692
11035,0.016368082664
11036,0.016454316425
11037,0.016199189603
11038,0.016239297843
11039,0.021483493707
11040,0.021988711697
11041,0.043416311226
11042,0.047040918257
11043,0.045955249694
11044,0.046589245356
11045,0.074214693523
11046,0.075353705255
11047,0.075960498922
11048,0.077467155208
11049,0.077680532794
11050,0.080158236335
11051,0.083325862732
11052,0.086616084587
11053,0.10188849324
11054,0.11707764286
11055,0.097131462947
11056,0.081285619911
11057,0.10885408649
11058,0.12106927937
11059,0.14334761605
11060,0.1628427365
11061,0.17419449672
11062,0.19159712709
11063,0.18962572602
11064,0.17039609362
11065,0.070591674006
11066,0.071556436894
11067,0.072735870546
11068,0.075283928076
11069,0.079665532917
11070,0.077507801713
11071,0.079877182171
11072,0.069826937618
11073,0.067861728704
11074,0.066076265859
11075,0.061811897646
11076,0.059522569739
11077,0.064251087129
11078,0.070404001529
11079,0.093935406831
11080,0.11955890213
11081,0.12641866425
11082,0.11732404575
11083,0.10235791111
11084,0.086391021068
11085,0.070447903614
11086,0.066135823274
11087,0.059322919211
11088,0.051479644031
11089,0.048662046605
11090,0.047396022921
11091,0.046303490712
11092,0.045450321163
11093,0.049645505435
11094,0.056223966527
11095,0.052033105383
11096,0.062667370351
11097,0.059848785843
11098,0.066818544254
11099,0.064834995752
11100,0.066697213159
11101,0.067463573879
11102,0.068318668732
11103,0.071408758386
11104,0.075276711546
11105,0.075525166423
11106,0.049080804147
11107,0.049535161801
11108,0.049481420802
11109,0.050239357871
11110,0.048445166256
11111,0.046735173399
11112,0.04547887132
11113,0.044297834481
11114,0.041944898961
11115,0.042425086026
11116,0.039124666288
11117,0.039072107483
11118,0.038121576048
11119,0.038706728343
11120,0.038414164577
11121,0.038559619825
11122,0.036550221107
11123,0.041207422127
11124,0.038731933252
11125,0.042497288741
11126,0.043224225938
11127,0.050369577744
11128,0.052236594546
11129,0.060224274895
11130,0.05760071859
11131,0.056216292613
11132,0.064412741331
11133,0.077121550669
11134,0.08191328211
11135,0.085969027323
11136,0.089940018906
11137,0.11407495638
11138,0.11531738379
11139,0.15723096015
11140,0.16084876968
11141,0.16194280741
11142,0.16075047623
11143,0.16396740791
11144,0.16906634169
11145,0.18431238295
11146,0.069070314564
11147,0.075169280417
11148,0.076518027845
11149,0.038587436088
11150,0.043511213538
11151,0.043671012388
11152,0.041792690542
11153,0.043169543265
11154,0.045927375895
11155,0.052520332541
11156,0.055884028521
11157,0.061833437383
11158,0.06415775543
11159,0.061304129883
11160,0.062668560718
11161,0.060981337857
11162,0.056850385651
11163,0.052722221588
11164,0.05382570758
11165,0.053845297509
11166,0.053794948996
11167,0.05396289484
11168,0.053110473064
11169,0.05390475102
11170,0.058743990566
11171,0.06250996991
11172,0.063297301535
11173,0.062295140035
11174,0.063612339282
11175,0.064404398583
11176,0.066776295231
11177,0.066875669666
11178,0.067711643535
11179,0.067642431211
11180,0.068151785205
11181,0.069553141739
11182,0.077820483352
11183,0.076297701397
11184,0.075815529311
11185,0.076057856854
11186,0.076682996024
11187,0.07825149497
11188,0.081501390755
11189,0.084071392055
11190,0.082745546289
11191,0.080295385139
11192,0.079512768379
11193,0.078459345416
11194,0.078384671779
11195,0.080273091248
11196,0.08316274559
11197,0.085663658191
11198,0.087567245287
11199,0.090513027865
11200,0.092600504639
11201,0.094857526466
11202,0.098903271211
11203,0.09429463072
11204,0.096068494578
11205,0.099013393677
11206,0.08964128383
11207,0.08784784972
11208,0.088357311349
11209,0.093360051839
11210,0.095631803407
11211,0.096131165583
11212,0.097437680946
11213,0.099771892919
11214,0.10321858435
11215,0.1062031851
11216,0.10914166135
11217,0.10752398364
11218,0.10983524535
11219,0.10889668641
11220,0.1105465532
11221,0.11032507363
11222,0.11272613121
11223,0.11318912337
11224,0.1127578944
11225,0.10774312329
11226,0.10904411801
11227,0.11038241828
11228,0.086313532564
11229,0.085956142684
11230,0.076190632572
11231,0.075451754315
11232,0.075075393978
11233,0.074655083469
11234,0.075171637822
11235,0.075310251916
11236,0.018486729565
11237,0.01871587889
11238,0.018399924518
11239,0.022375444235
11240,0.022468525952
11241,0.023396186737
11242,0.024005516633
11243,0.025094833215
11244,0.024568257604
11245,0.024370559728
11246,0.022949968087
11247,0.023414770182
11248,0.023916964426
11249,0.023703146907
11250,0.12541008515
11251,0.18112085612
11252,0.020856276138
11253,0.020417266317
11254,0.022282403585
11255,0.022334746403
11256,0.022261307185
11257,0.038876648744
11258,0.01895732458
11259,0.018908281453
11260,0.021192716044
11261,0.020568302861
11262,0.020648344832
11263,0.026851812921
11264,0.017014429803
11265,0.020456117029
11266,0.023623187441
11267,0.048992037925
11268,0.049767611691
11269,0.074691696236
11270,0.075214013471
11271,0.075308726806
11272,0.076636917654
11273,0.079563833537
11274,0.082258598304
11275,0.084843224505
11276,0.089594479006
11277,0.099967144308
11278,0.092239980273
11279,0.10569282719
11280,0.10904894895
11281,0.11611074492
11282,0.1278480367
11283,0.13933950089
11284,0.1443151557
11285,0.16175869377
11286,0.17752316812
11287,0.067815281949
11288,0.070061600745
11289,0.071705000487
11290,0.075132727768
11291,0.086599907837
11292,0.096113516687
11293,0.067326050808
11294,0.064511233425
11295,0.062989086147
11296,0.057975682795
11297,0.058077382618
11298,0.061477423805
11299,0.066229637924
11300,0.078741890023
11301,0.1052839572
11302,0.10681735269
11303,0.088106135043
11304,0.099573834704
11305,0.09619432508
11306,0.091694517941
11307,0.084258506495
11308,0.073849714764
11309,0.061090096582
11310,0.050223359529
11311,0.047864646905
11312,0.044012382417
11313,0.040279148303
11314,0.037541153154
11315,0.043998260802
11316,0.049516883495
11317,0.057123344252
11318,0.053385979888
11319,0.050387861451
11320,0.06235485185
11321,0.06333176387
11322,0.059539971048
11323,0.064824318006
11324,0.066719464314
11325,0.071607920247
11326,0.070588877359
11327,0.084027782732
11328,0.048537890198
11329,0.048556734259
11330,0.047433661657
11331,0.046295295855
11332,0.04514538777
11333,0.045468902683
11334,0.045330980888
11335,0.041001100271
11336,0.039544352741
11337,0.036975275252
11338,0.036439927894
11339,0.035174638668
11340,0.035623945254
11341,0.035144222133
11342,0.034345446695
11343,0.036073893243
11344,0.035267630905
11345,0.035161456962
11346,0.035640188809
11347,0.033517808709
11348,0.039359449927
11349,0.036780696436
11350,0.0404392528
11351,0.048051154745
11352,0.05063997706
11353,0.059933490641
11354,0.060324295076
11355,0.061731141882
11356,0.064190098821
11357,0.061767227285
11358,0.0675941096
11359,0.0852034871
11360,0.095713639572
11361,0.10590731428
11362,0.11924419411
11363,0.17168112066
11364,0.17549960974
11365,0.1783151686
11366,0.17877500138
11367,0.18312518459
11368,0.19302470029
11369,0.067909576262
11370,0.074370981733
11371,0.07761831682
11372,0.040880489396
11373,0.040160439564
11374,0.041800764923
11375,0.042631452962
11376,0.042980318775
11377,0.042957773996
11378,0.056473328366
11379,0.063763612996
11380,0.058345768332
11381,0.063448076567
11382,0.062805582681
11383,0.067346391984
11384,0.059580273795
11385,0.05455777593
11386,0.052323699324
11387,0.055688679142
11388,0.053081052483
11389,0.052894673087
11390,0.059786791843
11391,0.059483255934
11392,0.061333007407
11393,0.062371980097
11394,0.064597055354
11395,0.065916160478
11396,0.064263665079
11397,0.065071106746
11398,0.06524356374
11399,0.065636109282
11400,0.066116469386
11401,0.067443142927
11402,0.067535387817
11403,0.068425388993
11404,0.068566569681
11405,0.068891052571
11406,0.070534398065
11407,0.075940068143
11408,0.074871018105
11409,0.076436695742
11410,0.074928651852
11411,0.075013078475
11412,0.076155638467
11413,0.077017421794
11414,0.078061949628
11415,0.079839623278
11416,0.078935261887
11417,0.078848606558
11418,0.077210527724
11419,0.077196612445
11420,0.078109068886
11421,0.079182827082
11422,0.081437140605
11423,0.083398798431
11424,0.085449685874
11425,0.087015794743
11426,0.089018837168
11427,0.092316351979
11428,0.090926621618
11429,0.094195431433
11430,0.09522415501
11431,0.08379655842
11432,0.091605265105
11433,0.093788192559
11434,0.09696951126
11435,0.097904504757
11436,0.1004254794
11437,0.10253957482
11438,0.10619800049
11439,0.10965691489
11440,0.11212178484
11441,0.11305634463
11442,0.11249083726
11443,0.11251241253
11444,0.11335168494
11445,0.11293372339
11446,0.11626726121
11447,0.11819148522
11448,0.11726877923
11449,0.1125408543
11450,0.11428059351
11451,0.11618148114
11452,0.11357994617
11453,0.084853127555
11454,0.019354826096
11455,0.019161076677
11456,0.023820212393
11457,0.024149493394
11458,0.024681754563
11459,0.025176030952
11460,0.035741163984
11461,0.026082124762
11462,0.025367814375
11463,0.025150838384
11464,0.048530691568
11465,0.025761510948
11466,0.025145114602
11467,0.024656045002
11468,0.020474234561
11469,0.020405922887
11470,0.022291411366
11471,0.022347014619
11472,0.022304002735
11473,0.022220850556
11474,0.044833016538
11475,0.01883370363
11476,0.019159681632
11477,0.019311042698
11478,0.022468816972
11479,0.021906403902
11480,0.021337575931
11481,0.0419236978
11482,0.073142682835
11483,0.063770008957
11484,0.042695741923
11485,0.018520294492
11486,0.018180250434
11487,0.018857300266
11488,0.021570729453
11489,0.090469425382
11490,0.090814654374
11491,0.091944299718
11492,0.1057616581
11493,0.10843574945
11494,0.12152260554
11495,0.12926635198
11496,0.13512959005
11497,0.13902030532
11498,0.13983717095
11499,0.14398503647
11500,0.066945464314
11501,0.068342036291
11502,0.068550820031
11503,0.069510221155
11504,0.072287195198
11505,0.076681920674
11506,0.083891677985
11507,0.098128498118
11508,0.10666856005
11509,0.064370469623
11510,0.062344572997
11511,0.061859344323
11512,0.059173823881
11513,0.057775438388
11514,0.057511049818
11515,0.057778436422
11516,0.061497415587
11517,0.066443042206
11518,0.083547110557
11519,0.079332139198
11520,0.065307670531
11521,0.080062643058
11522,0.091433295479
11523,0.10869809069
11524,0.10583217577
11525,0.091949362937
11526,0.074405240603
11527,0.058836082228
11528,0.050969738498
11529,0.047029956957
11530,0.042037117765
11531,0.03692534155
11532,0.036719915886
11533,0.03783203291
11534,0.047998554248
11535,0.043191367019
11536,0.049369798033
11537,0.057462475715
11538,0.054299130594
11539,0.055889592267
11540,0.049409886817
11541,0.051694715391
11542,0.049256883502
11543,0.063088904875
11544,0.066057983993
11545,0.063898930327
11546,0.060878879913
11547,0.064459356781
11548,0.084707550277
11549,0.047344335231
11550,0.046944487153
11551,0.045854269805
11552,0.044429841082
11553,0.044188642176
11554,0.044518451136
11555,0.04504400967
11556,0.042526570135
11557,0.040437504642
11558,0.037274758101
11559,0.03743026575
11560,0.036043566489
11561,0.035496491905
11562,0.033842742226
11563,0.034658650592
11564,0.034135109307
11565,0.033819140301
11566,0.033213127158
11567,0.030714595388
11568,0.033426761293
11569,0.031341252191
11570,0.033552457954
11571,0.032344187783
11572,0.032027950251
11573,0.032851788029
11574,0.03430628307
11575,0.030671194653
11576,0.037094020537
11577,0.049051217976
11578,0.052596507299
11579,0.052428867601
11580,0.051256609098
11581,0.059386356626
11582,0.057386317264
11583,0.049186213899
11584,0.055947560835
11585,0.06104928154
11586,0.075536399297
11587,0.10431037452
11588,0.098618293058
11589,0.18142166714
11590,0.19161133358
11591,0.18997387844
11592,0.19341934925
11593,0.19894162806
11594,0.070469736499
11595,0.074355957703
11596,0.037946567402
11597,0.040778825067
11598,0.044831861672
11599,0.043099049971
11600,0.038246161304
11601,0.041377334797
11602,0.040052417185
11603,0.051232239137
11604,0.056213981698
11605,0.059047873378
11606,0.051477037308
11607,0.047256007954
11608,0.051748920012
11609,0.06229829551
11610,0.052194047284
11611,0.051580626985
11612,0.051129833233
11613,0.054277493191
11614,0.057177104171
11615,0.059787972865
11616,0.056105778649
11617,0.05220723617
11618,0.054788880002
11619,0.063322475562
11620,0.06307035214
11621,0.063156028479
11622,0.064100790265
11623,0.065660995801
11624,0.067831439993
11625,0.066880705553
11626,0.06607000991
11627,0.066353311296
11628,0.066504090858
11629,0.067328805897
11630,0.068304760004
11631,0.068158462712
11632,0.069840163859
11633,0.069808004997
11634,0.071125421366
11635,0.07193918652
11636,0.074986262048
11637,0.073952276764
11638,0.073787404885
11639,0.073508879101
11640,0.075523248233
11641,0.074911686907
11642,0.075607084974
11643,0.075407164311
11644,0.076412400376
11645,0.07759754377
11646,0.076147383166
11647,0.075697120006
11648,0.076608738275
11649,0.07760391736
11650,0.079075770396
11651,0.081047461132
11652,0.084099193393
11653,0.084806982407
11654,0.085636349379
11655,0.086826629001
11656,0.08826978348
11657,0.091108585968
11658,0.092516586766
11659,0.092659971025
11660,0.096054146852
11661,0.089702874145
11662,0.091131588285
11663,0.095415571299
11664,0.098242020287
11665,0.099534293653
11666,0.10238441932
11667,0.10463345963
11668,0.1079480372
11669,0.11055831465
11670,0.11252227579
11671,0.11551046158
11672,0.11763836147
11673,0.11471859379
11674,0.11571320333
11675,0.12010865022
11676,0.12429114964
11677,0.12373935976
11678,0.11772222894
11679,0.12107576574
11680,0.11438586032
11681,0.11419670394
11682,0.11789793615
11683,0.11691702476
11684,0.11843439003
11685,0.11803744844
11686,0.11720412863
11687,0.020227368538
11688,0.020581676788
11689,0.020704301909
11690,0.020585265806
11691,0.025634830666
11692,0.025557483293
11693,0.027826493337
11694,0.026586544498
11695,0.025588132294
11696,0.020692766062
11697,0.021333508677
11698,0.023387887647
11699,0.022391913017
11700,0.02236560982
11701,0.022286005461
11702,0.022840373571
11703,0.019577169028
11704,0.01980496525
11705,0.023472596146
11706,0.023447079876
11707,0.023160989539
11708,0.13468139254
11709,0.12454743024
11710,0.019527976568
11711,0.019111595726
11712,0.018525118027
11713,0.055346335022
11714,0.096327056315
11715,0.097681463547
11716,0.097775176409
11717,0.07294334965
11718,0.11342497638
11719,0.12206367668
11720,0.12500667557
11721,0.1333790323
11722,0.13540001631
11723,0.1373813023
11724,0.1440348558
11725,0.066201866578
11726,0.064231105889
11727,0.067522472003
11728,0.067947203159
11729,0.069887182018
11730,0.070847208407
11731,0.083049615937
11732,0.095593061702
11733,0.092207523112
11734,0.1031347447
11735,0.061736521853
11736,0.060117450391
11737,0.059239766628
11738,0.058252886199
11739,0.057786861409
11740,0.056336675254
11741,0.055932904002
11742,0.0566802256
11743,0.059901181901
11744,0.066642079522
11745,0.06158454917
11746,0.056543975413
11747,0.071985300363
11748,0.08212116086
11749,0.10261804962
11750,0.11841960206
11751,0.1116488259
11752,0.090253926202
11753,0.071667773456
11754,0.056984102753
11755,0.05028912714
11756,0.047167352318
11757,0.04333461338
11758,0.037641760514
11759,0.035923022143
11760,0.036328538883
11761,0.037567011283
11762,0.038938341533
11763,0.048045260321
11764,0.047855827096
11765,0.043080905357
11766,0.058501609264
11767,0.05347048339
11768,0.0552165187
11769,0.049322931027
11770,0.049001611182
11771,0.050861720915
11772,0.048111886042
11773,0.073799701749
11774,0.068869121852
11775,0.084694225288
11776,0.045493810353
11777,0.043961923622
11778,0.04356839049
11779,0.043107041063
11780,0.043601224463
11781,0.046323656313
11782,0.044614122863
11783,0.042108303986
11784,0.039098765656
11785,0.037775904695
11786,0.036790060317
11787,0.035720299341
11788,0.035140011286
11789,0.034710008685
11790,0.033788675157
11791,0.033744126005
11792,0.033766007211
11793,0.033355171397
11794,0.032960697874
11795,0.031628188376
11796,0.030670782349
11797,0.029268960768
11798,0.029130388096
11799,0.031949455584
11800,0.030937188212
11801,0.029893801449
11802,0.02892547487
11803,0.030369971547
11804,0.029934306436
11805,0.047845374285
11806,0.050477860966
11807,0.05195301894
11808,0.050421187455
11809,0.050666453068
11810,0.04852879362
11811,0.049003111802
11812,0.049106389103
11813,0.051120424384
11814,0.053475834147
11815,0.068192501389
11816,0.19856010584
11817,0.2038848411
11818,0.075823965236
11819,0.075189304948
11820,0.036965198858
11821,0.040290534526
11822,0.038463410687
11823,0.038901546772
11824,0.039103443548
11825,0.039081048489
11826,0.039329778302
11827,0.039022221279
11828,0.042016109579
11829,0.044255142939
11830,0.044323638283
11831,0.0400156607
11832,0.042544500376
11833,0.041362042697
11834,0.040100210067
11835,0.0422214928
11836,0.046158572861
11837,0.046845780087
11838,0.049012299883
11839,0.04980581865
11840,0.053700656812
11841,0.051271055111
11842,0.056365885244
11843,0.053380229508
11844,0.054374222846
11845,0.05575926766
11846,0.053376226513
11847,0.057977503084
11848,0.060553973566
11849,0.063578879316
11850,0.065675228552
11851,0.06658744576
11852,0.065935242056
11853,0.064925663668
11854,0.066303508823
11855,0.067020325498
11856,0.067285429762
11857,0.067539230386
11858,0.068011567626
11859,0.068978520201
11860,0.070848392241
11861,0.070996652317
11862,0.069161520646
11863,0.072549495785
11864,0.072802537136
11865,0.073949134285
11866,0.072379184669
11867,0.070998826291
11868,0.072223771818
11869,0.074792797402
11870,0.074021119731
11871,0.073548138557
11872,0.073854214495
11873,0.074849071084
11874,0.075303472613
11875,0.074470636437
11876,0.07493450774
11877,0.075550770631
11878,0.075420579071
11879,0.077768571146
11880,0.077754152749
11881,0.079218844016
11882,0.080403266566
11883,0.085332928585
11884,0.08672813509
11885,0.086936841237
11886,0.086621280537
11887,0.088034381481
11888,0.089797064971
11889,0.091262377904
11890,0.091699766245
11891,0.095657882436
11892,0.094033723659
11893,0.09632694635
11894,0.097000111771
11895,0.10203208799
11896,0.10419023887
11897,0.10760149209
11898,0.11079764139
11899,0.11395686404
11900,0.11691461276
11901,0.11976902638
11902,0.1233791427
11903,0.11842028073
11904,0.1289988322
11905,0.12944491639
11906,0.12960863556
11907,0.12609447891
11908,0.12041452341
11909,0.11810892437
11910,0.11661496782
11911,0.12906745031
11912,0.11697494431
11913,0.11476609587
11914,0.12131011731
11915,0.12200802148
11916,0.11916948514
11917,0.02103462871
11918,0.021122067957
11919,0.020988641875
11920,0.020884424623
11921,0.030050714445
11922,0.02881677424
11923,0.0287720839
11924,0.026456618489
11925,0.022048223079
11926,0.022445360837
11927,0.052632261481
11928,0.022318048441
11929,0.02245532967
11930,0.022381981438
11931,0.026629532427
11932,0.02006231121
11933,0.020369133785
11934,0.024074894415
11935,0.024235887771
11936,0.024388188146
11937,0.024726475366
11938,0.020358863461
11939,0.019977396836
11940,0.019574510025
11941,0.036355373195
11942,0.10299681589
11943,0.09989503423
11944,0.11609204805
11945,0.12240478245
11946,0.11590680803
11947,0.13015572071
11948,0.13538741966
11949,0.13523657258
11950,0.13747462015
11951,0.13506928295
11952,0.064529506965
11953,0.065917294019
11954,0.061771913486
11955,0.067281258351
11956,0.068102950405
11957,0.070746301296
11958,0.075601301812
11959,0.074416915108
11960,0.093334475754
11961,0.090077714456
11962,0.097034709515
11963,0.10579318726
11964,0.059697991163
11965,0.059056135619
11966,0.058734855442
11967,0.058171738645
11968,0.056922986125
11969,0.055424515287
11970,0.056002440415
11971,0.056020767393
11972,0.056228077797
11973,0.058029350642
11974,0.055571742301
11975,0.051187686161
11976,0.0654761408
11977,0.072176804548
11978,0.089428866008
11979,0.10634771999
11980,0.11272992606
11981,0.1057918245
11982,0.08467978717
11983,0.064561238993
11984,0.053225315836
11985,0.049604484079
11986,0.045841431697
11987,0.044214795031
11988,0.0396490013
11989,0.03472330972
11990,0.03402168914
11991,0.035052185937
11992,0.035630365442
11993,0.036961269132
11994,0.038139246594
11995,0.039609894636
11996,0.045654358573
11997,0.046603355173
11998,0.046589127736
11999,0.055646130778
12000,0.052375298408
12001,0.054577626891
12002,0.043689737573
12003,0.045629181224
12004,0.038041352439
12005,0.037891108584
12006,0.036730313113
12007,0.035938480346
12008,0.035354497151
12009,0.035014815241
12010,0.033683177494
12011,0.033866067652
12012,0.033837558289
12013,0.033779598348
12014,0.033601562476
12015,0.033905458221
12016,0.033104884176
12017,0.032129672115
12018,0.030142305084
12019,0.029540252635
12020,0.028818812926
12021,0.028900043111
12022,0.030061765878
12023,0.048882484863
12024,0.046089987997
12025,0.049506306879
12026,0.049764169954
12027,0.048260938546
12028,0.049089393706
12029,0.049017075731
12030,0.04863683612
12031,0.050218127084
12032,0.051546191846
12033,0.056309966779
12034,0.076070938621
12035,0.080340133944
12036,0.036916041801
12037,0.038407361891
12038,0.039379651744
12039,0.036831325875
12040,0.036452810732
12041,0.037092852679
12042,0.037980208118
12043,0.039979788863
12044,0.038164501229
12045,0.038030170571
12046,0.038990942004
12047,0.0338943249
12048,0.037264900997
12049,0.033715741717
12050,0.037922448275
12051,0.043686694409
12052,0.045020249741
12053,0.045482341407
12054,0.047337211097
12055,0.047129126941
12056,0.050235589302
12057,0.050489815822
12058,0.053940845924
12059,0.060521182357
12060,0.059493379387
12061,0.056545027656
12062,0.062643036145
12063,0.062990177791
12064,0.062248695525
12065,0.063182750471
12066,0.064865270432
12067,0.067070839508
12068,0.066079563052
12069,0.066254107752
12070,0.065892965042
12071,0.06602526573
12072,0.067374878722
12073,0.067520554784
12074,0.068274767045
12075,0.069323802393
12076,0.06999346638
12077,0.069303405382
12078,0.0707785386
12079,0.068809913702
12080,0.072409858851
12081,0.071389174983
12082,0.074487268611
12083,0.073541752259
12084,0.073127845532
12085,0.073549269405
12086,0.073667137598
12087,0.073891571067
12088,0.074873227365
12089,0.076372322105
12090,0.082374576653
12091,0.081390983863
12092,0.10932503119
12093,0.10029514102
12094,0.088832726639
12095,0.090853922256
12096,0.10005243962
12097,0.09024410821
12098,0.088162528913
12099,0.09383320386
12100,0.094321626905
12101,0.10018959256
12102,0.10303923448
12103,0.10563722613
12104,0.10802047025
12105,0.11446214378
12106,0.11940455885
12107,0.12253595678
12108,0.12726730961
12109,0.12015563338
12110,0.13348572081
12111,0.1336292462
12112,0.13462917691
12113,0.13360069524
12114,0.12358403334
12115,0.12929750427
12116,0.12068319042
12117,0.12244505294
12118,0.12508208328
12119,0.13623403224
12120,0.12928949675
12121,0.13894761909
12122,0.11680532379
12123,0.12360725595
12124,0.12360796631
12125,0.12095886464
12126,0.022127678088
12127,0.021477685694
12128,0.021346945675
12129,0.021152361135
12130,0.030320512465
12131,0.030840946574
12132,0.032571266009
12133,0.022733206077
12134,0.022919683687
12135,0.050154019777
12136,0.022552939514
12137,0.022441348864
12138,0.025731629533
12139,0.049994273064
12140,0.020653859349
12141,0.0209163026
12142,0.024669603413
12143,0.024558714488
12144,0.048991040278
12145,0.057279736809
12146,0.020603266651
12147,0.020477166862
12148,0.036814999622
12149,0.030126642567
12150,0.021920902823
12151,0.11662178905
12152,0.12660762219
12153,0.13414371781
12154,0.13574723039
12155,0.13714126171
12156,0.13686783328
12157,0.062332888471
12158,0.064311635743
12159,0.065334295215
12160,0.060244859776
12161,0.066655272311
12162,0.068683762162
12163,0.070806449873
12164,0.072025528017
12165,0.07446069838
12166,0.087446202392
12167,0.087165097992
12168,0.10015240348
12169,0.10202329791
12170,0.10562065784
12171,0.059081082733
12172,0.059262880248
12173,0.058684564161
12174,0.057445671074
12175,0.056112017965
12176,0.054093256033
12177,0.054658105149
12178,0.055202708786
12179,0.0552771899
12180,0.055063514388
12181,0.052052023885
12182,0.048318756182
12183,0.054621819372
12184,0.056373339129
12185,0.073884581533
12186,0.086984946828
12187,0.097098085104
12188,0.1025096845
12189,0.092177241487
12190,0.075829252607
12191,0.061182067159
12192,0.054072286467
12193,0.049743756862
12194,0.045813307707
12195,0.040945437283
12196,0.036015422959
12197,0.03241405235
12198,0.032251426379
12199,0.033959069825
12200,0.03680542078
12201,0.035534661177
12202,0.045171491557
12203,0.058406269774
12204,0.037124398867
12205,0.036863577395
12206,0.03656681679
12207,0.036731410563
12208,0.036178169478
12209,0.036398397875
12210,0.034868432902
12211,0.033421695008
12212,0.033217712671
12213,0.033679494479
12214,0.033974675105
12215,0.033953942592
12216,0.034097169189
12217,0.033646825395
12218,0.033915794443
12219,0.033841302939
12220,0.032343909243
12221,0.031446347804
12222,0.029368425486
12223,0.02910300748
12224,0.047917298656
12225,0.04753272607
12226,0.048871978532
12227,0.04863707158
12228,0.047982465556
12229,0.04728570803
12230,0.045873318442
12231,0.046974483557
12232,0.048506045504
12233,0.05060296584
12234,0.054926475864
12235,0.077278631043
12236,0.077760244327
12237,0.037330502554
12238,0.038235613623
12239,0.037982619604
12240,0.035366423369
12241,0.034956105515
12242,0.035701940777
12243,0.036375785898
12244,0.036268066982
12245,0.038704154635
12246,0.036034884377
12247,0.027732605579
12248,0.030486640762
12249,0.022944887699
12250,0.031663745059
12251,0.031055657444
12252,0.032121195287
12253,0.039777769926
12254,0.042821085846
12255,0.044641069945
12256,0.045344172911
12257,0.045747838197
12258,0.047446740918
12259,0.049104064006
12260,0.051066325489
12261,0.05116960338
12262,0.053424057104
12263,0.04892290685
12264,0.064027404002
12265,0.067703501764
12266,0.064351958091
12267,0.064763403116
12268,0.062250953767
12269,0.062058549494
12270,0.063999200158
12271,0.066386199681
12272,0.06470315691
12273,0.063595617999
12274,0.065664378793
12275,0.066310143856
12276,0.068170141043
12277,0.068024346288
12278,0.069338609497
12279,0.068200796847
12280,0.069645819819
12281,0.069026170706
12282,0.068120270674
12283,0.077770943588
12284,0.071842717655
12285,0.073441144881
12286,0.073942567358
12287,0.073244226305
12288,0.072616566126
12289,0.072224783429
12290,0.07267383097
12291,0.072992293532
12292,0.074226151119
12293,0.07427756911
12294,0.078208144697
12295,0.083607425689
12296,0.10116647293
12297,0.10062112753
12298,0.10478571087
12299,0.10935395547
12300,0.11143392624
12301,0.093354920384
12302,0.095263476226
12303,0.11396730619
12304,0.10689810335
12305,0.092984319921
12306,0.093495386199
12307,0.10191468471
12308,0.10192197962
12309,0.11006638406
12310,0.11675258235
12311,0.12195699827
12312,0.12399039024
12313,0.12842608489
12314,0.12299574806
12315,0.13184461189
12316,0.13928201171
12317,0.13951186763
12318,0.14025007483
12319,0.13450158597
12320,0.13994755488
12321,0.12648200613
12322,0.13248841077
12323,0.12293630991
12324,0.1457659914
12325,0.13238493737
12326,0.13812670372
12327,0.14306535226
12328,0.12617260579
12329,0.12825210873
12330,0.12589681191
12331,0.12331787556
12332,0.025055053367
12333,0.023510532851
12334,0.023189836396
12335,0.021551704073
12336,0.021730874351
12337,0.031923705467
12338,0.032441356179
12339,0.034225118556
12340,0.035823169135
12341,0.021951441964
12342,0.021954241573
12343,0.022603868508
12344,0.022539839455
12345,0.026030656333
12346,0.020919362394
12347,0.02121927764
12348,0.024954781973
12349,0.024839057779
12350,0.02916281683
12351,0.048817275601
12352,0.020785231219
12353,0.020723934782
12354,0.024566336342
12355,0.022936375974
12356,0.021203105506
12357,0.027254462242
12358,0.1135002257
12359,0.12127332409
12360,0.12887260689
12361,0.13222943343
12362,0.13624551159
12363,0.13872362439
12364,0.060217802399
12365,0.062107505276
12366,0.063746408713
12367,0.065588090304
12368,0.05908373822
12369,0.066709629462
12370,0.067518485667
12371,0.069701242129
12372,0.072285554228
12373,0.079958252072
12374,0.090929809344
12375,0.095344184272
12376,0.098913757679
12377,0.099514439488
12378,0.1038085641
12379,0.10804432654
12380,0.058541955098
12381,0.05896092252
12382,0.058897441356
12383,0.057601635631
12384,0.055271145714
12385,0.052894518596
12386,0.05326528264
12387,0.052953692503
12388,0.053740252647
12389,0.053418416925
12390,0.049706852976
12391,0.04819472251
12392,0.046644008937
12393,0.044782220646
12394,0.051320247889
12395,0.067082899902
12396,0.077165474686
12397,0.084119919762
12398,0.083651298615
12399,0.083986078664
12400,0.076621128616
12401,0.065495318995
12402,0.053026737214
12403,0.046930228361
12404,0.043435660589
12405,0.041679142847
12406,0.037538580952
12407,0.033295154489
12408,0.032110219724
12409,0.03205561261
12410,0.032270968234
12411,0.032446173797
12412,0.032871312325
12413,0.03375264195
12414,0.035534492686
12415,0.034174785931
12416,0.036053943506
12417,0.037416601912
12418,0.037672749854
12419,0.036786192623
12420,0.037233992838
12421,0.037126948729
12422,0.03607020972
12423,0.034574053042
12424,0.033294059965
12425,0.032318914889
12426,0.033503557343
12427,0.033678367126
12428,0.033811073052
12429,0.034011000539
12430,0.033919728613
12431,0.032748564781
12432,0.0327296243
12433,0.032617368065
12434,0.032577749594
12435,0.031295179781
12436,0.030597816945
12437,0.048642048924
12438,0.047752491554
12439,0.04780769196
12440,0.047394515538
12441,0.047069132188
12442,0.046706291087
12443,0.045733130231
12444,0.047011349828
12445,0.049638425952
12446,0.054907061445
12447,0.055705255722
12448,0.037365093118
12449,0.03659121729
12450,0.036724242046
12451,0.035517137895
12452,0.034507710986
12453,0.034737851304
12454,0.027721621464
12455,0.027153309002
12456,0.030555297612
12457,0.02622782968
12458,0.021673623374
12459,0.01782777076
12460,0.013072244559
12461,0.012532056414
12462,0.012249428026
12463,0.01321493892
12464,0.040625002479
12465,0.043024951589
12466,0.045752095693
12467,0.047613542977
12468,0.049278030195
12469,0.054268888639
12470,0.049679667946
12471,0.05428379956
12472,0.054823619294
12473,0.064108038046
12474,0.063518165902
12475,0.062809203184
12476,0.059950867921
12477,0.060030228429
12478,0.061453360557
12479,0.060489340068
12480,0.062535081014
12481,0.062109464044
12482,0.063339900068
12483,0.064470351514
12484,0.065274803191
12485,0.066426847393
12486,0.067506807493
12487,0.06921951161
12488,0.068768104564
12489,0.070391491617
12490,0.071265890731
12491,0.074090461611
12492,0.075849256334
12493,0.073336409692
12494,0.072534528725
12495,0.071438514253
12496,0.071773718687
12497,0.071919594143
12498,0.071788972757
12499,0.072001889328
12500,0.07361136485
12501,0.074423381539
12502,0.075013230004
12503,0.10082571896
12504,0.10682494039
12505,0.12266121255
12506,0.13554490827
12507,0.10538203592
12508,0.11726332236
12509,0.13647294637
12510,0.11159720728
12511,0.098258936557
12512,0.13717695038
12513,0.10492843376
12514,0.10991073552
12515,0.11712505297
12516,0.11585801886
12517,0.1194713876
12518,0.12710997085
12519,0.12486545066
12520,0.11793960709
12521,0.14733410076
12522,0.11772161566
12523,0.14447120401
12524,0.14535092344
12525,0.13895052167
12526,0.14593923382
12527,0.1295161022
12528,0.13516476588
12529,0.12508950225
12530,0.13444185503
12531,0.12888065134
12532,0.13444994101
12533,0.12876187383
12534,0.14288970219
12535,0.1453488022
12536,0.12789872189
12537,0.13242205315
12538,0.12935216029
12539,0.12525804099
12540,0.027584241844
12541,0.026614754323
12542,0.024864028557
12543,0.02430063165
12544,0.035313285475
12545,0.036161190167
12546,0.021827967384
12547,0.021697580491
12548,0.023647028314
12549,0.0232843382
12550,0.022518129484
12551,0.025398514831
12552,0.021237576173
12553,0.024920190945
12554,0.068780586918
12555,0.053090088766
12556,0.1120932348
12557,0.14634657111
12558,0.041463341426
12559,0.03142218502
12560,0.021695376458
12561,0.032868801411
12562,0.026678768895
12563,0.02162857938
12564,0.031821552843
12565,0.048574397035
12566,0.11643440749
12567,0.12225985427
12568,0.12565581414
12569,0.13191505748
12570,0.1353563711
12571,0.13835076954
12572,0.055439965236
12573,0.058913704754
12574,0.06013102546
12575,0.064549467447
12576,0.065921146094
12577,0.06669505404
12578,0.056651365845
12579,0.066873232282
12580,0.06697721232
12581,0.069274098152
12582,0.071603655518
12583,0.076381517271
12584,0.081081470984
12585,0.084786031902
12586,0.094809744255
12587,0.09725364518
12588,0.098041412276
12589,0.098217977398
12590,0.10637969636
12591,0.10718550093
12592,0.1133850666
12593,0.057687970578
12594,0.058328756911
12595,0.058616360828
12596,0.056161198669
12597,0.054785206076
12598,0.054000112339
12599,0.053139870236
12600,0.052724477374
12601,0.051453685033
12602,0.051831945147
12603,0.051475606412
12604,0.049008780736
12605,0.047462418023
12606,0.046170572745
12607,0.045814652585
12608,0.045106569856
12609,0.045486139707
12610,0.049308092502
12611,0.059282049733
12612,0.064654905276
12613,0.067109681691
12614,0.077011414913
12615,0.087324601648
12616,0.079857921977
12617,0.064154476946
12618,0.054198084269
12619,0.045051231631
12620,0.041384853091
12621,0.038147896144
12622,0.038730378142
12623,0.034646581509
12624,0.031399578929
12625,0.031937624157
12626,0.031805210021
12627,0.032159748762
12628,0.031434848708
12629,0.0307903747
12630,0.031489087105
12631,0.032921788207
12632,0.032233336003
12633,0.033543250911
12634,0.037978382098
12635,0.037144170467
12636,0.036506322194
12637,0.036241677496
12638,0.035675520127
12639,0.034998371096
12640,0.032924793087
12641,0.031501617234
12642,0.03219067317
12643,0.032797915117
12644,0.033146912868
12645,0.033174150337
12646,0.033250914702
12647,0.032705709444
12648,0.032507328849
12649,0.031480580072
12650,0.031418535837
12651,0.031599328028
12652,0.030727029501
12653,0.047275577923
12654,0.048005456303
12655,0.047585303527
12656,0.047000383326
12657,0.047187388404
12658,0.046672791648
12659,0.046607095013
12660,0.047975007723
12661,0.052375362755
12662,0.057054411742
12663,0.037626392825
12664,0.037470370754
12665,0.036892729687
12666,0.036094388194
12667,0.032633355894
12668,0.033322283595
12669,0.027886682311
12670,0.028361396998
12671,0.027378727632
12672,0.029390074728
12673,0.025814876323
12674,0.025976760776
12675,0.0256956708
12676,0.013386811499
12677,0.012303223782
12678,0.011272731572
12679,0.011392789855
12680,0.011941618846
12681,0.012796630992
12682,0.018391549398
12683,0.034915309616
12684,0.040118768801
12685,0.043259909179
12686,0.045665291753
12687,0.049343084239
12688,0.048717545169
12689,0.049813578214
12690,0.048319395733
12691,0.053301116849
12692,0.057052598124
12693,0.058547254336
12694,0.058871120167
12695,0.058994622852
12696,0.059413400933
12697,0.059937339001
12698,0.059561516947
12699,0.060118524509
12700,0.061218005087
12701,0.061348351525
12702,0.06171802918
12703,0.0623188636
12704,0.06343417585
12705,0.064021192522
12706,0.065484510147
12707,0.067216767289
12708,0.068358888224
12709,0.070175222514
12710,0.070922868811
12711,0.071003483311
12712,0.070923553124
12713,0.074531212167
12714,0.073586103459
12715,0.072917438308
12716,0.071931169844
12717,0.072937423562
12718,0.072064373363
12719,0.072581585155
12720,0.070892312522
12721,0.070657126212
12722,0.070291542395
12723,0.073107764863
12724,0.071724651645
12725,0.074098568549
12726,0.074913323669
12727,0.075604580264
12728,0.10494379633
12729,0.10868681026
12730,0.1553622624
12731,0.16379048761
12732,0.17717294179
12733,0.12701824567
12734,0.13270902919
12735,0.15316427119
12736,0.16124440425
12737,0.11843709858
12738,0.11107106834
12739,0.15521118636
12740,0.14290752931
12741,0.11765366427
12742,0.10819274637
12743,0.10653741786
12744,0.10055748931
12745,0.12675067532
12746,0.089107343855
12747,0.15181381807
12748,0.1549731325
12749,0.12156367741
12750,0.13969303532
12751,0.13921806085
12752,0.14647487244
12753,0.1528525736
12754,0.13052530562
12755,0.13459122217
12756,0.12496726189
12757,0.14663931731
12758,0.13670309708
12759,0.12410473906
12760,0.12423411224
12761,0.12236850157
12762,0.12286312966
12763,0.13171038805
12764,0.1464562037
12765,0.14804192321
12766,0.13101297811
12767,0.13350921739
12768,0.13144027787
12769,0.1276086956
12770,0.030985795519
12771,0.029976132938
12772,0.026104838909
12773,0.025726694978
12774,0.02566444989
12775,0.0241499065
12776,0.022579236328
12777,0.023206058225
12778,0.052340724212
12779,0.086879678812
12780,0.041294110146
12781,0.041161476288
12782,0.04273930554
12783,0.03767884868
12784,0.029644259101
12785,0.071688127467
12786,0.066383872272
12787,0.069946476378
12788,0.11775283453
12789,0.11970223348
12790,0.12442469139
12791,0.12775927787
12792,0.13238339259
12793,0.1372090939
12794,0.05343379577
12795,0.053463633891
12796,0.054486040914
12797,0.055271102449
12798,0.056873861717
12799,0.061251713497
12800,0.064982834785
12801,0.065637506401
12802,0.065838657146
12803,0.06683613251
12804,0.055406118764
12805,0.06783568868
12806,0.067840089189
12807,0.069776430968
12808,0.070463445854
12809,0.071923157353
12810,0.075505981422
12811,0.081949969471
12812,0.086977579467
12813,0.088584367177
12814,0.096836784775
12815,0.098595964679
12816,0.10056989897
12817,0.1098645914
12818,0.11397398335
12819,0.11649500547
12820,0.11809112277
12821,0.057553101385
12822,0.059615516687
12823,0.059096117633
12824,0.056573574148
12825,0.056178666634
12826,0.053889278101
12827,0.050126420666
12828,0.054417373758
12829,0.052799970147
12830,0.051663823939
12831,0.049610510694
12832,0.049922857957
12833,0.047560538348
12834,0.045339747406
12835,0.047266007581
12836,0.045434539033
12837,0.045392368938
12838,0.045699213067
12839,0.046297821637
12840,0.04748534792
12841,0.051677997291
12842,0.048835977238
12843,0.054921113781
12844,0.065470562154
12845,0.081035813622
12846,0.085596487773
12847,0.086084775804
12848,0.074039160564
12849,0.064502701359
12850,0.051921603159
12851,0.044840923134
12852,0.040490595188
12853,0.037051454256
12854,0.034971621194
12855,0.035055784038
12856,0.032848636587
12857,0.030309085301
12858,0.030372892059
12859,0.03120011183
12860,0.030879222388
12861,0.031339187598
12862,0.030837987301
12863,0.030629328198
12864,0.029594975044
12865,0.029807283722
12866,0.028434232486
12867,0.029089288889
12868,0.028428132807
12869,0.031121910823
12870,0.030300026252
12871,0.034070689651
12872,0.033880025452
12873,0.033987837452
12874,0.036448631357
12875,0.034843847423
12876,0.035274712498
12877,0.035342474546
12878,0.035302107143
12879,0.035560898861
12880,0.035101115034
12881,0.032501958465
12882,0.031305686882
12883,0.032033861199
12884,0.031773505407
12885,0.032306576836
12886,0.031065622439
12887,0.030786621351
12888,0.030746284492
12889,0.030975233674
12890,0.028879360079
12891,0.048724345561
12892,0.048111507336
12893,0.048846359829
12894,0.046999634491
12895,0.048847598941
12896,0.049159650717
12897,0.038270283258
12898,0.036539559996
12899,0.031512344159
12900,0.029092103492
12901,0.02729865937
12902,0.027585980883
12903,0.027003551172
12904,0.025774270165
12905,0.025108538092
12906,0.024829545536
12907,0.024641821816
12908,0.023699598401
12909,0.01277684624
12910,0.011789151218
12911,0.011510751583
12912,0.011090048711
12913,0.011028691301
12914,0.010887905062
12915,0.011148266967
12916,0.011306114692
12917,0.011353625483
12918,0.012166243907
12919,0.012850160623
12920,0.013359660272
12921,0.017828557845
12922,0.026923055941
12923,0.035836198312
12924,0.038380517873
12925,0.040057611511
12926,0.042425609224
12927,0.044508391592
12928,0.04517754645
12929,0.04813327231
12930,0.054286868313
12931,0.052694309611
12932,0.055181123115
12933,0.052152514538
12934,0.05292136121
12935,0.055395978873
12936,0.057870688199
12937,0.059064412428
12938,0.059771533002
12939,0.059311773716
12940,0.059342269714
12941,0.059609215878
12942,0.060029403136
12943,0.060973092571
12944,0.06142499878
12945,0.061477685251
12946,0.061848587993
12947,0.062322422572
12948,0.063485582836
12949,0.064212784792
12950,0.065345558054
12951,0.06783481712
12952,0.070044326176
12953,0.069284086678
12954,0.072344355139
12955,0.074156548858
12956,0.071117471471
12957,0.070737045574
12958,0.075504632363
12959,0.074437844065
12960,0.074858262282
12961,0.078361682227
12962,0.070969326153
12963,0.06934178
12964,0.069092153414
12965,0.068845686214
12966,0.070138461539
12967,0.074596413971
12968,0.073756005822
12969,0.072056700042
12970,0.075907993811
12971,0.076884522955
12972,0.10626167603
12973,0.11108358505
12974,0.17077417815
12975,0.17402290143
12976,0.17809873271
12977,0.15366054138
12978,0.13575474562
12979,0.11965113215
12980,0.14619042197
12981,0.13928366166
12982,0.12631922147
12983,0.11779444348
12984,0.12525062637
12985,0.1295240512
12986,0.10365731175
12987,0.10893708495
12988,0.15872097607
12989,0.15341849316
12990,0.16048982143
12991,0.10381576134
12992,0.14365940853
12993,0.13773828019
12994,0.14360406117
12995,0.15354701601
12996,0.15040800771
12997,0.16017450009
12998,0.1317078736
12999,0.13384655542
13000,0.12594525913
13001,0.1276054959
13002,0.14713262547
13003,0.14486665095
13004,0.1283588589
13005,0.12304389629
13006,0.12252991277
13007,0.12174495559
13008,0.12784840814
13009,0.13097125035
13010,0.14487659263
13011,0.13691060747
13012,0.12947458398
13013,0.12845993119
13014,0.12724001802
13015,0.13000227168
13016,0.033724014066
13017,0.034423266668
13018,0.034144311921
13019,0.025889954785
13020,0.046045129122
13021,0.095792089325
13022,0.10404764849
13023,0.12062149213
13024,0.12073572561
13025,0.12470070584
13026,0.12874172577
13027,0.053291578211
13028,0.052079548239
13029,0.051646155035
13030,0.053073596271
13031,0.055150423145
13032,0.055997052353
13033,0.057312543908
13034,0.060965180802
13035,0.065192764484
13036,0.064952171202
13037,0.06568555722
13038,0.065847406124
13039,0.066199535747
13040,0.067224933826
13041,0.056820215087
13042,0.066550944649
13043,0.07004483368
13044,0.069055347118
13045,0.069622667464
13046,0.071476897669
13047,0.071637304109
13048,0.077163131367
13049,0.084030076637
13050,0.093558919852
13051,0.096870789535
13052,0.10407224178
13053,0.10770130991
13054,0.11159055023
13055,0.11162517471
13056,0.11780615559
13057,0.12147563485
13058,0.12104809605
13059,0.0568240268
13060,0.057649942467
13061,0.056756918995
13062,0.056563889045
13063,0.055714436374
13064,0.052224060285
13065,0.050870377005
13066,0.050493771214
13067,0.050313339007
13068,0.050153711188
13069,0.052609400026
13070,0.052003920249
13071,0.050512838765
13072,0.047830287682
13073,0.04663489494
13074,0.045643169082
13075,0.045774471729
13076,0.045676687503
13077,0.045401686973
13078,0.045235849619
13079,0.045335432835
13080,0.045651315077
13081,0.046333191722
13082,0.046779375339
13083,0.047562105209
13084,0.048288606413
13085,0.047502926684
13086,0.046882780783
13087,0.052708824705
13088,0.059149540623
13089,0.06764529835
13090,0.074204047451
13091,0.086368758987
13092,0.089299545154
13093,0.077695386062
13094,0.0593629507
13095,0.049162250009
13096,0.044304847
13097,0.043384510546
13098,0.038897668569
13099,0.038585577356
13100,0.036345523958
13101,0.034903036329
13102,0.034783745595
13103,0.035171718542
13104,0.030435586093
13105,0.029716513476
13106,0.030325421239
13107,0.029666062589
13108,0.029948014932
13109,0.03024481165
13110,0.030276413159
13111,0.029813674064
13112,0.02946363339
13113,0.027501407937
13114,0.027875999474
13115,0.026710622952
13116,0.026331248813
13117,0.027869642637
13118,0.033718712272
13119,0.033698143656
13120,0.03280614933
13121,0.034604718006
13122,0.035535222846
13123,0.03566493348
13124,0.035622034693
13125,0.033055702154
13126,0.031981368725
13127,0.032697055428
13128,0.032884772504
13129,0.031800147264
13130,0.031409082277
13131,0.030299072795
13132,0.028972941515
13133,0.029037074399
13134,0.028180571495
13135,0.028088385311
13136,0.029557525828
13137,0.028303000141
13138,0.027556837391
13139,0.049199179607
13140,0.040447747708
13141,0.036422468001
13142,0.02925263675
13143,0.027772880256
13144,0.027133827453
13145,0.027409127545
13146,0.026066564318
13147,0.026747660742
13148,0.025832213444
13149,0.02654669923
13150,0.025005792178
13151,0.027350539105
13152,0.025357150352
13153,0.024664045152
13154,0.01212770711
13155,0.011140742146
13156,0.011021943763
13157,0.011040434873
13158,0.011232715947
13159,0.01125594408
13160,0.010816311329
13161,0.010754391802
13162,0.010286159745
13163,0.012252891059
13164,0.0099877129318
13165,0.010541882033
13166,0.013260679463
13167,0.013605038463
13168,0.02170629877
13169,0.025747413173
13170,0.027589860577
13171,0.027853967519
13172,0.032744524717
13173,0.033196898652
13174,0.045510688188
13175,0.043728267366
13176,0.04416968655
13177,0.045280702408
13178,0.048966390483
13179,0.054846145085
13180,0.058194648624
13181,0.060511603519
13182,0.05959103562
13183,0.059210549407
13184,0.059277373983
13185,0.059085079003
13186,0.059529419366
13187,0.060287214406
13188,0.060533313819
13189,0.061191946379
13190,0.061621825491
13191,0.061319037583
13192,0.063176037206
13193,0.06301800127
13194,0.065919459302
13195,0.064134400571
13196,0.069352470729
13197,0.072148177686
13198,0.070301596325
13199,0.069906680307
13200,0.071994105397
13201,0.077156016861
13202,0.075014141309
13203,0.080352141295
13204,0.078049742426
13205,0.082491069771
13206,0.0699499148
13207,0.069617545351
13208,0.06879620229
13209,0.068262410841
13210,0.067958936216
13211,0.067591044004
13212,0.067207745745
13213,0.071478456367
13214,0.068971806382
13215,0.075315458591
13216,0.075376719109
13217,0.073855661064
13218,0.076926745256
13219,0.076377847876
13220,0.17624858269
13221,0.18017283255
13222,0.17973332556
13223,0.15091984533
13224,0.12538346785
13225,0.14799537874
13226,0.14793146005
13227,0.1355410689
13228,0.13180374623
13229,0.12195377568
13230,0.10728704449
13231,0.11876911684
13232,0.12183117068
13233,0.1636807993
13234,0.1572574264
13235,0.16827520417
13236,0.1288286008
13237,0.1128928931
13238,0.13781560765
13239,0.14273776983
13240,0.15223571399
13241,0.1485676418
13242,0.15799015333
13243,0.16908342013
13244,0.17071452689
13245,0.13353314169
13246,0.1339604642
13247,0.12765088803
13248,0.12980873157
13249,0.13100186127
13250,0.14260501728
13251,0.13297898091
13252,0.126676517
13253,0.12441677396
13254,0.12210135135
13255,0.12369885405
13256,0.12355576897
13257,0.1256808398
13258,0.14290686836
13259,0.13422836119
13260,0.12397575745
13261,0.12561882971
13262,0.035190124084
13263,0.035416768725
13264,0.036330210529
13265,0.037163759372
13266,0.11773370703
13267,0.11528219952
13268,0.12146255436
13269,0.12155364808
13270,0.049505863383
13271,0.051251412749
13272,0.050753316475
13273,0.05143105041
13274,0.051827348598
13275,0.052524226431
13276,0.053721041821
13277,0.053574229418
13278,0.054640935553
13279,0.056179671359
13280,0.056326717177
13281,0.060929818352
13282,0.064730309045
13283,0.065365764512
13284,0.065952441596
13285,0.066525460823
13286,0.066833675266
13287,0.066788949627
13288,0.06856547214
13289,0.05350213242
13290,0.069397608866
13291,0.070076412442
13292,0.070492331501
13293,0.072195366465
13294,0.069730342354
13295,0.075068302069
13296,0.078320635178
13297,0.08222267171
13298,0.088329305687
13299,0.09850119157
13300,0.10596920134
13301,0.10638665661
13302,0.11021463295
13303,0.1113300822
13304,0.11230611822
13305,0.11785004756
13306,0.11689226391
13307,0.12088284613
13308,0.12339271354
13309,0.1222346206
13310,0.05109226048
13311,0.051878516652
13312,0.052204917275
13313,0.055483399065
13314,0.051227856691
13315,0.048096118842
13316,0.047850742073
13317,0.0442918977
13318,0.043052668911
13319,0.045022356524
13320,0.048165989852
13321,0.050102113178
13322,0.049724769749
13323,0.052913079567
13324,0.051905920154
13325,0.050986493233
13326,0.048754907186
13327,0.047582052196
13328,0.047686494553
13329,0.046405549008
13330,0.046218519943
13331,0.046628808437
13332,0.047649042766
13333,0.045408396912
13334,0.045613136447
13335,0.045667653134
13336,0.04555089008
13337,0.045797247855
13338,0.046005212203
13339,0.046495782661
13340,0.047067581796
13341,0.047971082546
13342,0.0483567854
13343,0.04869585318
13344,0.048125551757
13345,0.047922929518
13346,0.047164147944
13347,0.050278783163
13348,0.052661962852
13349,0.062755678138
13350,0.069672718471
13351,0.082456204548
13352,0.078479633254
13353,0.075336310562
13354,0.062512571355
13355,0.051615173283
13356,0.04960792743
13357,0.046365767801
13358,0.042479323191
13359,0.04077080232
13360,0.038716466553
13361,0.038303548065
13362,0.037470248883
13363,0.035493990757
13364,0.035079136026
13365,0.034954886419
13366,0.035628149137
13367,0.035653956891
13368,0.03466195459
13369,0.0287645833
13370,0.032017814954
13371,0.029065325597
13372,0.029187225472
13373,0.028684439476
13374,0.029097286673
13375,0.029297820962
13376,0.028690826453
13377,0.029383072685
13378,0.029383859069
13379,0.029091092672
13380,0.024695763271
13381,0.0240375248
13382,0.024257382008
13383,0.032226066486
13384,0.030549443121
13385,0.030682926376
13386,0.032618021173
13387,0.032476719093
13388,0.033768878513
13389,0.032599818672
13390,0.033415824255
13391,0.033110933159
13392,0.032520633546
13393,0.03308889728
13394,0.033794716061
13395,0.033046951861
13396,0.03268258302
13397,0.032092227065
13398,0.031260150029
13399,0.030276528702
13400,0.028943551618
13401,0.027270675382
13402,0.026945691638
13403,0.026792495281
13404,0.027464841388
13405,0.02685491416
13406,0.026626186923
13407,0.02601650016
13408,0.037561798938
13409,0.034628108147
13410,0.033864666192
13411,0.03153043558
13412,0.02796495274
13413,0.027487339898
13414,0.030908144511
13415,0.031514338498
13416,0.028303594101
13417,0.029313206967
13418,0.031305362126
13419,0.030476439565
13420,0.029055746522
13421,0.029822176994
13422,0.029287567097
13423,0.01176032842
13424,0.011260454929
13425,0.010698542057
13426,0.010731945124
13427,0.011061069813
13428,0.011068844367
13429,0.011086890514
13430,0.011552618765
13431,0.012039503607
13432,0.0110134812
13433,0.010377349155
13434,0.010011368524
13435,0.010381344272
13436,0.010692661294
13437,0.01051958985
13438,0.010746621352
13439,0.010830829827
13440,0.027015533286
13441,0.029524883353
13442,0.031743435884
13443,0.034075053083
13444,0.034668791508
13445,0.038182104788
13446,0.045487968602
13447,0.043518517877
13448,0.04553674732
13449,0.042964038998
13450,0.05134288578
13451,0.053834701122
13452,0.057193543152
13453,0.060176009796
13454,0.059590908707
13455,0.058710113129
13456,0.058635912735
13457,0.059270322299
13458,0.059772107345
13459,0.059863646377
13460,0.061046342298
13461,0.060597262089
13462,0.060071423453
13463,0.060882035147
13464,0.060974543453
13465,0.062128258346
13466,0.072587925975
13467,0.073045717919
13468,0.065297080273
13469,0.072729964514
13470,0.07137245388
13471,0.068553529491
13472,0.074209933332
13473,0.084483386425
13474,0.072897746118
13475,0.085760657822
13476,0.083341525109
13477,0.082859319321
13478,0.079300467758
13479,0.081164329032
13480,0.069138575166
13481,0.069476794501
13482,0.068613402912
13483,0.068238956917
13484,0.067961179123
13485,0.067414946806
13486,0.06593154491
13487,0.066345855301
13488,0.065749025163
13489,0.063583021021
13490,0.066051473866
13491,0.070804136523
13492,0.073663161662
13493,0.069105813874
13494,0.076877728641
13495,0.075783888401
13496,0.11124019664
13497,0.13429633932
13498,0.12674547359
13499,0.11135683504
13500,0.1087912206
13501,0.10337441425
13502,0.11147375772
13503,0.10220470392
13504,0.14615024405
13505,0.15188510245
13506,0.16470400465
13507,0.17463369448
13508,0.11680723833
13509,0.1301827906
13510,0.13721910147
13511,0.14255186802
13512,0.1489274942
13513,0.16094697586
13514,0.15583959194
13515,0.16625681937
13516,0.17919493205
13517,0.18511931693
13518,0.17754445958
13519,0.13599911244
13520,0.12698934782
13521,0.13062047586
13522,0.13317288584
13523,0.12903498447
13524,0.12041944546
13525,0.12029199998
13526,0.12170727577
13527,0.13231410637
13528,0.12053234648
13529,0.12304766778
13530,0.13190990325
13531,0.12376777173
13532,0.12458932796
13533,0.035829715023
13534,0.036509510139
13535,0.036808273269
13536,0.050464628687
13537,0.049194855318
13538,0.048294590768
13539,0.051177109241
13540,0.051417801228
13541,0.051360935514
13542,0.051974514612
13543,0.052042397196
13544,0.052680286565
13545,0.053123314479
13546,0.053961157596
13547,0.053714271306
13548,0.053953004569
13549,0.054857942351
13550,0.055579201719
13551,0.055827663873
13552,0.056595849919
13553,0.061065804831
13554,0.064068110288
13555,0.065328918422
13556,0.065426900127
13557,0.06571251804
13558,0.066347345177
13559,0.066738272786
13560,0.067074628535
13561,0.067624281347
13562,0.06826962874
13563,0.067758057363
13564,0.06789497906
13565,0.07012749634
13566,0.047512125869
13567,0.07446964439
13568,0.072760173975
13569,0.072687300191
13570,0.078927759544
13571,0.088900531072
13572,0.097695082921
13573,0.10193518556
13574,0.10617248654
13575,0.10529139384
13576,0.11224000443
13577,0.11606114634
13578,0.11797406259
13579,0.11492564944
13580,0.046530018536
13581,0.04638744347
13582,0.046793085802
13583,0.046505383372
13584,0.051898474814
13585,0.045307036697
13586,0.04611548023
13587,0.044850749899
13588,0.044488118527
13589,0.044039017921
13590,0.042921177735
13591,0.043134719554
13592,0.042544700045
13593,0.044904395809
13594,0.047322358429
13595,0.046567094808
13596,0.049732676111
13597,0.047473330231
13598,0.052863875754
13599,0.052048321335
13600,0.050408784956
13601,0.049332115754
13602,0.048062080902
13603,0.048166390542
13604,0.048535651031
13605,0.047437305479
13606,0.04738732937
13607,0.047968668126
13608,0.046955074802
13609,0.046020113851
13610,0.045631582233
13611,0.046068971193
13612,0.046283898946
13613,0.04599588807
13614,0.045717951128
13615,0.045753349381
13616,0.045782350437
13617,0.045761732624
13618,0.046008429729
13619,0.046733586899
13620,0.047227622947
13621,0.04781518335
13622,0.04819964184
13623,0.04862412788
13624,0.049138681925
13625,0.049460449616
13626,0.048804890281
13627,0.048718779311
13628,0.048491191267
13629,0.047673149294
13630,0.046893432835
13631,0.050484236924
13632,0.059772170587
13633,0.062385135883
13634,0.070725411899
13635,0.067771374901
13636,0.072547183123
13637,0.064764886896
13638,0.054778312669
13639,0.051880296716
13640,0.04797995899
13641,0.043713199383
13642,0.040910417076
13643,0.03959268976
13644,0.039993826307
13645,0.038735547701
13646,0.038031701212
13647,0.037604481426
13648,0.037375407332
13649,0.035969561261
13650,0.035988337836
13651,0.035953244887
13652,0.035576293218
13653,0.035010931703
13654,0.035410694471
13655,0.034589755163
13656,0.034779873111
13657,0.029224724512
13658,0.028217380228
13659,0.028392552285
13660,0.027519449272
13661,0.027853713117
13662,0.028497442845
13663,0.028379985205
13664,0.02713440039
13665,0.028508221662
13666,0.028834185267
13667,0.028658677974
13668,0.027437856237
13669,0.030491191916
13670,0.031182126178
13671,0.031278046319
13672,0.029632805009
13673,0.030803004036
13674,0.032231582823
13675,0.032696078529
13676,0.033088094679
13677,0.033270693147
13678,0.033190414515
13679,0.032757178844
13680,0.033420214205
13681,0.034130003111
13682,0.034108292356
13683,0.033407464202
13684,0.032694029628
13685,0.032324854079
13686,0.031999979262
13687,0.031281179795
13688,0.030419408448
13689,0.029253018629
13690,0.025808733542
13691,0.026373245035
13692,0.026472035724
13693,0.026866153789
13694,0.026743908369
13695,0.039986590752
13696,0.038789502497
13697,0.034583664735
13698,0.032549217735
13699,0.033602171787
13700,0.033848199545
13701,0.033502865466
13702,0.03353040292
13703,0.032912976036
13704,0.031053529047
13705,0.03160595819
13706,0.030161843829
13707,0.030377346873
13708,0.029654411167
13709,0.02971166691
13710,0.0299462642
13711,0.029143177632
13712,0.011135876022
13713,0.010649364599
13714,0.010247299853
13715,0.010485485296
13716,0.010769213566
13717,0.011200565005
13718,0.011499214625
13719,0.01161390151
13720,0.0114409209
13721,0.01184939712
13722,0.012921189136
13723,0.011935384593
13724,0.010951462025
13725,0.010370150802
13726,0.0099755051268
13727,0.01019581704
13728,0.01058821154
13729,0.010921567802
13730,0.010976702981
13731,0.011024262551
13732,0.011445837973
13733,0.032620881552
13734,0.034856798867
13735,0.038923436975
13736,0.0387730327
13737,0.041772478668
13738,0.043307393912
13739,0.045421799126
13740,0.044739998113
13741,0.04602571203
13742,0.043386955496
13743,0.049053023412
13744,0.048050622912
13745,0.056144791908
13746,0.056468147826
13747,0.05964944028
13748,0.058057822146
13749,0.057303067241
13750,0.057804711004
13751,0.058441244124
13752,0.059798137262
13753,0.060229641572
13754,0.059407697046
13755,0.061101516422
13756,0.060035978358
13757,0.060122828459
13758,0.059782284685
13759,0.060778600098
13760,0.061663073896
13761,0.06237783839
13762,0.069631993919
13763,0.071901334149
13764,0.071766973933
13765,0.07331992465
13766,0.073777810086
13767,0.071649683894
13768,0.080960292182
13769,0.080797738189
13770,0.083550234325
13771,0.082908727138
13772,0.0831354352
13773,0.068480551965
13774,0.06822681477
13775,0.067748254897
13776,0.067287082027
13777,0.067379234405
13778,0.066573773897
13779,0.065367586741
13780,0.063920955252
13781,0.064001088219
13782,0.060442978942
13783,0.059268116768
13784,0.061808624855
13785,0.065860831155
13786,0.072470469418
13787,0.07883135931
13788,0.075512922942
13789,0.072505586116
13790,0.069491801782
13791,0.078848963688
13792,0.10438319319
13793,0.10405097148
13794,0.10135010831
13795,0.11038694831
13796,0.10653019282
13797,0.10522779767
13798,0.10844423795
13799,0.10127571187
13800,0.16848353096
13801,0.14459057927
13802,0.1674482859
13803,0.18377021244
13804,0.12993248966
13805,0.15159984834
13806,0.13738430071
13807,0.14885884236
13808,0.1414735527
13809,0.14656901324
13810,0.15448936306
13811,0.16440090664
13812,0.16939751803
13813,0.16422393159
13814,0.19530445659
13815,0.19021402857
13816,0.17913697357
13817,0.18900280649
13818,0.12586316938
13819,0.12915807556
13820,0.13312687481
13821,0.11849290873
13822,0.11174350418
13823,0.12624375019
13824,0.12084393395
13825,0.12030231432
13826,0.12209322023
13827,0.12280250159
13828,0.03692173388
13829,0.036904288566
13830,0.037045680382
13831,0.051784372673
13832,0.052270505571
13833,0.050346396043
13834,0.049766017379
13835,0.048905604861
13836,0.048148484228
13837,0.052554561689
13838,0.052143641107
13839,0.052404515107
13840,0.052556381648
13841,0.05247944607
13842,0.052558926117
13843,0.052529107208
13844,0.052638987426
13845,0.053565100918
13846,0.053648309019
13847,0.054542076956
13848,0.05461191961
13849,0.055462758719
13850,0.056159719791
13851,0.056906369002
13852,0.05801266037
13853,0.061459824234
13854,0.065505649597
13855,0.065846053144
13856,0.065982817318
13857,0.066394697782
13858,0.068101130649
13859,0.068945384736
13860,0.068501061926
13861,0.069979401993
13862,0.068927337467
13863,0.072099885675
13864,0.073728509198
13865,0.047158507121
13866,0.078127064186
13867,0.083475591916
13868,0.089286161106
13869,0.098953950162
13870,0.10263387022
13871,0.10992062831
13872,0.11945965176
13873,0.10985077195
13874,0.045998916754
13875,0.046451053202
13876,0.045342966798
13877,0.045786049623
13878,0.045934292569
13879,0.046178077658
13880,0.046095754665
13881,0.045947799428
13882,0.045164318452
13883,0.045015589665
13884,0.045389371975
13885,0.044643196904
13886,0.044525637935
13887,0.044242867463
13888,0.043783503111
13889,0.043493632514
13890,0.043413272712
13891,0.043197479397
13892,0.042912709863
13893,0.045021254941
13894,0.046977366296
13895,0.048517976317
13896,0.049101794472
13897,0.048790280759
13898,0.048602594246
13899,0.047075301997
13900,0.047471867115
13901,0.046653793532
13902,0.051863143383
13903,0.051690096791
13904,0.050701693072
13905,0.049579536574
13906,0.049200526994
13907,0.048302058313
13908,0.04868040046
13909,0.049020144678
13910,0.049419888078
13911,0.048191276285
13912,0.049644454432
13913,0.048871637718
13914,0.046270074062
13915,0.046351897484
13916,0.046640936961
13917,0.046692505009
13918,0.046217729087
13919,0.04582923029
13920,0.045778937891
13921,0.04566530704
13922,0.045919727067
13923,0.046366163983
13924,0.04720416585
13925,0.047719800596
13926,0.048331138555
13927,0.048267556801
13928,0.049062065054
13929,0.049995415531
13930,0.050334872042
13931,0.049656035655
13932,0.049040509233
13933,0.049300241611
13934,0.049326620276
13935,0.048494200415
13936,0.047236363063
13937,0.047902245932
13938,0.048689428234
13939,0.05401939068
13940,0.051347919298
13941,0.059830091481
13942,0.064343882703
13943,0.07144649532
13944,0.068254669471
13945,0.055913148342
13946,0.049823259642
13947,0.048688308339
13948,0.044333528967
13949,0.043143455554
13950,0.041979167063
13951,0.041220887713
13952,0.040208779091
13953,0.039084314355
13954,0.039501186655
13955,0.038052495347
13956,0.037476474508
13957,0.037149343626
13958,0.037234337326
13959,0.036472133928
13960,0.036498604321
13961,0.036156966729
13962,0.035071085109
13963,0.031558996896
13964,0.033052366342
13965,0.031886898564
13966,0.030829487146
13967,0.029861771634
13968,0.031637720773
13969,0.026825573107
13970,0.027254182384
13971,0.026451568836
13972,0.026322654141
13973,0.02888436976
13974,0.032074359926
13975,0.030385598586
13976,0.029797661118
13977,0.029231619504
13978,0.028975934556
13979,0.029705674037
13980,0.028243232519
13981,0.029796206312
13982,0.031459356272
13983,0.032446371446
13984,0.032904133177
13985,0.033070114295
13986,0.033284960489
13987,0.033311197798
13988,0.033381475364
13989,0.033630042654
13990,0.033591246405
13991,0.034000791426
13992,0.03441753919
13993,0.033995790986
13994,0.034209090126
13995,0.033316688056
13996,0.033120712134
13997,0.032260254364
13998,0.032403053685
13999,0.032066274697
14000,0.031365830821
14001,0.026064554318
14002,0.025438529927
14003,0.025575351727
14004,0.02659683814
14005,0.024805462959
14006,0.037519616422
14007,0.03613410834
14008,0.035730515774
14009,0.034307723222
14010,0.032699121896
14011,0.032562250242
14012,0.033314928671
14013,0.033630384735
14014,0.030780061097
14015,0.031866373755
14016,0.029810718341
14017,0.029815589829
14018,0.028971422053
14019,0.029136953825
14020,0.029035072209
14021,0.028448067748
14022,0.02413653645
14023,0.0107551771
14024,0.010424755385
14025,0.010038643771
14026,0.0097205276502
14027,0.0095731836395
14028,0.0098167554607
14029,0.010431121987
14030,0.011322368705
14031,0.010932153199
14032,0.011611055924
14033,0.011925116822
14034,0.012582465082
14035,0.014068332851
14036,0.012478194082
14037,0.012163501744
14038,0.012897638692
14039,0.012563546062
14040,0.01061389433
14041,0.010210630339
14042,0.010098615009
14043,0.010317920314
14044,0.010227000487
14045,0.010325260282
14046,0.010683608431
14047,0.023989746868
14048,0.028263235243
14049,0.023838080144
14050,0.046796236444
14051,0.050776789464
14052,0.045770021044
14053,0.04895881738
14054,0.051661908872
14055,0.044283294336
14056,0.043718286385
14057,0.056812355378
14058,0.058627441592
14059,0.056560715176
14060,0.054830096281
14061,0.056702991309
14062,0.0575621877
14063,0.058592447083
14064,0.060197052973
14065,0.060462617021
14066,0.060783270958
14067,0.060197225836
14068,0.06153201987
14069,0.059862319862
14070,0.059306383522
14071,0.059733367712
14072,0.061793975272
14073,0.061122012658
14074,0.062490975194
14075,0.072658868055
14076,0.073004791099
14077,0.074335813623
14078,0.076344255214
14079,0.079824058157
14080,0.082617142056
14081,0.083466166106
14082,0.082757802295
14083,0.08258348066
14084,0.067808169114
14085,0.067638987612
14086,0.067212303748
14087,0.066745869806
14088,0.066833263103
14089,0.066032575155
14090,0.065258645007
14091,0.064346749559
14092,0.062159235873
14093,0.061594137938
14094,0.059010976098
14095,0.059203831438
14096,0.059514381569
14097,0.059711568097
14098,0.059779634943
14099,0.064818099354
14100,0.075152552146
14101,0.08103452124
14102,0.082769851941
14103,0.078881752888
14104,0.076145946454
14105,0.074131240154
14106,0.070998201354
14107,0.10938601907
14108,0.098791713923
14109,0.10070637384
14110,0.11905313898
14111,0.10706121388
14112,0.10618713042
14113,0.10472393003
14114,0.18188332973
14115,0.15031122925
14116,0.17591182403
14117,0.1944054521
14118,0.15533974717
14119,0.13578183994
14120,0.15210533846
14121,0.13709018216
14122,0.14133949986
14123,0.14597154514
14124,0.16401487281
14125,0.17567932497
14126,0.17422768935
14127,0.20460671853
14128,0.19954908798
14129,0.1879829089
14130,0.20203231077
14131,0.20055122264
14132,0.12368672311
14133,0.12675503923
14134,0.13136743868
14135,0.11253706638
14136,0.112707588
14137,0.11648130028
14138,0.1133443594
14139,0.1186383145
14140,0.12082255637
14141,0.037002253199
14142,0.051287307208
14143,0.051180571059
14144,0.053472649234
14145,0.051783324232
14146,0.052669517673
14147,0.05011715541
14148,0.049507779649
14149,0.049081284873
14150,0.048221398782
14151,0.052327227741
14152,0.052994147035
14153,0.052979070054
14154,0.053515339591
14155,0.052769961481
14156,0.052776393918
14157,0.052490893589
14158,0.052355929937
14159,0.052510022287
14160,0.052598723342
14161,0.053104778672
14162,0.053256729105
14163,0.053246212851
14164,0.055527260308
14165,0.056595157235
14166,0.05590460099
14167,0.056189415435
14168,0.057814310696
14169,0.058455909902
14170,0.062174389854
14171,0.063675498191
14172,0.065146399259
14173,0.065916606197
14174,0.065817817503
14175,0.066640822173
14176,0.068681848918
14177,0.067753155201
14178,0.069960595908
14179,0.070889884224
14180,0.073038439713
14181,0.077414126886
14182,0.079076380109
14183,0.047230229671
14184,0.084664530384
14185,0.092108073095
14186,0.097196593093
14187,0.10164798789
14188,0.106657494
14189,0.045820662209
14190,0.045042851971
14191,0.046600562283
14192,0.044567505313
14193,0.045758198957
14194,0.046008386846
14195,0.045981792923
14196,0.045951633127
14197,0.045841331552
14198,0.045545260948
14199,0.044939250386
14200,0.045071319067
14201,0.044857342606
14202,0.044727021247
14203,0.045119349925
14204,0.044384747537
14205,0.044684769086
14206,0.044082978908
14207,0.04367932064
14208,0.04394689037
14209,0.043542200148
14210,0.043658081238
14211,0.043780254235
14212,0.043774609912
14213,0.043229048627
14214,0.044935321182
14215,0.04700867726
14216,0.048351977399
14217,0.049527377914
14218,0.050071015257
14219,0.049878910403
14220,0.050014014411
14221,0.04996082017
14222,0.049301213288
14223,0.04855863566
14224,0.048169835598
14225,0.048472760277
14226,0.04841959528
14227,0.047794125243
14228,0.047761872448
14229,0.047287638222
14230,0.048410614263
14231,0.051371887951
14232,0.050923161779
14233,0.050375960854
14234,0.049908669055
14235,0.050849003538
14236,0.04920298435
14237,0.049379101571
14238,0.048991281564
14239,0.049133688477
14240,0.049671056345
14241,0.04952684095
14242,0.051032095392
14243,0.051334319472
14244,0.047849993243
14245,0.046843268845
14246,0.04664270729
14247,0.047022865756
14248,0.047184380461
14249,0.046537259224
14250,0.046282611305
14251,0.045793047291
14252,0.045573328928
14253,0.045459009801
14254,0.045597300465
14255,0.045618549135
14256,0.045897548493
14257,0.046911719971
14258,0.047960398707
14259,0.048877626628
14260,0.048680700419
14261,0.049860166136
14262,0.050746137023
14263,0.050752395551
14264,0.050484131248
14265,0.04982426381
14266,0.04960729916
14267,0.050106160419
14268,0.049585012054
14269,0.049977604121
14270,0.049552595855
14271,0.048733561654
14272,0.050084707711
14273,0.050818589861
14274,0.050089791667
14275,0.050041182485
14276,0.049872862362
14277,0.051114954717
14278,0.051825148807
14279,0.055191166168
14280,0.064004451404
14281,0.068198066565
14282,0.055832108736
14283,0.046110548644
14284,0.044730710922
14285,0.043242398478
14286,0.043989940483
14287,0.043261501707
14288,0.042456024182
14289,0.041182701916
14290,0.040303865494
14291,0.039603248644
14292,0.0386865419
14293,0.038847106589
14294,0.038071646901
14295,0.038171019785
14296,0.036873435688
14297,0.036505263228
14298,0.034459747926
14299,0.034107285998
14300,0.033662314786
14301,0.033051576398
14302,0.028985114774
14303,0.030648979035
14304,0.029285127941
14305,0.031120013584
14306,0.029738782027
14307,0.027299654956
14308,0.026467969419
14309,0.027713567505
14310,0.028799434538
14311,0.025617010313
14312,0.026579546204
14313,0.028247096083
14314,0.028714318842
14315,0.029723262304
14316,0.030461718591
14317,0.031427735397
14318,0.032326139691
14319,0.033031616376
14320,0.033085537602
14321,0.033189384033
14322,0.033476821234
14323,0.033194298137
14324,0.033210477601
14325,0.03368510674
14326,0.03398907952
14327,0.033949279755
14328,0.033727812403
14329,0.03303407927
14330,0.032728300569
14331,0.032010818691
14332,0.031973297599
14333,0.032128337424
14334,0.027425076108
14335,0.025640861519
14336,0.025618364657
14337,0.025271702764
14338,0.024141095997
14339,0.024113282846
14340,0.025851498741
14341,0.02502099332
14342,0.036111314936
14343,0.035881907184
14344,0.031800256899
14345,0.031954924145
14346,0.033699045595
14347,0.030702370535
14348,0.029399655135
14349,0.029885482653
14350,0.028866749539
14351,0.028963005413
14352,0.02845634833
14353,0.028829873864
14354,0.022541938364
14355,0.021817895739
14356,0.010483526629
14357,0.010279684743
14358,0.010157199574
14359,0.010006062226
14360,0.0097915643181
14361,0.0093450774232
14362,0.0093633775527
14363,0.0094824705036
14364,0.0093354586891
14365,0.0096425493455
14366,0.010026160707
14367,0.010630477499
14368,0.010956583739
14369,0.011763960412
14370,0.012333267491
14371,0.011262838469
14372,0.011242748125
14373,0.011961939512
14374,0.010488694261
14375,0.010169542836
14376,0.010120399827
14377,0.0099355678199
14378,0.009878977108
14379,0.010117348151
14380,0.033638762229
14381,0.037078469841
14382,0.025675336903
14383,0.029751217721
14384,0.032691119169
14385,0.025065730031
14386,0.053722203047
14387,0.055725667539
14388,0.056716480552
14389,0.053697590906
14390,0.052860539244
14391,0.053920508656
14392,0.057776694541
14393,0.058354370432
14394,0.057819640924
14395,0.05846201839
14396,0.059913703028
14397,0.062341576836
14398,0.061309682358
14399,0.063475647935
14400,0.079185058248
14401,0.079997522267
14402,0.081691253169
14403,0.080590836201
14404,0.080815694744
14405,0.080558858772
14406,0.081391459444
14407,0.082382864446
14408,0.067423293756
14409,0.067298215532
14410,0.066847530032
14411,0.066733912899
14412,0.066292194238
14413,0.066434277042
14414,0.065862153516
14415,0.064907521245
14416,0.063747931928
14417,0.062173265946
14418,0.060336552334
14419,0.059657894959
14420,0.058551933178
14421,0.058354118392
14422,0.058171502804
14423,0.058037873682
14424,0.055677732237
14425,0.057797341998
14426,0.05871037085
14427,0.060884499808
14428,0.067859188672
14429,0.07804431382
14430,0.084555043777
14431,0.085871473201
14432,0.084107837445
14433,0.082032233606
14434,0.078824532143
14435,0.076143214201
14436,0.074187110981
14437,0.09730604852
14438,0.094747666033
14439,0.09754538919
14440,0.098114266282
14441,0.10167108252
14442,0.110249511
14443,0.10742733233
14444,0.10658787054
14445,0.17575670687
14446,0.18818614229
14447,0.15924099705
14448,0.18463851786
14449,0.2018429954
14450,0.1612124793
14451,0.13351282818
14452,0.15280716298
14453,0.16362056029
14454,0.13262963356
14455,0.13824211669
14456,0.14407313485
14457,0.17414784676
14458,0.18563965928
14459,0.18214743538
14460,0.21215547752
14461,0.21043056877
14462,0.19700636311
14463,0.21181929336
14464,0.20640685277
14465,0.21259437612
14466,0.12258127548
14467,0.12525032817
14468,0.12934700199
14469,0.10904374321
14470,0.11602629245
14471,0.1144246279
14472,0.11037097617
14473,0.11840101569
14474,0.044994052784
14475,0.045309542552
14476,0.046627259763
14477,0.051487537167
14478,0.045734863144
14479,0.049278154369
14480,0.051204109437
14481,0.051564548703
14482,0.050161287229
14483,0.050321277605
14484,0.048888561749
14485,0.047555929177
14486,0.047540458662
14487,0.050388434187
14488,0.052349075522
14489,0.051448839773
14490,0.051641564265
14491,0.052248899554
14492,0.052316688341
14493,0.052347369878
14494,0.052535353196
14495,0.052999200422
14496,0.053188923413
14497,0.052678136092
14498,0.052592775908
14499,0.053105351306
14500,0.053223037527
14501,0.053113843838
14502,0.055623546331
14503,0.05922406688
14504,0.058654689321
14505,0.059496573253
14506,0.059133349993
14507,0.057567268841
14508,0.057138133739
14509,0.056788266847
14510,0.057900708871
14511,0.058013015989
14512,0.05834599821
14513,0.058701715487
14514,0.058981152943
14515,0.059830940168
14516,0.06178234091
14517,0.064001077782
14518,0.06572780778
14519,0.067359224579
14520,0.0671208393
14521,0.068446601045
14522,0.071416593304
14523,0.071113827675
14524,0.070672471155
14525,0.071324524675
14526,0.076139750108
14527,0.078687674035
14528,0.083023727353
14529,0.086609571008
14530,0.089421369208
14531,0.096266850712
14532,0.098751610682
14533,0.045372827513
14534,0.044821305044
14535,0.044926955152
14536,0.046882137403
14537,0.044531198472
14538,0.044363770857
14539,0.044751997638
14540,0.045172094762
14541,0.04517526527
14542,0.045283018896
14543,0.045486445446
14544,0.045562372609
14545,0.044956736252
14546,0.044395823493
14547,0.044689731873
14548,0.044551067127
14549,0.044646811519
14550,0.044119955494
14551,0.044182681422
14552,0.044429567145
14553,0.043976999567
14554,0.043933084722
14555,0.043842443908
14556,0.044027095964
14557,0.043607869633
14558,0.043284618154
14559,0.043327251657
14560,0.043442975658
14561,0.04366485688
14562,0.044365118717
14563,0.044722989727
14564,0.046839464688
14565,0.048489952036
14566,0.049756846377
14567,0.050373972092
14568,0.05063916671
14569,0.050363858805
14570,0.050767281348
14571,0.050732910856
14572,0.050775749152
14573,0.050525744911
14574,0.050594742669
14575,0.050159293416
14576,0.049415812308
14577,0.048921609409
14578,0.048733095305
14579,0.049175214887
14580,0.049131663248
14581,0.049145264822
14582,0.048493360142
14583,0.048418519798
14584,0.047990160997
14585,0.047859102299
14586,0.051352272963
14587,0.052183040982
14588,0.051629449528
14589,0.050971878335
14590,0.051847208532
14591,0.051295343593
14592,0.050264287815
14593,0.050145230404
14594,0.049799294623
14595,0.049886287395
14596,0.05253153568
14597,0.052956342091
14598,0.051986998101
14599,0.053778204695
14600,0.053035210984
14601,0.0543649645
14602,0.054459288657
14603,0.046765543003
14604,0.049488474328
14605,0.04814892857
14606,0.047611108451
14607,0.047539095737
14608,0.047648262313
14609,0.048134458135
14610,0.047085712621
14611,0.045643275799
14612,0.045064178611
14613,0.045701036707
14614,0.044469770334
14615,0.044929593237
14616,0.044919954765
14617,0.044704694653
14618,0.045384643125
14619,0.045329538105
14620,0.044670238949
14621,0.045109282245
14622,0.046357365667
14623,0.047154501111
14624,0.048047285468
14625,0.048877012235
14626,0.049388284052
14627,0.049200484623
14628,0.049073504287
14629,0.049526639306
14630,0.050482762346
14631,0.050786431451
14632,0.051324344271
14633,0.051013443094
14634,0.050857194792
14635,0.050656738585
14636,0.050159405654
14637,0.051543100501
14638,0.051910994783
14639,0.051660533716
14640,0.050168020223
14641,0.050759399292
14642,0.050696804287
14643,0.050562032876
14644,0.049679453139
14645,0.052315802112
14646,0.050707806557
14647,0.050719299601
14648,0.051642064215
14649,0.050525948197
14650,0.051053181125
14651,0.051192704316
14652,0.0518134769
14653,0.052294154223
14654,0.052758339953
14655,0.052698577859
14656,0.061680728688
14657,0.069196818311
14658,0.066891028324
14659,0.056576541254
14660,0.048968523316
14661,0.045349248002
14662,0.044326907323
14663,0.043039194669
14664,0.04318357879
14665,0.043344657581
14666,0.042757280641
14667,0.042040823673
14668,0.0402179621
14669,0.04104863586
14670,0.039278139859
14671,0.039029356237
14672,0.038594333053
14673,0.038358143525
14674,0.037645197349
14675,0.038329033915
14676,0.036610448124
14677,0.037139084942
14678,0.036657861507
14679,0.035004001928
14680,0.033071163382
14681,0.032173705151
14682,0.032421397679
14683,0.031242902947
14684,0.03063550715
14685,0.029291366478
14686,0.02478919375
14687,0.026958458161
14688,0.02669097962
14689,0.022509831455
14690,0.020355934977
14691,0.023603081435
14692,0.029195307737
14693,0.029687541846
14694,0.030564078752
14695,0.031200363029
14696,0.031926692254
14697,0.032770561411
14698,0.033316690634
14699,0.033530122971
14700,0.033460155996
14701,0.03312716396
14702,0.033424933574
14703,0.033947827758
14704,0.034611962212
14705,0.033564785476
14706,0.033581659122
14707,0.033676628943
14708,0.032151959212
14709,0.031578368923
14710,0.031450382228
14711,0.031746477102
14712,0.031799752115
14713,0.03175939361
14714,0.032919037534
14715,0.023989126287
14716,0.023957818541
14717,0.023532466597
14718,0.02442678147
14719,0.010655439289
14720,0.010426646584
14721,0.010459231714
14722,0.025819962697
14723,0.029633094021
14724,0.028570888556
14725,0.027828776532
14726,0.02770911712
14727,0.028161792344
14728,0.029548958204
14729,0.027540554435
14730,0.026079651012
14731,0.022113152836
14732,0.021625187767
14733,0.010306782365
14734,0.010136470988
14735,0.010078948848
14736,0.0097956324904
14737,0.009438276754
14738,0.0093298463971
14739,0.0092712217783
14740,0.0091614949525
14741,0.0090894984631
14742,0.0090838457321
14743,0.009013446442
14744,0.0092322008464
14745,0.0091921067553
14746,0.0094850107792
14747,0.010175215657
14748,0.0095851922101
14749,0.01043058351
14750,0.013456258135
14751,0.013985371675
14752,0.010920757798
14753,0.011135355996
14754,0.010770976779
14755,0.010468273383
14756,0.010082355852
14757,0.010001623479
14758,0.0096241883535
14759,0.0096130273432
14760,0.0098211537631
14761,0.038818399619
14762,0.036801435344
14763,0.040468773545
14764,0.044397456254
14765,0.026659346503
14766,0.030405454151
14767,0.033407844169
14768,0.035020317462
14769,0.046258216734
14770,0.051718650234
14771,0.05377853337
14772,0.052983176254
14773,0.05188832954
14774,0.051385918718
14775,0.052571012925
14776,0.054045376843
14777,0.057229810778
14778,0.056856277997
14779,0.056582767172
14780,0.057162831987
14781,0.058542923477
14782,0.061015428335
14783,0.063420114237
14784,0.062333179839
14785,0.080395500223
14786,0.080841056766
14787,0.081549256377
14788,0.082183435525
14789,0.066916463791
14790,0.066752647759
14791,0.066625980725
14792,0.06608990609
14793,0.065626871679
14794,0.06479904705
14795,0.063737250106
14796,0.062701290634
14797,0.059135315169
14798,0.058240858201
14799,0.058004459181
14800,0.055902163136
14801,0.054424550736
14802,0.05192474791
14803,0.052184647293
14804,0.055816880246
14805,0.057405286183
14806,0.067756832693
14807,0.058932219967
14808,0.086061569175
14809,0.088676274285
14810,0.087686493837
14811,0.089069736732
14812,0.0885669384
14813,0.083602389102
14814,0.086569427913
14815,0.081200606548
14816,0.081434203229
14817,0.075172657898
14818,0.09494800571
14819,0.092579554422
14820,0.091350143104
14821,0.092741690418
14822,0.097000819272
14823,0.10620020696
14824,0.1018983056
14825,0.19790183224
14826,0.17932951192
14827,0.21710676246
14828,0.16946320835
14829,0.20163192711
14830,0.16611255523
14831,0.15287656447
14832,0.16200511495
14833,0.17518510915
14834,0.12604321319
14835,0.12938266288
14836,0.13467067644
14837,0.1401010342
14838,0.18346630718
14839,0.19343469113
14840,0.2168216166
14841,0.21864362079
14842,0.21629537431
14843,0.20676525585
14844,0.22325942339
14845,0.21547565963
14846,0.22377382373
14847,0.12136072387
14848,0.1159410787
14849,0.11138925978
14850,0.045704652297
14851,0.045179536153
14852,0.045550560083
14853,0.044993311347
14854,0.043971442935
14855,0.044800032853
14856,0.044236103605
14857,0.044664090915
14858,0.047684614455
14859,0.049453703127
14860,0.04995701253
14861,0.050385615075
14862,0.04995211017
14863,0.04905308349
14864,0.047752310592
14865,0.047976726052
14866,0.043189864334
14867,0.041148436118
14868,0.040372973319
14869,0.044835273305
14870,0.045008695603
14871,0.049708417299
14872,0.049429920374
14873,0.049675896183
14874,0.051931538527
14875,0.052059088347
14876,0.052254515044
14877,0.052100989439
14878,0.052071846377
14879,0.052925838136
14880,0.053192312232
14881,0.052747138763
14882,0.051876254376
14883,0.051498975648
14884,0.051734281306
14885,0.052604118557
14886,0.053154288186
14887,0.05198680927
14888,0.05253686173
14889,0.052951621565
14890,0.053464418014
14891,0.060869365836
14892,0.060651432302
14893,0.061175220914
14894,0.060887956715
14895,0.061727988077
14896,0.059944016897
14897,0.059414380348
14898,0.05813323997
14899,0.057758936583
14900,0.05808263113
14901,0.057960216292
14902,0.059101891805
14903,0.058998043842
14904,0.059515667166
14905,0.059878974542
14906,0.060911888187
14907,0.060965638351
14908,0.06333397912
14909,0.063194491378
14910,0.064156745959
14911,0.06505047929
14912,0.072171385024
14913,0.071587305503
14914,0.075292072742
14915,0.075978314285
14916,0.078177956648
14917,0.07333859617
14918,0.079621535091
14919,0.082920207221
14920,0.089202530372
14921,0.089599268409
14922,0.088922976438
14923,0.099989922449
14924,0.047204230437
14925,0.044969405381
14926,0.045212830778
14927,0.046928275688
14928,0.044625582716
14929,0.045511567119
14930,0.045999471407
14931,0.043776344703
14932,0.04392624626
14933,0.044308461663
14934,0.044668314277
14935,0.044118749312
14936,0.044120898092
14937,0.043934671512
14938,0.04442286155
14939,0.04425625613
14940,0.043382120413
14941,0.043231368708
14942,0.04415890743
14943,0.044081001933
14944,0.043529365735
14945,0.043328789089
14946,0.044048161546
14947,0.04336623962
14948,0.043326788113
14949,0.043086994452
14950,0.04325000915
14951,0.043096649455
14952,0.043322841111
14953,0.043704076542
14954,0.044225872618
14955,0.044615763791
14956,0.045063901063
14957,0.044724659396
14958,0.045362224333
14959,0.046267571192
14960,0.047524322457
14961,0.048859300894
14962,0.049910427734
14963,0.050250740631
14964,0.05046674686
14965,0.050562251004
14966,0.050806985603
14967,0.051361973584
14968,0.051131089875
14969,0.051159218876
14970,0.051562218168
14971,0.051192141456
14972,0.051249684237
14973,0.051280154138
14974,0.050240201258
14975,0.049587717418
14976,0.049148048813
14977,0.049755656816
14978,0.049811202181
14979,0.049868810326
14980,0.050011547101
14981,0.049276681418
14982,0.049085502419
14983,0.04884004578
14984,0.048590084679
14985,0.048868372955
14986,0.052771784561
14987,0.053065090612
14988,0.052701039094
14989,0.054483319505
14990,0.052325374418
14991,0.051134117562
14992,0.050761021095
14993,0.050722149113
14994,0.052232846125
14995,0.052928348695
14996,0.051793926185
14997,0.05604743742
14998,0.060814421635
14999,0.061645318885
15000,0.04901505962
15001,0.047865725388
15002,0.049628564852
15003,0.048368315898
15004,0.049106872533
15005,0.047684214067
15006,0.046299011638
15007,0.044042789107
15008,0.043539576939
15009,0.044097011446
15010,0.043549742771
15011,0.043015042599
15012,0.042947946757
15013,0.043467839245
15014,0.044034783546
15015,0.043004567662
15016,0.04286616187
15017,0.044128584875
15018,0.046033224162
15019,0.046506274646
15020,0.047726321117
15021,0.04779809125
15022,0.048393265162
15023,0.049182803537
15024,0.05001099955
15025,0.050587547698
15026,0.050011261975
15027,0.049489107497
15028,0.04956873717
15029,0.050617014459
15030,0.051774163762
15031,0.052612227128
15032,0.051743261228
15033,0.050955473552
15034,0.050889946262
15035,0.051599623169
15036,0.053213025713
15037,0.05279055231
15038,0.052267958971
15039,0.052437272429
15040,0.052177374368
15041,0.051655880825
15042,0.051623533934
15043,0.053183620951
15044,0.054321001697
15045,0.052611738021
15046,0.051184966389
15047,0.051314664423
15048,0.050888558084
15049,0.05130923133
15050,0.050729030004
15051,0.051157293837
15052,0.052127701702
15053,0.051864605561
15054,0.053112533507
15055,0.053354185815
15056,0.053702917507
15057,0.054027089564
15058,0.057656261442
15059,0.065793649237
15060,0.067996642909
15061,0.066863887553
15062,0.053340261818
15063,0.050656698227
15064,0.047552430454
15065,0.04417364447
15066,0.042963970643
15067,0.042926508355
15068,0.042290074298
15069,0.042714878348
15070,0.042112583678
15071,0.041372925593
15072,0.039129014084
15073,0.039822429083
15074,0.040315152511
15075,0.038888378852
15076,0.038683736871
15077,0.03821701741
15078,0.038201806676
15079,0.037932306328
15080,0.037615526553
15081,0.037919872434
15082,0.036493038564
15083,0.037206610636
15084,0.036003272895
15085,0.034268046621
15086,0.03206095913
15087,0.031145630095
15088,0.030450151125
15089,0.0300376948
15090,0.02889587715
15091,0.028345530762
15092,0.027251197869
15093,0.025323376783
15094,0.023768129599
15095,0.01971596185
15096,0.02960561854
15097,0.02962213697
15098,0.030163409636
15099,0.030595015477
15100,0.03176319471
15101,0.03313053059
15102,0.033620919583
15103,0.033426121638
15104,0.032769831901
15105,0.032348202631
15106,0.032619199698
15107,0.033716059418
15108,0.034386969555
15109,0.034385470322
15110,0.033776876861
15111,0.03296504668
15112,0.032795733448
15113,0.032205826785
15114,0.031538794265
15115,0.031577485997
15116,0.031857961021
15117,0.031696508196
15118,0.031752784855
15119,0.012620938843
15120,0.011049052912
15121,0.010666597771
15122,0.023803497756
15123,0.010527662171
15124,0.010484109171
15125,0.010253203488
15126,0.010097333096
15127,0.01009984328
15128,0.023086029888
15129,0.03044065717
15130,0.027533088097
15131,0.027012199764
15132,0.026310096523
15133,0.026031668846
15134,0.026193355656
15135,0.026929932828
15136,0.026981621023
15137,0.025502477298
15138,0.022512822947
15139,0.022359821064
15140,0.018386163636
15141,0.010107943952
15142,0.010052868191
15143,0.010115251398
15144,0.0098308434962
15145,0.0095300568843
15146,0.0094347042994
15147,0.0094054975583
15148,0.0093129878789
15149,0.0091638750325
15150,0.0091183484598
15151,0.0090954687646
15152,0.0088858197505
15153,0.0086904722992
15154,0.0087177075418
15155,0.0087861523968
15156,0.0089768948391
15157,0.0088016112487
15158,0.009107533743
15159,0.009165965947
15160,0.0090832449252
15161,0.01000661874
15162,0.0099585414156
15163,0.0094485079553
15164,0.0090242061021
15165,0.013605987069
15166,0.010531739251
15167,0.010258636225
15168,0.010626653509
15169,0.01078635352
15170,0.0099944071044
15171,0.009957907885
15172,0.0095731796942
15173,0.0092360325288
15174,0.0092900256495
15175,0.0089178062914
15176,0.0092995766927
15177,0.044717440306
15178,0.047890657901
15179,0.0093269779982
15180,0.047072583448
15181,0.037756065714
15182,0.041409009979
15183,0.044290934451
15184,0.048223103095
15185,0.048452030334
15186,0.048598231323
15187,0.03822810214
15188,0.043934669515
15189,0.045422607142
15190,0.048404348391
15191,0.051344424746
15192,0.052619838679
15193,0.050887182847
15194,0.050485574022
15195,0.050232023289
15196,0.051470957364
15197,0.052669599203
15198,0.054791994078
15199,0.057012783151
15200,0.055900631059
15201,0.055205262921
15202,0.055055238212
15203,0.0573543699
15204,0.06326045499
15205,0.080935666293
15206,0.081569383697
15207,0.0660961084
15208,0.065512342897
15209,0.064656511328
15210,0.06361325646
15211,0.055489581086
15212,0.054987829509
15213,0.054110159591
15214,0.052427666842
15215,0.052782968456
15216,0.050200371611
15217,0.011104636133
15218,0.011946279714
15219,0.05141281406
15220,0.0538718524
15221,0.066295075275
15222,0.058092060521
15223,0.087008988379
15224,0.091729166285
15225,0.088960044102
15226,0.094231113941
15227,0.093918798102
15228,0.088774022194
15229,0.090476689128
15230,0.0828668518
15231,0.077030787416
15232,0.091650086687
15233,0.099211341691
15234,0.11138543612
15235,0.10708619419
15236,0.10288005212
15237,0.19283438801
15238,0.21743943282
15239,0.23338743296
15240,0.18292836462
15241,0.20876921039
15242,0.18251831684
15243,0.18142077606
15244,0.16600722842
15245,0.15396692181
15246,0.19114859122
15247,0.18199758359
15248,0.1205113684
15249,0.12447408416
15250,0.12635839951
15251,0.13240904763
15252,0.14183042901
15253,0.20594723536
15254,0.22384436765
15255,0.22542626432
15256,0.21917294208
15257,0.23221606131
15258,0.23308772236
15259,0.22474274988
15260,0.23526563377
15261,0.11547447581
15262,0.046515740436
15263,0.046305762029
15264,0.045842497958
15265,0.045812705642
15266,0.045546594477
15267,0.045755597422
15268,0.044385169796
15269,0.044529479176
15270,0.043804759721
15271,0.044054609122
15272,0.044544958859
15273,0.047545624944
15274,0.049457111854
15275,0.049160993102
15276,0.047914152959
15277,0.048689118243
15278,0.04824456653
15279,0.047758896655
15280,0.043318453008
15281,0.041463155135
15282,0.040653482209
15283,0.039713555217
15284,0.03920429227
15285,0.040348912983
15286,0.047177192434
15287,0.047196156088
15288,0.047251069394
15289,0.049328886627
15290,0.049420794323
15291,0.051949593731
15292,0.052797146962
15293,0.052237848493
15294,0.052330266803
15295,0.051880560434
15296,0.051205235302
15297,0.052035539668
15298,0.053033037201
15299,0.052080841962
15300,0.049676434057
15301,0.050491382162
15302,0.049762384212
15303,0.049072844897
15304,0.049484580692
15305,0.052354310431
15306,0.050381016078
15307,0.050984010031
15308,0.051473328282
15309,0.052596802602
15310,0.061685285895
15311,0.06370797002
15312,0.064357461495
15313,0.064563059119
15314,0.061777218674
15315,0.060694296529
15316,0.060502507895
15317,0.058903982149
15318,0.05917248402
15319,0.059142667915
15320,0.06065150226
15321,0.060765548956
15322,0.06040072509
15323,0.060445427303
15324,0.061049235833
15325,0.060681411052
15326,0.061484950015
15327,0.061359383403
15328,0.061971653535
15329,0.062656628061
15330,0.06571011964
15331,0.065287149516
15332,0.06662457839
15333,0.070162240044
15334,0.07935625966
15335,0.077536583273
15336,0.086409690969
15337,0.084653548646
15338,0.088644307966
15339,0.095545306484
15340,0.095927353847
15341,0.10309795506
15342,0.10740808598
15343,0.049233827767
15344,0.049929650296
15345,0.047984422711
15346,0.050518413772
15347,0.04567299123
15348,0.043181833145
15349,0.043251507425
15350,0.043528787041
15351,0.044255571718
15352,0.044299680757
15353,0.044078888971
15354,0.044180438855
15355,0.043457844523
15356,0.04308563039
15357,0.043119850822
15358,0.044169369334
15359,0.042907408695
15360,0.04246715187
15361,0.042609304003
15362,0.043735162152
15363,0.043496620901
15364,0.042956614469
15365,0.042810283549
15366,0.042901555428
15367,0.042780911028
15368,0.043369114693
15369,0.043642793462
15370,0.04442764942
15371,0.044190110905
15372,0.044581754152
15373,0.04525031075
15374,0.045944561536
15375,0.044788576638
15376,0.045667324774
15377,0.046784695268
15378,0.04758229664
15379,0.048506766788
15380,0.049320937258
15381,0.049547918813
15382,0.049952076714
15383,0.050482861768
15384,0.050344974084
15385,0.050802966949
15386,0.051001621142
15387,0.051375941143
15388,0.051938430699
15389,0.05190422045
15390,0.051841568536
15391,0.052004969527
15392,0.052545342281
15393,0.051926281613
15394,0.052450731392
15395,0.052200303448
15396,0.051304342643
15397,0.050372955944
15398,0.050472202467
15399,0.050764438935
15400,0.050852038027
15401,0.050752277032
15402,0.049796956661
15403,0.04945812134
15404,0.049486969269
15405,0.049590289721
15406,0.049523357926
15407,0.049341888955
15408,0.052255283467
15409,0.054003063018
15410,0.054492922661
15411,0.053711690224
15412,0.05313551486
15413,0.053227104283
15414,0.052303871436
15415,0.053039463814
15416,0.054741508089
15417,0.056253322187
15418,0.058978578859
15419,0.066433743767
15420,0.067749265271
15421,0.050025033896
15422,0.049483857889
15423,0.047467670257
15424,0.045776902127
15425,0.042937942744
15426,0.041500020344
15427,0.041164834328
15428,0.041239231215
15429,0.042376477765
15430,0.041565962348
15431,0.042719419976
15432,0.044456321937
15433,0.046082239661
15434,0.047937505128
15435,0.049169464418
15436,0.049457347426
15437,0.048300281327
15438,0.049838230373
15439,0.050162820989
15440,0.050919518438
15441,0.051361328861
15442,0.051895627392
15443,0.050683746875
15444,0.050163820273
15445,0.050474573377
15446,0.051389141164
15447,0.051707150845
15448,0.052727375911
15449,0.053131067505
15450,0.052396769222
15451,0.052779489687
15452,0.053563063821
15453,0.053312467997
15454,0.053152287235
15455,0.054173562536
15456,0.053239862311
15457,0.05388517665
15458,0.053137722592
15459,0.05303732496
15460,0.053634655435
15461,0.052563534341
15462,0.054072265909
15463,0.055299943474
15464,0.055534488859
15465,0.054681141707
15466,0.052151445027
15467,0.05273832249
15468,0.052293109159
15469,0.053047770304
15470,0.051455538123
15471,0.051334638596
15472,0.05297160592
15473,0.052403806912
15474,0.053028887663
15475,0.053086380806
15476,0.05375499646
15477,0.053955933249
15478,0.054221013265
15479,0.054825474313
15480,0.054743430475
15481,0.058240422302
15482,0.062489849714
15483,0.068913402732
15484,0.060146423283
15485,0.05775315216
15486,0.050025288592
15487,0.046922129294
15488,0.043400988787
15489,0.04315157799
15490,0.042589910792
15491,0.041684790923
15492,0.041770094285
15493,0.041149256147
15494,0.04128840962
15495,0.041128792851
15496,0.038459746229
15497,0.038643163564
15498,0.03921969595
15499,0.04077447477
15500,0.039614132761
15501,0.040778689043
15502,0.038174643872
15503,0.037665621981
15504,0.038008237874
15505,0.038213464609
15506,0.036704780524
15507,0.037523837453
15508,0.037380105727
15509,0.037687259842
15510,0.036375073987
15511,0.036692871729
15512,0.035603646543
15513,0.034391509545
15514,0.030580557108
15515,0.029588219661
15516,0.028105457312
15517,0.027256452594
15518,0.027254962283
15519,0.025811133912
15520,0.02356522847
15521,0.021391790484
15522,0.029806578324
15523,0.029704762159
15524,0.02972271914
15525,0.030242667718
15526,0.030824976173
15527,0.031927446518
15528,0.033087744621
15529,0.032803411937
15530,0.032300416999
15531,0.030846893214
15532,0.03069177327
15533,0.03298308378
15534,0.035024653724
15535,0.03413954415
15536,0.033513880608
15537,0.032527192176
15538,0.031069015793
15539,0.031583368701
15540,0.029957506547
15541,0.011887854546
15542,0.011033241102
15543,0.010153575407
15544,0.010216543193
15545,0.010174172491
15546,0.023417099234
15547,0.023599238903
15548,0.010217590521
15549,0.01022507844
15550,0.0099647332755
15551,0.010234652682
15552,0.023608841419
15553,0.022500826651
15554,0.02621749957
15555,0.026204218015
15556,0.026301645054
15557,0.025335369463
15558,0.025999627892
15559,0.025207540264
15560,0.025930220034
15561,0.026538905714
15562,0.022724645665
15563,0.022358997426
15564,0.021720420627
15565,0.018547136058
15566,0.014102918834
15567,0.010113655547
15568,0.010046223802
15569,0.0099682936811
15570,0.0098062351631
15571,0.0096647216989
15572,0.0098774687369
15573,0.01007817646
15574,0.0089826567527
15575,0.0090734605969
15576,0.0086031348876
15577,0.0087668972941
15578,0.0082787776984
15579,0.0082133188142
15580,0.0086720665961
15581,0.0081517073515
15582,0.008435141272
15583,0.0087688765991
15584,0.0091051367271
15585,0.0092087578084
15586,0.0091478497822
15587,0.0089160285083
15588,0.0090474059699
15589,0.0095689242372
15590,0.009568959108
15591,0.0092555868398
15592,0.0095553116319
15593,0.009830019728
15594,0.0097816666148
15595,0.009936029441
15596,0.0098887737142
15597,0.009472972145
15598,0.0091046319125
15599,0.0089731721941
15600,0.0088023626575
15601,0.0089187428403
15602,0.0084640362028
15603,0.0090606863035
15604,0.00861246093
15605,0.048702043328
15606,0.047270473871
15607,0.049280393197
15608,0.0092533113349
15609,0.0089172920333
15610,0.050408994344
15611,0.050945939922
15612,0.050754167252
15613,0.04998203219
15614,0.049956718968
15615,0.049702733863
15616,0.050898904076
15617,0.050395098044
15618,0.050531657301
15619,0.051714165427
15620,0.053568129499
15621,0.055485171039
15622,0.057407025928
15623,0.055507365954
15624,0.054377888413
15625,0.053513244384
15626,0.051893240743
15627,0.051293693444
15628,0.048665585723
15629,0.0079481049846
15630,0.008176357132
15631,0.0092364903521
15632,0.009260935799
15633,0.010158128456
15634,0.0098358692917
15635,0.012912214394
15636,0.050259824319
15637,0.072194170161
15638,0.060587281446
15639,0.10054915643
15640,0.09996832862
15641,0.099773110111
15642,0.090369169368
15643,0.081650026767
15644,0.11666752661
15645,0.11326542416
15646,0.1065435853
15647,0.11019283111
15648,0.20398072426
15649,0.22620163939
15650,0.27517111554
15651,0.19823804506
15652,0.22204724214
15653,0.20395067087
15654,0.16904144441
15655,0.15657758902
15656,0.20459443287
15657,0.18577704802
15658,0.12041043998
15659,0.12511726307
15660,0.13083391171
15661,0.14056988291
15662,0.21823603425
15663,0.23085299326
15664,0.23421129589
15665,0.23007134067
15666,0.22921921357
15667,0.24108959023
15668,0.24261730551
15669,0.2390535222
15670,0.24632527992
15671,0.046736982064
15672,0.046512609265
15673,0.046426332381
15674,0.045641884102
15675,0.046099216305
15676,0.044671793824
15677,0.045903323518
15678,0.045108759216
15679,0.044203065697
15680,0.043908773217
15681,0.044219949553
15682,0.044475292241
15683,0.04595679384
15684,0.046087627096
15685,0.046643507671
15686,0.04683072227
15687,0.047845445097
15688,0.048117946421
15689,0.0489394498
15690,0.04290654363
15691,0.041247372903
15692,0.040567242114
15693,0.040642814466
15694,0.039880162162
15695,0.040186747942
15696,0.03994598599
15697,0.040060517241
15698,0.04017071215
15699,0.041256159765
15700,0.04185367892
15701,0.047834060021
15702,0.047061715832
15703,0.050010339438
15704,0.052243503091
15705,0.051899071731
15706,0.051606202733
15707,0.050594608812
15708,0.050780238046
15709,0.04994005523
15710,0.050947615954
15711,0.047078020196
15712,0.050359414161
15713,0.050333950827
15714,0.050510418331
15715,0.051787503795
15716,0.064021536809
15717,0.066434963166
15718,0.066100601925
15719,0.066412857843
15720,0.063251867605
15721,0.064380573277
15722,0.063040233953
15723,0.060463758113
15724,0.060496592236
15725,0.062890880146
15726,0.062694280059
15727,0.062258150986
15728,0.062132226902
15729,0.062122550943
15730,0.061572904479
15731,0.06349105951
15732,0.062371829697
15733,0.062693824054
15734,0.070626748819
15735,0.07113683494
15736,0.068393081199
15737,0.069610651844
15738,0.083731984318
15739,0.083470867435
15740,0.10386740718
15741,0.11461971633
15742,0.053610558311
15743,0.050400727473
15744,0.043338375205
15745,0.05146609566
15746,0.045766176777
15747,0.044973080102
15748,0.044628329783
15749,0.044275333037
15750,0.045082861945
15751,0.043702088797
15752,0.042764434121
15753,0.044907144981
15754,0.042708636925
15755,0.042347361849
15756,0.042365026095
15757,0.042122526153
15758,0.04355477392
15759,0.04425880634
15760,0.042735755285
15761,0.042813656313
15762,0.042291985045
15763,0.045262675863
15764,0.044949432669
15765,0.045073850684
15766,0.044916383509
15767,0.044694563422
15768,0.045291942089
15769,0.046731928984
15770,0.04603445532
15771,0.045195614693
15772,0.046557133361
15773,0.047311024566
15774,0.048619281087
15775,0.049884953696
15776,0.049688632382
15777,0.049864046022
15778,0.050032068082
15779,0.050110336497
15780,0.05021902794
15781,0.050865352519
15782,0.0510927735
15783,0.051553322403
15784,0.052323624367
15785,0.0538117278
15786,0.053440814127
15787,0.052915757649
15788,0.053071343088
15789,0.053990884404
15790,0.053358262703
15791,0.05434332998
15792,0.053479488878
15793,0.053958601037
15794,0.052526220559
15795,0.051028660828
15796,0.051336973946
15797,0.051430522469
15798,0.051254190456
15799,0.051564280413
15800,0.050758334493
15801,0.051115735187
15802,0.050691154814
15803,0.051946299347
15804,0.052741139624
15805,0.049771937224
15806,0.053312779534
15807,0.062840221602
15808,0.064983226217
15809,0.059682222228
15810,0.057183140344
15811,0.05444698306
15812,0.055991271851
15813,0.059896675863
15814,0.080373542154
15815,0.072517227239
15816,0.053208036018
15817,0.049311270012
15818,0.046374859915
15819,0.039107464219
15820,0.03558211782
15821,0.040545048341
15822,0.04087631055
15823,0.039975558657
15824,0.041492476167
15825,0.043224237132
15826,0.045196732486
15827,0.047841028337
15828,0.049626478876
15829,0.051070067098
15830,0.05154881057
15831,0.051936205061
15832,0.052093214428
15833,0.05195012712
15834,0.05233154187
15835,0.0543128367
15836,0.053198161415
15837,0.051128475579
15838,0.051999682216
15839,0.053426420843
15840,0.052748421168
15841,0.053634984895
15842,0.053319191843
15843,0.052827982365
15844,0.052919810551
15845,0.055787946232
15846,0.054932061725
15847,0.054589453785
15848,0.061509061158
15849,0.055711403865
15850,0.054578070395
15851,0.054410378508
15852,0.056366073116
15853,0.053959042812
15854,0.054387117798
15855,0.054331038388
15856,0.055358021138
15857,0.056352408877
15858,0.056621577414
15859,0.055947667377
15860,0.054908737189
15861,0.05280772314
15862,0.054791060232
15863,0.052769036525
15864,0.053776384281
15865,0.055163464708
15866,0.05350103527
15867,0.055444903344
15868,0.052561331101
15869,0.052912348166
15870,0.05378442966
15871,0.054131237619
15872,0.053209105923
15873,0.053809252965
15874,0.054473602884
15875,0.054725705077
15876,0.054872894042
15877,0.055646313919
15878,0.055779084428
15879,0.055540031795
15880,0.060440184881
15881,0.066301298382
15882,0.072424150445
15883,0.073223842307
15884,0.068096089154
15885,0.066701991519
15886,0.055988891572
15887,0.047068278229
15888,0.045188470312
15889,0.0447986125
15890,0.043760456007
15891,0.04322952442
15892,0.042008539896
15893,0.040614104623
15894,0.040862559536
15895,0.039999056464
15896,0.040527362055
15897,0.041035376133
15898,0.040908753959
15899,0.041239643225
15900,0.038081675726
15901,0.038383465647
15902,0.036175170038
15903,0.035098099479
15904,0.035546456474
15905,0.03615175926
15906,0.033481491624
15907,0.038417899855
15908,0.037680027577
15909,0.036833391416
15910,0.037811550597
15911,0.036382068068
15912,0.036885272526
15913,0.036958974205
15914,0.035264050671
15915,0.03617344368
15916,0.036567233856
15917,0.034756638109
15918,0.034426198929
15919,0.029863306693
15920,0.029834931765
15921,0.029861335169
15922,0.030780981411
15923,0.031838514417
15924,0.032526349798
15925,0.031047125072
15926,0.030767450626
15927,0.029523679594
15928,0.028499826359
15929,0.028622733164
15930,0.030881333383
15931,0.033431955407
15932,0.033571503738
15933,0.032888342816
15934,0.032613621789
15935,0.030802811786
15936,0.031196597008
15937,0.016267972948
15938,0.011243198048
15939,0.010053738994
15940,0.0095838584542
15941,0.0099147707219
15942,0.010163313674
15943,0.02181547571
15944,0.010015673857
15945,0.010065778511
15946,0.0099619407707
15947,0.010141170021
15948,0.0099128435393
15949,0.010204662731
15950,0.022485264621
15951,0.021955794757
15952,0.021498988904
15953,0.02554551026
15954,0.027257649603
15955,0.022471083502
15956,0.021241226909
15957,0.02094977425
15958,0.020667795132
15959,0.020398337353
15960,0.020321143593
15961,0.018110193931
15962,0.020025351488
15963,0.0099465535059
15964,0.010253735218
15965,0.011386991091
15966,0.0089008549919
15967,0.0089458077459
15968,0.0087410320205
15969,0.0080511592973
15970,0.0085522579415
15971,0.0083511122583
15972,0.008434797667
15973,0.0083562340695
15974,0.0077353731429
15975,0.007251494849
15976,0.0072549950849
15977,0.0074949192766
15978,0.0082675095305
15979,0.0084432829159
15980,0.0090178204737
15981,0.0089086488981
15982,0.0090412377382
15983,0.0091795758856
15984,0.0088301679307
15985,0.0087736555058
15986,0.0094122778833
15987,0.0090201984077
15988,0.0095771836042
15989,0.0095710818813
15990,0.0095684194396
15991,0.0096025106286
15992,0.0096647452647
15993,0.0087267941785
15994,0.0084717861637
15995,0.0083641521976
15996,0.0080095420488
15997,0.0081639746546
15998,0.0084900747835
15999,0.049103439646
16000,0.049299469165
16001,0.046723308706
16002,0.048090646129
16003,0.046599776441
16004,0.0090766770694
16005,0.0087859573383
16006,0.049487864394
16007,0.049532220594
16008,0.050059209996
16009,0.050200871568
16010,0.051150489233
16011,0.049089469815
16012,0.050284982248
16013,0.049314109623
16014,0.053006857286
16015,0.051866193303
16016,0.054964103889
16017,0.056199869918
16018,0.056806004807
16019,0.055328482799
16020,0.054368968858
16021,0.052922798689
16022,0.047137124772
16023,0.031414719331
16024,0.0080277903178
16025,0.007459919404
16026,0.0073445728582
16027,0.0082937633367
16028,0.0075349981726
16029,0.0086063708582
16030,0.0077671014229
16031,0.0085892336311
16032,0.010931820282
16033,0.013067527407
16034,0.01454346396
16035,0.052535369116
16036,0.067284443081
16037,0.079310509387
16038,0.062967076875
16039,0.10628273237
16040,0.11071107579
16041,0.10894711411
16042,0.10632757696
16043,0.099963823176
16044,0.086960697679
16045,0.098398105361
16046,0.12103743753
16047,0.11924494534
16048,0.1145920582
16049,0.11293195283
16050,0.23555228866
16051,0.28567882193
16052,0.35827603293
16053,0.21555350855
16054,0.23685331281
16055,0.22319210154
16056,0.2225241818
16057,0.17476450057
16058,0.15857043188
16059,0.22699989621
16060,0.22365292754
16061,0.20056597028
16062,0.12396090357
16063,0.12928604887
16064,0.13393615637
16065,0.14601643317
16066,0.24091720413
16067,0.24034095824
16068,0.25116950506
16069,0.2510754843
16070,0.25059447606
16071,0.25603247542
16072,0.047006707168
16073,0.046901342849
16074,0.047649605741
16075,0.046006138423
16076,0.046461162043
16077,0.044620008849
16078,0.044571980182
16079,0.045659750616
16080,0.045556230732
16081,0.044780413405
16082,0.044528206078
16083,0.045179840937
16084,0.045739456056
16085,0.048065212521
16086,0.047333189325
16087,0.048374686393
16088,0.049706650663
16089,0.049392842786
16090,0.049790785366
16091,0.043358157448
16092,0.041675182149
16093,0.041198475245
16094,0.040373400843
16095,0.041717815288
16096,0.041229603378
16097,0.040940631033
16098,0.04063057483
16099,0.041106052717
16100,0.040761129127
16101,0.041779729475
16102,0.045035452206
16103,0.042684813699
16104,0.0443052799
16105,0.050550807005
16106,0.05003504689
16107,0.050541886822
16108,0.047373695537
16109,0.069936491794
16110,0.068957802079
16111,0.065451439828
16112,0.062367597965
16113,0.064211706088
16114,0.063595930899
16115,0.063055663207
16116,0.064546729911
16117,0.065253158127
16118,0.066249504117
16119,0.075961018705
16120,0.082688654366
16121,0.080187947435
16122,0.080831516393
16123,0.079590594593
16124,0.057628852565
16125,0.054221758731
16126,0.050034911538
16127,0.04802237961
16128,0.053811349859
16129,0.045765852736
16130,0.047115360629
16131,0.041995602832
16132,0.04333432532
16133,0.044094700314
16134,0.042791438491
16135,0.045774303084
16136,0.041932873903
16137,0.035761733699
16138,0.025341402771
16139,0.027368673579
16140,0.038702426008
16141,0.024683842514
16142,0.037933646018
16143,0.038998712795
16144,0.045840271733
16145,0.046178593175
16146,0.048808618016
16147,0.049267437815
16148,0.049987151304
16149,0.050198940268
16150,0.049390910557
16151,0.049739287635
16152,0.050707336155
16153,0.051087854178
16154,0.051843674531
16155,0.051993079922
16156,0.053024275236
16157,0.053666536094
16158,0.055808363293
16159,0.055003131416
16160,0.053491184424
16161,0.053521191629
16162,0.055156740731
16163,0.055409960247
16164,0.054680511179
16165,0.055686907822
16166,0.055134802834
16167,0.05602587421
16168,0.056106868017
16169,0.054570233616
16170,0.053098473517
16171,0.053368203437
16172,0.05230630852
16173,0.052090257334
16174,0.052507040744
16175,0.052785218543
16176,0.05304305328
16177,0.053163711006
16178,0.059003846479
16179,0.083729314023
16180,0.072518548984
16181,0.033923926737
16182,0.035442170304
16183,0.035576405531
16184,0.042421070212
16185,0.045337230096
16186,0.049235951611
16187,0.050814274226
16188,0.052100488129
16189,0.053247645969
16190,0.053750608082
16191,0.05395864269
16192,0.053526072054
16193,0.053846603659
16194,0.054195865266
16195,0.057875874794
16196,0.057293811394
16197,0.055080914597
16198,0.056309720386
16199,0.05649596067
16200,0.05388432471
16201,0.055061120421
16202,0.054599916468
16203,0.054844186262
16204,0.058589275975
16205,0.057182750577
16206,0.059490415195
16207,0.060467883202
16208,0.056715633268
16209,0.056028352976
16210,0.054803654429
16211,0.055495513597
16212,0.05747852857
16213,0.05840717011
16214,0.054684623752
16215,0.058464770406
16216,0.057303977988
16217,0.061715177475
16218,0.056617267388
16219,0.053243556243
16220,0.055229923174
16221,0.054465534925
16222,0.054666836777
16223,0.055664296809
16224,0.055682939334
16225,0.05734912392
16226,0.054063819737
16227,0.058840834482
16228,0.054596909585
16229,0.054502655581
16230,0.053694725853
16231,0.054389640172
16232,0.054652042472
16233,0.05526559031
16234,0.055476882439
16235,0.055703460268
16236,0.056162099607
16237,0.056063831143
16238,0.056269511876
16239,0.056285405149
16240,0.060471423093
16241,0.064991453275
16242,0.070567535534
16243,0.074395710359
16244,0.072043912774
16245,0.061047625043
16246,0.050322200108
16247,0.048529548146
16248,0.046591598776
16249,0.046845895826
16250,0.044974542817
16251,0.044286108163
16252,0.043393196603
16253,0.042574366726
16254,0.041347238356
16255,0.039925362346
16256,0.039470293738
16257,0.03982249568
16258,0.040247540383
16259,0.040327562488
16260,0.040753951789
16261,0.036785947725
16262,0.035307469087
16263,0.038264973619
16264,0.035420322984
16265,0.035494710199
16266,0.035968196892
16267,0.032840510387
16268,0.032824186234
16269,0.03272019629
16270,0.032993404884
16271,0.032269001984
16272,0.032014067137
16273,0.031707498292
16274,0.035116738452
16275,0.03496593026
16276,0.034415108537
16277,0.033673236412
16278,0.034448699214
16279,0.035603191583
16280,0.035737025949
16281,0.035578805784
16282,0.033817745455
16283,0.034383354793
16284,0.033292361127
16285,0.030101986881
16286,0.029964371884
16287,0.029809878972
16288,0.029930328811
16289,0.031081626072
16290,0.031046202485
16291,0.030900059208
16292,0.030312396207
16293,0.030505708636
16294,0.029291415585
16295,0.028286156653
16296,0.028596900571
16297,0.032602456644
16298,0.03218946244
16299,0.032185833111
16300,0.032450874609
16301,0.026931118096
16302,0.029140157833
16303,0.01899637382
16304,0.012054354635
16305,0.01116731617
16306,0.010260215695
16307,0.0094891095046
16308,0.0091445857661
16309,0.0093600068185
16310,0.0098607530955
16311,0.010097364338
16312,0.021080630569
16313,0.010177017149
16314,0.010298636374
16315,0.019832944113
16316,0.018981876271
16317,0.019397913525
16318,0.020260132622
16319,0.033243542867
16320,0.027488894729
16321,0.020114033125
16322,0.020003245971
16323,0.01956210741
16324,0.01015067772
16325,0.0096147291161
16326,0.0078479943561
16327,0.0077526032593
16328,0.0081768131028
16329,0.0077479825941
16330,0.0078037872142
16331,0.0076932036648
16332,0.007003790592
16333,0.0067473311725
16334,0.0068768227628
16335,0.0079754787843
16336,0.0071006270608
16337,0.0074828563294
16338,0.0083284920052
16339,0.0087519888943
16340,0.0091420320356
16341,0.0087550967161
16342,0.0085740007288
16343,0.0087686020001
16344,0.00882113313
16345,0.0087051304329
16346,0.0082741960236
16347,0.0078873180078
16348,0.0076013810891
16349,0.0076198836729
16350,0.0082970292149
16351,0.049072477197
16352,0.049036758545
16353,0.047930384302
16354,0.049449786939
16355,0.048030291526
16356,0.045680866719
16357,0.034658776755
16358,0.0085729815047
16359,0.049655274814
16360,0.049375601954
16361,0.050438351775
16362,0.049470717789
16363,0.047919694976
16364,0.05402049873
16365,0.055403940844
16366,0.046901619536
16367,0.038090541257
16368,0.0072310553818
16369,0.0068400526763
16370,0.006654926632
16371,0.0062685019924
16372,0.0068698986665
16373,0.006330774106
16374,0.0070155764372
16375,0.007600151104
16376,0.0095010729007
16377,0.011762487747
16378,0.012332181653
16379,0.015014612174
16380,0.05514607666
16381,0.07340628052
16382,0.098015209316
16383,0.090578155364
16384,0.064625046097
16385,0.11615486496
16386,0.11989447903
16387,0.11494928523
16388,0.10773825598
16389,0.11053016914
16390,0.11243838841
16391,0.12542170161
16392,0.11919369057
16393,0.12085834892
16394,0.28070157026
16395,0.24839765004
16396,0.33540871784
16397,0.41482014247
16398,0.24261726925
16399,0.23022534132
16400,0.17957782583
16401,0.16168247729
16402,0.24261823367
16403,0.24398672057
16404,0.22700654694
16405,0.20502612767
16406,0.12789237296
16407,0.1429356912
16408,0.24875801874
16409,0.25400564454
16410,0.25700974384
16411,0.26026097423
16412,0.26190004373
16413,0.265931493
16414,0.045857212112
16415,0.045949051437
16416,0.047413937082
16417,0.046047498684
16418,0.046874929854
16419,0.045390368527
16420,0.046655355696
16421,0.045214930805
16422,0.035433150917
16423,0.035435981747
16424,0.045905768264
16425,0.04473640326
16426,0.044650797503
16427,0.044684407217
16428,0.047280920929
16429,0.050575224605
16430,0.052212040735
16431,0.050465993987
16432,0.05057148883
16433,0.052311233267
16434,0.053934272958
16435,0.042119767548
16436,0.041467969691
16437,0.041782190009
16438,0.039365184886
16439,0.04053496524
16440,0.042326098357
16441,0.042796786318
16442,0.042529713202
16443,0.041557070705
16444,0.042563484958
16445,0.041796517642
16446,0.041905250126
16447,0.052529863692
16448,0.049914393391
16449,0.045088000395
16450,0.043597379936
16451,0.046253324934
16452,0.045543820087
16453,0.046968751607
16454,0.068507276696
16455,0.065994621309
16456,0.065560988236
16457,0.07252307622
16458,0.036882054001
16459,0.040441477135
16460,0.044745056936
16461,0.043020407409
16462,0.027322366423
16463,0.026269014448
16464,0.031746386542
16465,0.028969929744
16466,0.026407612686
16467,0.026341753652
16468,0.036788037922
16469,0.036375328196
16470,0.047127010909
16471,0.047525285445
16472,0.048134435588
16473,0.049402753958
16474,0.050032968782
16475,0.051172909403
16476,0.051505278377
16477,0.050946856706
16478,0.052525591432
16479,0.052232460931
16480,0.053867991625
16481,0.054110014478
16482,0.053824727395
16483,0.056280988189
16484,0.057864332011
16485,0.057198208376
16486,0.054478259606
16487,0.056887670778
16488,0.057429865755
16489,0.057592704682
16490,0.05613187687
16491,0.056606660428
16492,0.058076665698
16493,0.056633646002
16494,0.056040300805
16495,0.055867932662
16496,0.055141117795
16497,0.056160667225
16498,0.054956722868
16499,0.053351915572
16500,0.053631284561
16501,0.05382467774
16502,0.054915626626
16503,0.055467224542
16504,0.042643122818
16505,0.051735004572
16506,0.052840638478
16507,0.052851003288
16508,0.054683874245
16509,0.05492399104
16510,0.058082254057
16511,0.056962452957
16512,0.055372787762
16513,0.055254230738
16514,0.058250731813
16515,0.065855707372
16516,0.062549889998
16517,0.059109177507
16518,0.059510603918
16519,0.062286557625
16520,0.058715203144
16521,0.056729516181
16522,0.064980005292
16523,0.065048338129
16524,0.063735772875
16525,0.077796824209
16526,0.060094841851
16527,0.07055904564
16528,0.060178023723
16529,0.057245236733
16530,0.065950567811
16531,0.060373569247
16532,0.06156404919
16533,0.065690264041
16534,0.060242967149
16535,0.056752519981
16536,0.054559332125
16537,0.055494872216
16538,0.055901776298
16539,0.057104200223
16540,0.057954828668
16541,0.062679850037
16542,0.064015171412
16543,0.05646278
16544,0.055320702135
16545,0.05491974174
16546,0.054822964323
16547,0.055987400406
16548,0.056053636139
16549,0.055905014091
16550,0.055886097781
16551,0.056129385953
16552,0.05625004199
16553,0.056620439526
16554,0.056640643292
16555,0.056802096979
16556,0.058936047533
16557,0.065447088703
16558,0.071929348381
16559,0.072962631724
16560,0.072229215323
16561,0.06252321218
16562,0.052505553243
16563,0.050897342504
16564,0.050353644402
16565,0.048350346712
16566,0.048050413361
16567,0.04652678341
16568,0.045929725295
16569,0.044052706266
16570,0.042861258846
16571,0.041814678904
16572,0.040109046474
16573,0.039337980844
16574,0.039168888535
16575,0.038392286193
16576,0.036968117152
16577,0.035510205947
16578,0.036347207178
16579,0.035136200098
16580,0.035244258968
16581,0.034622841699
16582,0.032280968781
16583,0.033631521847
16584,0.032384869229
16585,0.033139897345
16586,0.030597767647
16587,0.031019762866
16588,0.032323060643
16589,0.032252424919
16590,0.032392837063
16591,0.031253181386
16592,0.02817245606
16593,0.031359248217
16594,0.028555051024
16595,0.033769043599
16596,0.033377977222
16597,0.032525941663
16598,0.030707865148
16599,0.030631148639
16600,0.03370289001
16601,0.03386348326
16602,0.034815309205
16603,0.034658803933
16604,0.033219760925
16605,0.030500224603
16606,0.028300355927
16607,0.029948672017
16608,0.029708857482
16609,0.029172597774
16610,0.02998428746
16611,0.029912534586
16612,0.030074546512
16613,0.031151793603
16614,0.030432256019
16615,0.028672651786
16616,0.027782176836
16617,0.022021466943
16618,0.023691025577
16619,0.016722483117
16620,0.011255799505
16621,0.010322350476
16622,0.0097015800563
16623,0.0092307092076
16624,0.0089561241764
16625,0.0088372852225
16626,0.0088202484158
16627,0.0096245386326
16628,0.0089025362063
16629,0.0099210869501
16630,0.0099852771436
16631,0.019459037901
16632,0.0095274879463
16633,0.007854425525
16634,0.0079140719226
16635,0.0076369684012
16636,0.0075843619625
16637,0.0078857084607
16638,0.0078909504994
16639,0.0079245276815
16640,0.0074780241282
16641,0.0059614638753
16642,0.0067540615661
16643,0.0079055787336
16644,0.0071141261506
16645,0.0078270844706
16646,0.0074790398792
16647,0.0084950607829
16648,0.0083232257901
16649,0.0086065499457
16650,0.0086299657475
16651,0.0087736002224
16652,0.0085552411579
16653,0.008076664398
16654,0.0077231268591
16655,0.0073671968738
16656,0.0071229682218
16657,0.0072792802322
16658,0.048960262491
16659,0.049135781036
16660,0.048152889904
16661,0.045938286985
16662,0.0066469986764
16663,0.0062120504193
16664,0.0055862689496
16665,0.0056339913316
16666,0.0050541477633
16667,0.0055914854752
16668,0.0060087447883
16669,0.006320327139
16670,0.008051301564
16671,0.0098353472517
16672,0.0096155301801
16673,0.011422595195
16674,0.051860727554
16675,0.012921047016
16676,0.084752630438
16677,0.075541489526
16678,0.11265253522
16679,0.099348028952
16680,0.063850977502
16681,0.12936766202
16682,0.13083003849
16683,0.1235946613
16684,0.11968759202
16685,0.12599342829
16686,0.13121436425
16687,0.12511237358
16688,0.3012263607
16689,0.24408370181
16690,0.36887096494
16691,0.44994862813
16692,0.24664597333
16693,0.24818388394
16694,0.18677960834
16695,0.16483817905
16696,0.25575131455
16697,0.25991699153
16698,0.24806007276
16699,0.23046967239
16700,0.21578333735
16701,0.14403344933
16702,0.25489463617
16703,0.26276810532
16704,0.26221974411
16705,0.26938524267
16706,0.26716396554
16707,0.27126537638
16708,0.035041414141
16709,0.035892605707
16710,0.035019940442
16711,0.034679127928
16712,0.032391761192
16713,0.035880743851
16714,0.037402634807
16715,0.03800748698
16716,0.038844637859
16717,0.040244142838
16718,0.052812741586
16719,0.041895242926
16720,0.040743581423
16721,0.042344083529
16722,0.042915921896
16723,0.042766842777
16724,0.044828863636
16725,0.044630402597
16726,0.044259716374
16727,0.042807301013
16728,0.04706534277
16729,0.048538395283
16730,0.07337066579
16731,0.054477402117
16732,0.047748781487
16733,0.045824136814
16734,0.055622631674
16735,0.054784510912
16736,0.046426941794
16737,0.029640771181
16738,0.028009174838
16739,0.029757806436
16740,0.028054941614
16741,0.039151858873
16742,0.0282135355
16743,0.028229262361
16744,0.026907588446
16745,0.027344106095
16746,0.041246075264
16747,0.043205867028
16748,0.04466376735
16749,0.048498341611
16750,0.049310045945
16751,0.049847513897
16752,0.051032524803
16753,0.051272366609
16754,0.051999252261
16755,0.053675476838
16756,0.056195655043
16757,0.055246754734
16758,0.055729236273
16759,0.06146715537
16760,0.057645753449
16761,0.05931415144
16762,0.061360791392
16763,0.060778609653
16764,0.057011312327
16765,0.061602730269
16766,0.061168316477
16767,0.060864375836
16768,0.060942547877
16769,0.05645328338
16770,0.061913802829
16771,0.058691602362
16772,0.056487696432
16773,0.065725300627
16774,0.067933177456
16775,0.058088862658
16776,0.062803915667
16777,0.077666903095
16778,0.066428088412
16779,0.072572203602
16780,0.063141599841
16781,0.077181124589
16782,0.075651216437
16783,0.073402474295
16784,0.078572614954
16785,0.077689998994
16786,0.068089457457
16787,0.067646319857
16788,0.063266093318
16789,0.058031168018
16790,0.055596954196
16791,0.056195593106
16792,0.061841748762
16793,0.061783818633
16794,0.073249137468
16795,0.057556725725
16796,0.068968842672
16797,0.058753651262
16798,0.057171721034
16799,0.055860151025
16800,0.055584983642
16801,0.056418593641
16802,0.055674672491
16803,0.056201514265
16804,0.05630309654
16805,0.056364815859
16806,0.056181371
16807,0.056111585422
16808,0.056222606157
16809,0.056823758781
16810,0.056714550736
16811,0.057118006483
16812,0.057015461724
16813,0.057317588166
16814,0.06143936269
16815,0.064570131561
16816,0.070950673577
16817,0.076625613512
16818,0.076306681784
16819,0.067775105737
16820,0.057119909306
16821,0.053073208157
16822,0.051897192782
16823,0.051069116057
16824,0.049583911413
16825,0.048436836938
16826,0.047167232281
16827,0.046226941257
16828,0.044949400235
16829,0.043322009252
16830,0.041482553906
16831,0.040770534414
16832,0.039752255481
16833,0.039813021083
16834,0.039140351556
16835,0.039049275853
16836,0.037556540654
16837,0.032719341187
16838,0.030779342424
16839,0.033506505858
16840,0.027974502834
16841,0.026470186636
16842,0.028668089829
16843,0.029927632857
16844,0.02860906026
16845,0.029594029646
16846,0.032181532733
16847,0.032020229332
16848,0.03130332664
16849,0.030066499747
16850,0.030778646144
16851,0.032146275076
16852,0.032457950171
16853,0.027583159259
16854,0.023560484744
16855,0.022920896012
16856,0.023227139033
16857,0.025087574717
16858,0.0227188613
16859,0.020902138475
16860,0.033000026119
16861,0.032057659126
16862,0.031119202638
16863,0.031264334601
16864,0.027520451908
16865,0.027961851239
16866,0.031498703562
16867,0.033726527393
16868,0.033426414013
16869,0.029654447119
16870,0.029233841062
16871,0.028785899534
16872,0.028688089116
16873,0.028589039567
16874,0.029501097301
16875,0.030201977348
16876,0.028572309749
16877,0.021709321681
16878,0.022856426274
16879,0.022023397109
16880,0.01706001881
16881,0.014517531107
16882,0.010303476057
16883,0.0096998215587
16884,0.0092575638091
16885,0.0088000968779
16886,0.0086605006454
16887,0.0086025821512
16888,0.0084946689079
16889,0.0085694594889
16890,0.0090806122599
16891,0.0085375683091
16892,0.0093398097718
16893,0.0086435850374
16894,0.0080783037766
16895,0.008295306193
16896,0.0080484852427
16897,0.0079392086423
16898,0.0080730027013
16899,0.007913405476
16900,0.0079337258256
16901,0.0088710343791
16902,0.0062880553827
16903,0.0067651221573
16904,0.0067389532127
16905,0.0067929997775
16906,0.0070477529246
16907,0.0081384919488
16908,0.0080198868668
16909,0.0074960794045
16910,0.0081827257479
16911,0.0082777700549
16912,0.0082489819333
16913,0.0084507525288
16914,0.0084357585834
16915,0.0084608997522
16916,0.0081182039874
16917,0.0077806174147
16918,0.0074425647713
16919,0.0069698990239
16920,0.0063210027544
16921,0.0059307387963
16922,0.0051441510606
16923,0.0050902547274
16924,0.0046014551919
16925,0.0044730877039
16926,0.0047554899808
16927,0.0050536099296
16928,0.0052754468877
16929,0.0065383867292
16930,0.0082075309513
16931,0.0079994568037
16932,0.008883298959
16933,0.0098089228958
16934,0.050930072569
16935,0.024518242131
16936,0.091190346312
16937,0.08631969852
16938,0.074692743646
16939,0.13585349481
16940,0.12007284993
16941,0.10688343025
16942,0.069718394266
16943,0.055289131752
16944,0.1425156004
16945,0.13178391626
16946,0.13327942989
16947,0.14980282519
16948,0.15965011807
16949,0.14812244202
16950,0.35437780987
16951,0.28471316857
16952,0.24915613562
16953,0.37746939408
16954,0.51514473263
16955,0.2598036948
16956,0.2604718642
16957,0.19474125017
16958,0.16185479857
16959,0.26504442268
16960,0.26802123974
16961,0.26293855034
16962,0.25243459237
16963,0.24299987728
16964,0.22983022115
16965,0.26829654187
16966,0.27320610635
16967,0.27505244209
16968,0.2718916142
16969,0.27628610997
16970,0.030867042992
16971,0.030092392459
16972,0.028096844864
16973,0.029887955901
16974,0.036741861655
16975,0.030638073655
16976,0.03679324797
16977,0.039481138973
16978,0.042024216191
16979,0.04509183242
16980,0.047387229021
16981,0.047429089974
16982,0.048429046569
16983,0.052125646945
16984,0.06591975991
16985,0.090047900624
16986,0.082681072244
16987,0.10073137357
16988,0.050143590601
16989,0.089893222224
16990,0.062706224338
16991,0.030493306522
16992,0.031778466172
16993,0.029336964257
16994,0.028938188665
16995,0.028224667585
16996,0.028177224528
16997,0.027217859227
16998,0.027287651458
16999,0.037830095001
17000,0.051028062466
17001,0.046028837592
17002,0.052122708943
17003,0.051616657429
17004,0.065461271622
17005,0.063517803648
17006,0.062933819241
17007,0.062423064011
17008,0.06411818935
17009,0.061507193165
17010,0.066113621466
17011,0.072432902665
17012,0.067029278894
17013,0.063862025139
17014,0.061134163721
17015,0.098670677633
17016,0.09390990911
17017,0.10346227277
17018,0.08624475333
17019,0.059099305584
17020,0.057495736537
17021,0.059708376684
17022,0.065156689437
17023,0.063292526282
17024,0.06898537339
17025,0.057873807694
17026,0.06104221045
17027,0.060278241425
17028,0.057404739449
17029,0.057002794852
17030,0.057336508388
17031,0.056802482507
17032,0.056744823284
17033,0.056503568561
17034,0.056873042363
17035,0.057403001191
17036,0.057071091257
17037,0.057018117159
17038,0.057079836892
17039,0.057256553002
17040,0.057358083348
17041,0.057682335993
17042,0.058663752763
17043,0.063240917286
17044,0.068892476429
17045,0.077033247537
17046,0.07818848801
17047,0.075829919712
17048,0.068464084064
17049,0.059111147743
17050,0.055479696954
17051,0.053091645589
17052,0.051575221957
17053,0.05062965583
17054,0.049893801957
17055,0.048006953746
17056,0.046955563151
17057,0.045331293201
17058,0.045082534925
17059,0.043945528655
17060,0.043209243126
17061,0.041774484869
17062,0.039751412089
17063,0.039720361272
17064,0.039025172917
17065,0.039491170797
17066,0.039469577285
17067,0.037751213086
17068,0.036682815969
17069,0.035290166015
17070,0.031763215588
17071,0.028216860842
17072,0.027345545456
17073,0.026672085209
17074,0.025998887771
17075,0.027886223522
17076,0.027236958866
17077,0.025983045922
17078,0.026478226897
17079,0.02807047021
17080,0.028635182041
17081,0.030152444824
17082,0.026276258584
17083,0.023289166941
17084,0.0300007959
17085,0.027970987584
17086,0.027283974044
17087,0.027430877911
17088,0.026781535984
17089,0.027086099094
17090,0.022375632749
17091,0.0188331052
17092,0.019564007068
17093,0.01881231845
17094,0.021833649907
17095,0.01814376379
17096,0.018770508614
17097,0.018444406663
17098,0.033206187259
17099,0.032003838034
17100,0.031854602083
17101,0.030229444045
17102,0.024069163863
17103,0.028853765157
17104,0.032904686631
17105,0.03322248244
17106,0.029093589689
17107,0.028534386127
17108,0.027737643786
17109,0.027105845197
17110,0.027865501025
17111,0.02935143756
17112,0.03034975991
17113,0.030857955586
17114,0.020226793622
17115,0.020957814202
17116,0.015113455872
17117,0.0099979953454
17118,0.0097104783666
17119,0.0091457054066
17120,0.008812323318
17121,0.0086405979135
17122,0.0084830911328
17123,0.008437073306
17124,0.0084792573482
17125,0.0084380149202
17126,0.0083705247247
17127,0.0084629573792
17128,0.0083559040629
17129,0.0083423440691
17130,0.0081890004298
17131,0.0081890119297
17132,0.0081229680152
17133,0.0079876685979
17134,0.0077885758484
17135,0.0078893019119
17136,0.009035429628
17137,0.0067703931765
17138,0.0062429118944
17139,0.0062608008677
17140,0.0064931169012
17141,0.0062977441072
17142,0.0064240824329
17143,0.0068633741066
17144,0.0081445288921
17145,0.0079716286266
17146,0.0077758900782
17147,0.0062170971457
17148,0.0055507578819
17149,0.0054554782857
17150,0.0048035766461
17151,0.0046777706228
17152,0.004122142922
17153,0.004032921014
17154,0.0039497160007
17155,0.0042553477233
17156,0.0045609476594
17157,0.0048249975487
17158,0.0055070882049
17159,0.0066965056711
17160,0.0064543257512
17161,0.0073789021894
17162,0.0080982281139
17163,0.0086572529154
17164,0.051361506789
17165,0.025516981835
17166,0.10267649482
17167,0.097612292198
17168,0.081398994011
17169,0.16634183912
17170,0.1580311734
17171,0.14030563568
17172,0.12144725743
17173,0.076314870215
17174,0.06231041491
17175,0.14898426878
17176,0.16672898733
17177,0.18379819186
17178,0.18762366254
17179,0.26894802583
17180,0.28988621901
17181,0.27587858133
17182,0.38230483534
17183,0.2769476352
17184,0.17835509301
17185,0.21528770733
17186,0.27061902408
17187,0.27398222659
17188,0.27086743446
17189,0.26511819025
17190,0.25923522225
17191,0.24948489791
17192,0.24591588038
17193,0.28061872362
17194,0.28209896225
17195,0.27687272235
17196,0.27583698591
17197,0.28195213471
17198,0.027747319466
17199,0.02841274598
17200,0.031005387879
17201,0.032521610708
17202,0.040949853553
17203,0.034277962172
17204,0.064591596599
17205,0.07274542471
17206,0.051002992803
17207,0.056214903662
17208,0.059542649147
17209,0.070473769184
17210,0.084349823067
17211,0.095915291789
17212,0.10943319311
17213,0.034192912694
17214,0.033109216737
17215,0.030583917523
17216,0.029189734959
17217,0.0635582629
17218,0.068007589526
17219,0.069622962152
17220,0.062713202573
17221,0.064489771708
17222,0.068751919767
17223,0.066516664129
17224,0.057248607014
17225,0.061847948374
17226,0.068371681989
17227,0.063508225735
17228,0.05757310134
17229,0.060982230512
17230,0.060275023005
17231,0.059433831419
17232,0.05719637205
17233,0.056983973176
17234,0.05762013123
17235,0.056959458278
17236,0.056819421861
17237,0.056710804968
17238,0.057447395269
17239,0.05774158365
17240,0.057490102931
17241,0.057182218938
17242,0.057189081487
17243,0.057247863045
17244,0.057352536889
17245,0.057543005436
17246,0.057777350175
17247,0.058252595478
17248,0.059176998398
17249,0.061448805089
17250,0.06509460392
17251,0.068280517095
17252,0.073746587256
17253,0.076957451577
17254,0.080807665618
17255,0.07469490646
17256,0.063743432398
17257,0.05779315778
17258,0.05456124412
17259,0.051959986856
17260,0.050593814323
17261,0.049149170328
17262,0.048955789114
17263,0.04683507447
17264,0.046127260043
17265,0.043707231244
17266,0.043227105898
17267,0.043972383175
17268,0.042528977942
17269,0.041004175197
17270,0.038891199531
17271,0.038255477665
17272,0.037251378905
17273,0.038408496842
17274,0.038505118885
17275,0.03971825941
17276,0.036633026399
17277,0.035752317457
17278,0.033878996937
17279,0.034130064801
17280,0.032844248258
17281,0.031451488997
17282,0.029164797636
17283,0.027684144968
17284,0.027851055062
17285,0.026452450885
17286,0.019960679724
17287,0.027412977074
17288,0.019029508034
17289,0.018080990467
17290,0.020936037386
17291,0.021903323058
17292,0.018367336751
17293,0.018536180031
17294,0.02101868033
17295,0.021154443448
17296,0.01867421403
17297,0.018341007472
17298,0.02135144607
17299,0.01841955602
17300,0.019064860582
17301,0.019096619716
17302,0.019070777196
17303,0.019200452645
17304,0.018251550844
17305,0.018329719406
17306,0.018558136267
17307,0.018908713574
17308,0.019066539002
17309,0.030746427142
17310,0.029407885253
17311,0.023433788373
17312,0.022910946222
17313,0.023609557792
17314,0.019991174933
17315,0.030368951072
17316,0.032009633024
17317,0.026613637793
17318,0.028156483408
17319,0.026680213673
17320,0.026051038653
17321,0.028351247392
17322,0.030795745298
17323,0.031852914065
17324,0.030874391814
17325,0.02030864709
17326,0.020754760507
17327,0.01590008675
17328,0.010104813597
17329,0.0092763756192
17330,0.009055070435
17331,0.0086857634898
17332,0.0084818533009
17333,0.0083658477815
17334,0.0083635635484
17335,0.008284666409
17336,0.0081330692574
17337,0.0080005144081
17338,0.0079842297272
17339,0.0078878887373
17340,0.0076896349326
17341,0.0089999831229
17342,0.0080469575406
17343,0.0063528153756
17344,0.0063956898
17345,0.006218996927
17346,0.0060901639304
17347,0.0062481257862
17348,0.0058893596714
17349,0.0057557693894
17350,0.0056330586726
17351,0.0052166174842
17352,0.0050414575551
17353,0.0046616700637
17354,0.0044864869318
17355,0.0039267219064
17356,0.0036537953389
17357,0.0035039702997
17358,0.0035935974984
17359,0.0039552821324
17360,0.0042854718349
17361,0.0043730394445
17362,0.0046592534406
17363,0.0050333268362
17364,0.0056293660288
17365,0.0054738529602
17366,0.0060124088105
17367,0.0064722194221
17368,0.0072006687199
17369,0.0086410138971
17370,0.007461995144
17371,0.059493482322
17372,0.053184277602
17373,0.035327237783
17374,0.11682315347
17375,0.11355341111
17376,0.088401473996
17377,0.10072416651
17378,0.19610177222
17379,0.18235869784
17380,0.17213508044
17381,0.16044964729
17382,0.13888975196
17383,0.087120177519
17384,0.069595813935
17385,0.080925648342
17386,0.20348177932
17387,0.20931119519
17388,0.22096520283
17389,0.22294067206
17390,0.29675244222
17391,0.32138118366
17392,0.2949970293
17393,0.36370803501
17394,0.42643390509
17395,0.28953128595
17396,0.2321933102
17397,0.27889800477
17398,0.27823934242
17399,0.27497713159
17400,0.27184581653
17401,0.2689214308
17402,0.2657753756
17403,0.2604143908
17404,0.25487867522
17405,0.29460378298
17406,0.2840020549
17407,0.28306464689
17408,0.29089888144
17409,0.033751025852
17410,0.07794232066
17411,0.065017371634
17412,0.081963503485
17413,0.082548222227
17414,0.070126392073
17415,0.076757070641
17416,0.081643405042
17417,0.091531341869
17418,0.036731860648
17419,0.036987679987
17420,0.032354965454
17421,0.035130654231
17422,0.073517597569
17423,0.07062529305
17424,0.073228600601
17425,0.068671992314
17426,0.070904241273
17427,0.06305418698
17428,0.060916586141
17429,0.062228056399
17430,0.067652846132
17431,0.065656236521
17432,0.068680043906
17433,0.064778730478
17434,0.056356177007
17435,0.054788058464
17436,0.053846671936
17437,0.056877391139
17438,0.058237094592
17439,0.057213969791
17440,0.057314787994
17441,0.057795862992
17442,0.05815409482
17443,0.057646562259
17444,0.057450351798
17445,0.057357261767
17446,0.05719122773
17447,0.057233745071
17448,0.057322983724
17449,0.057436514705
17450,0.057304783522
17451,0.057679269358
17452,0.058146226173
17453,0.058494901225
17454,0.059760283706
17455,0.061585342365
17456,0.062883001087
17457,0.065481152334
17458,0.068987074668
17459,0.072149707311
17460,0.079716323736
17461,0.08102935128
17462,0.079378018471
17463,0.071960366806
17464,0.064797012941
17465,0.059511613828
17466,0.055338332855
17467,0.052234071802
17468,0.05063885741
17469,0.049054766298
17470,0.046628879393
17471,0.047034973156
17472,0.044612325436
17473,0.044309421426
17474,0.042213601818
17475,0.042119651499
17476,0.041916265232
17477,0.042295505524
17478,0.040937773621
17479,0.038572975755
17480,0.03620522636
17481,0.035241451894
17482,0.036775824188
17483,0.037097707683
17484,0.035701725747
17485,0.036409429952
17486,0.037280046282
17487,0.036144439849
17488,0.037001669389
17489,0.030330568902
17490,0.033008051095
17491,0.031105820591
17492,0.030829729495
17493,0.02642184241
17494,0.031124611084
17495,0.028240699298
17496,0.028389369861
17497,0.028814764003
17498,0.023259411281
17499,0.022484658027
17500,0.019396478174
17501,0.018763118634
17502,0.017760951399
17503,0.017210715313
17504,0.018402333924
17505,0.018431304559
17506,0.01869461592
17507,0.019491886942
17508,0.019096106201
17509,0.01840951603
17510,0.018738754853
17511,0.019253337466
17512,0.019331766249
17513,0.01867651948
17514,0.023408996283
17515,0.019885652323
17516,0.020640162377
17517,0.021169945474
17518,0.022242300675
17519,0.029296589133
17520,0.022091181656
17521,0.038350110723
17522,0.039544359642
17523,0.043254517407
17524,0.04034512231
17525,0.020510980361
17526,0.019600928676
17527,0.020013915596
17528,0.013163129507
17529,0.0093738054642
17530,0.0089095873173
17531,0.0085022381321
17532,0.0084289505876
17533,0.0083640762735
17534,0.0082390859717
17535,0.0082221145557
17536,0.0082693839236
17537,0.0082049416162
17538,0.0079716497883
17539,0.0074212057778
17540,0.0073475268367
17541,0.0079760136731
17542,0.0065330691747
17543,0.0065970720419
17544,0.0066305590123
17545,0.0059082007601
17546,0.0056248108301
17547,0.0053892699632
17548,0.0051873462702
17549,0.0049035239007
17550,0.0049176105617
17551,0.004515702211
17552,0.0042400191708
17553,0.0040744026305
17554,0.0034353121283
17555,0.0033137442748
17556,0.0032623162578
17557,0.0031886264877
17558,0.0031878105668
17559,0.0034895447111
17560,0.0038249289627
17561,0.0039506957456
17562,0.004137683924
17563,0.0043151387213
17564,0.0047750697413
17565,0.0051893192421
17566,0.0052209148994
17567,0.0054292342554
17568,0.0056498830292
17569,0.0059682760332
17570,0.0063959274107
17571,0.029031064662
17572,0.0078983198939
17573,0.0072560980803
17574,0.0065103848453
17575,0.074435659969
17576,0.065305910857
17577,0.057582156881
17578,0.054535302232
17579,0.038088177895
17580,0.13461445914
17581,0.12569588691
17582,0.1121797732
17583,0.096120941574
17584,0.10497811179
17585,0.21463296999
17586,0.1990726824
17587,0.18461755118
17588,0.16967723582
17589,0.15546356595
17590,0.093048746177
17591,0.089393002611
17592,0.23231932881
17593,0.24234947345
17594,0.25060125723
17595,0.24810824513
17596,0.32384221572
17597,0.31368149869
17598,0.35665828676
17599,0.3044666698
17600,0.40682477229
17601,0.45365583581
17602,0.51382548578
17603,0.24437274621
17604,0.2832828986
17605,0.28126292997
17606,0.27874574574
17607,0.27598547613
17608,0.27255220447
17609,0.27101073421
17610,0.26872806353
17611,0.26685786603
17612,0.25915505168
17613,0.30969246176
17614,0.30539066754
17615,0.29607853761
17616,0.28993457125
17617,0.064691869487
17618,0.078180297783
17619,0.083862948944
17620,0.069516164146
17621,0.085472833756
17622,0.07502358158
17623,0.08044582847
17624,0.089204258621
17625,0.047800065151
17626,0.04316773361
17627,0.040969992149
17628,0.042980369921
17629,0.08045250382
17630,0.075733600823
17631,0.074983969315
17632,0.062689482572
17633,0.062208617514
17634,0.06194141415
17635,0.06508155471
17636,0.061878180946
17637,0.066743532706
17638,0.064958935073
17639,0.063486495637
17640,0.05656184113
17641,0.057498353803
17642,0.054551191207
17643,0.054279203514
17644,0.060478694888
17645,0.05809572587
17646,0.058953559445
17647,0.058216977933
17648,0.057914911248
17649,0.057609210705
17650,0.057633931981
17651,0.057373831752
17652,0.057341900982
17653,0.057243002607
17654,0.057266239608
17655,0.056700064926
17656,0.05706493359
17657,0.057476496508
17658,0.057681107504
17659,0.059761009287
17660,0.060311159628
17661,0.061858126991
17662,0.062264289686
17663,0.061262191621
17664,0.06270702952
17665,0.06424039688
17666,0.067340629786
17667,0.067834216644
17668,0.070999320961
17669,0.075668009412
17670,0.078984759656
17671,0.079456946409
17672,0.078439627732
17673,0.070561024921
17674,0.061705393185
17675,0.058551104995
17676,0.054045332529
17677,0.050927356927
17678,0.049747881263
17679,0.048880365083
17680,0.047025237017
17681,0.045103600426
17682,0.043978608493
17683,0.044876015961
17684,0.042507410573
17685,0.042248403292
17686,0.040609110794
17687,0.040944494654
17688,0.040843529933
17689,0.040619969302
17690,0.041101409427
17691,0.040192568372
17692,0.039073306976
17693,0.037040542337
17694,0.03607696179
17695,0.03489995584
17696,0.034175172834
17697,0.03438740228
17698,0.034293246689
17699,0.035780745057
17700,0.034618475867
17701,0.034687861543
17702,0.033114844853
17703,0.036549995423
17704,0.033752843081
17705,0.032685702582
17706,0.0277924758
17707,0.02702109298
17708,0.027685848334
17709,0.027023907294
17710,0.025009121729
17711,0.028194256635
17712,0.025502652613
17713,0.022702258734
17714,0.019766511675
17715,0.018756622429
17716,0.019159952683
17717,0.018513906699
17718,0.016737948621
17719,0.020217028915
17720,0.022816372852
17721,0.034740382793
17722,0.050462481697
17723,0.04970408421
17724,0.019405352108
17725,0.019351931631
17726,0.020333705488
17727,0.015482444241
17728,0.012497743074
17729,0.014259854166
17730,0.0086384550906
17731,0.0083799470943
17732,0.0083259401369
17733,0.0082398941527
17734,0.0080298051016
17735,0.0080247138022
17736,0.008140687189
17737,0.0080331337324
17738,0.0075945968189
17739,0.006236967916
17740,0.0069396038856
17741,0.006969766918
17742,0.0072613382044
17743,0.0064372068545
17744,0.0061211413243
17745,0.0059680599361
17746,0.0058983483748
17747,0.0054184206571
17748,0.0051912563216
17749,0.0049171631974
17750,0.0045910698453
17751,0.0042383706721
17752,0.004134093533
17753,0.00381951928
17754,0.0033851482739
17755,0.0029842469534
17756,0.0030143523468
17757,0.0030197451782
17758,0.0030169205185
17759,0.0028955590709
17760,0.0029837297065
17761,0.0030607130543
17762,0.0034273967752
17763,0.0037248054735
17764,0.0039211228195
17765,0.0040956781817
17766,0.00417646388
17767,0.004471262661
17768,0.0048788913302
17769,0.0047553160692
17770,0.0049498194155
17771,0.0051538546832
17772,0.005151658541
17773,0.005329183912
17774,0.0057375716446
17775,0.026632426511
17776,0.015540631389
17777,0.0062298258687
17778,0.0056917819109
17779,0.083174927485
17780,0.074476336922
17781,0.062721049489
17782,0.061102019605
17783,0.056743418117
17784,0.052226237446
17785,0.046735431733
17786,0.15082809272
17787,0.13974157529
17788,0.13701058492
17789,0.1280382161
17790,0.11979308499
17791,0.11329483724
17792,0.10217291565
17793,0.11142067256
17794,0.23447581363
17795,0.22399124363
17796,0.19857940051
17797,0.18492376094
17798,0.1639512295
17799,0.10049824701
17800,0.10042637541
17801,0.092909203756
17802,0.25175611176
17803,0.25928862348
17804,0.26264236965
17805,0.25935651641
17806,0.34119263483
17807,0.3226349613
17808,0.37456412603
17809,0.44336036213
17810,0.39868182455
17811,0.4958888918
17812,0.57035650352
17813,0.25484132585
17814,0.29616586728
17815,0.28771820632
17816,0.28222845092
17817,0.28042258179
17818,0.27627838012
17819,0.27378953553
17820,0.27194907139
17821,0.27067582153
17822,0.26770768014
17823,0.25896220541
17824,0.32061957745
17825,0.32447831014
17826,0.31011605999
17827,0.303547632
17828,0.068607008607
17829,0.068810183941
17830,0.067521986985
17831,0.069241087024
17832,0.073863726285
17833,0.087943045375
17834,0.079595795095
17835,0.0512364393
17836,0.050158680489
17837,0.051826074456
17838,0.066074908093
17839,0.064772042282
17840,0.064855909467
17841,0.063185156726
17842,0.06500975391
17843,0.068165214919
17844,0.060753221669
17845,0.059364621264
17846,0.059241022058
17847,0.056869696454
17848,0.060645762261
17849,0.058984444836
17850,0.057893784932
17851,0.058082001075
17852,0.057668995561
17853,0.057182418738
17854,0.057817164543
17855,0.057049670347
17856,0.056865318037
17857,0.056471001966
17858,0.056709774029
17859,0.057018250163
17860,0.058765758133
17861,0.060605204818
17862,0.059751033165
17863,0.061927757342
17864,0.061421580953
17865,0.061981792195
17866,0.062546220678
17867,0.063533220458
17868,0.064958635091
17869,0.067770593855
17870,0.071569259185
17871,0.075021139465
17872,0.076582897716
17873,0.075398311499
17874,0.076111954127
17875,0.074427106003
17876,0.075160972545
17877,0.072863026072
17878,0.067119445202
17879,0.060697605749
17880,0.057307723216
17881,0.055080216079
17882,0.051307683673
17883,0.048101650541
17884,0.047794893154
17885,0.046662034386
17886,0.044437374801
17887,0.043054041466
17888,0.041790684798
17889,0.040539302658
17890,0.040570500044
17891,0.039108946965
17892,0.03855713311
17893,0.039243503205
17894,0.039944056921
17895,0.039772138595
17896,0.039662508312
17897,0.038760788389
17898,0.037945573411
17899,0.037031742878
17900,0.035365183194
17901,0.03458111188
17902,0.035091814523
17903,0.030786017398
17904,0.03031559848
17905,0.031814519525
17906,0.033193200009
17907,0.032453731924
17908,0.034750408225
17909,0.035110865183
17910,0.032123124702
17911,0.034609567418
17912,0.026299365733
17913,0.024118162
17914,0.023561054206
17915,0.02555208634
17916,0.023499549559
17917,0.025661616568
17918,0.019619969845
17919,0.016804470929
17920,0.015718772543
17921,0.018166704749
17922,0.018855832247
17923,0.016169216952
17924,0.018776104854
17925,0.017640485315
17926,0.018199542862
17927,0.019033774934
17928,0.020108992695
17929,0.019817004024
17930,0.02161042416
17931,0.017380851347
17932,0.017874364281
17933,0.0085130302308
17934,0.0083342632419
17935,0.0081802876289
17936,0.0075453473301
17937,0.0075429430594
17938,0.0069790390041
17939,0.0063458813831
17940,0.006009843126
17941,0.0061856006322
17942,0.0059794228685
17943,0.0055252897201
17944,0.0056144783447
17945,0.0052309057772
17946,0.0049586907085
17947,0.004557486895
17948,0.0041808646837
17949,0.0039213664562
17950,0.0037892717013
17951,0.0033438076673
17952,0.002949940607
17953,0.0025642591876
17954,0.0026231425322
17955,0.0026849009865
17956,0.0027328070694
17957,0.002742716011
17958,0.0028250680302
17959,0.0028291381279
17960,0.0027836372154
17961,0.0030823733355
17962,0.00334071533
17963,0.003642943464
17964,0.0037247362749
17965,0.0040274243439
17966,0.0041417319482
17967,0.0042846775888
17968,0.0045436445352
17969,0.0043548266897
17970,0.0044546877613
17971,0.0043898091581
17972,0.004574729069
17973,0.0046092643779
17974,0.0046047526518
17975,0.0049092639867
17976,0.0051446960938
17977,0.028554178305
17978,0.027464081866
17979,0.016338792628
17980,0.0056929625928
17981,0.00582914583
17982,0.0052135979931
17983,0.085923981425
17984,0.0806327241
17985,0.070651117793
17986,0.068376497089
17987,0.05984160295
17988,0.055835625848
17989,0.052494988737
17990,0.048487059675
17991,0.16257081594
17992,0.14773766384
17993,0.14725020529
17994,0.13878120366
17995,0.13616392809
17996,0.12860474332
17997,0.12136186718
17998,0.10952784025
17999,0.11831216146
18000,0.2581283067
18001,0.25714074729
18002,0.23517310663
18003,0.2140635359
18004,0.19560404473
18005,0.1816752945
18006,0.10837596867
18007,0.10804860497
18008,0.10191773501
18009,0.095658981094
18010,0.26125608404
18011,0.26402932702
18012,0.26740221535
18013,0.26868397952
18014,0.35224985016
18015,0.42530445375
18016,0.46906198748
18017,0.3837692187
18018,0.53350920016
18019,0.61115873501
18020,0.26284335054
18021,0.31969491851
18022,0.3087490329
18023,0.2988302523
18024,0.28751606514
18025,0.28712579054
18026,0.2818908471
18027,0.27790383847
18028,0.27499636312
18029,0.27336545566
18030,0.27231611185
18031,0.2680096327
18032,0.26337597265
18033,0.35233517822
18034,0.32483508492
18035,0.070153143596
18036,0.071317994898
18037,0.053929580621
18038,0.054354154496
18039,0.059155792187
18040,0.068115021925
18041,0.07111434807
18042,0.067117177885
18043,0.066765379066
18044,0.063823469732
18045,0.067088411671
18046,0.065897396987
18047,0.062831652922
18048,0.063105665283
18049,0.060696313908
18050,0.060603839757
18051,0.059682246612
18052,0.058555555154
18053,0.058311460148
18054,0.057155792786
18055,0.056720538942
18056,0.057901142493
18057,0.057183376913
18058,0.0567151992
18059,0.057822089302
18060,0.058022361385
18061,0.058938381249
18062,0.060598276014
18063,0.059754002079
18064,0.061011047406
18065,0.061181227059
18066,0.061185553833
18067,0.061226893436
18068,0.062521982618
18069,0.063624417127
18070,0.064847299652
18071,0.066864026911
18072,0.069770715561
18073,0.07305623056
18074,0.072794468629
18075,0.071333905577
18076,0.072540069662
18077,0.073007470096
18078,0.074823960944
18079,0.075639790262
18080,0.075797625887
18081,0.074432914584
18082,0.069558754941
18083,0.061983321322
18084,0.055888048669
18085,0.051967490518
18086,0.048153251311
18087,0.046649276185
18088,0.046145640659
18089,0.044829380779
18090,0.04254375129
18091,0.042531199942
18092,0.0413472796
18093,0.039383653806
18094,0.038282124936
18095,0.038973185441
18096,0.037596980763
18097,0.03703224908
18098,0.037736339073
18099,0.03880274693
18100,0.038022988405
18101,0.03924357198
18102,0.038704034408
18103,0.038877018948
18104,0.038450189576
18105,0.038463751737
18106,0.037601841235
18107,0.035738901791
18108,0.032370632672
18109,0.031123947718
18110,0.030938883352
18111,0.030619373146
18112,0.028869178841
18113,0.023655320297
18114,0.024639789212
18115,0.018419911355
18116,0.015312870551
18117,0.015109325831
18118,0.013815126659
18119,0.015349842034
18120,0.013484537862
18121,0.014317375355
18122,0.0168720864
18123,0.018590209173
18124,0.016577974467
18125,0.015680972176
18126,0.016189066706
18127,0.01769886217
18128,0.018619409485
18129,0.020485836825
18130,0.022639206057
18131,0.023189165973
18132,0.01874002527
18133,0.0085053274477
18134,0.0084623552446
18135,0.016948324865
18136,0.0082721261065
18137,0.007670082574
18138,0.0072252545887
18139,0.0072191735525
18140,0.0068228850726
18141,0.0063880809282
18142,0.0064002978111
18143,0.0063968565917
18144,0.0060726263812
18145,0.0057191417406
18146,0.0056976967675
18147,0.0059552072179
18148,0.00542259811
18149,0.0055766312654
18150,0.0052473675126
18151,0.0050066213554
18152,0.0046940769665
18153,0.0044065394171
18154,0.0040615062915
18155,0.0037948971922
18156,0.0035517234032
18157,0.003303055456
18158,0.0028828408701
18159,0.0025040941279
18160,0.0020544348828
18161,0.0021475404524
18162,0.0022700782296
18163,0.0022994013182
18164,0.0023881436033
18165,0.0024014341455
18166,0.0023605836719
18167,0.0023241318494
18168,0.0023480196644
18169,0.0027836424619
18170,0.0030005891184
18171,0.0032861308838
18172,0.0032548751151
18173,0.0034905950231
18174,0.0039065040155
18175,0.0040597764581
18176,0.0042046157476
18177,0.0042050848296
18178,0.0041513162905
18179,0.0040143989792
18180,0.0040958243493
18181,0.0042156061242
18182,0.0041831452605
18183,0.0041769189885
18184,0.0045674874623
18185,0.0047648154657
18186,0.045567114697
18187,0.044200866627
18188,0.030263242185
18189,0.027289859467
18190,0.024742490404
18191,0.015830807087
18192,0.005361419313
18193,0.0055484326447
18194,0.0047354671175
18195,0.0047986686179
18196,0.090098106402
18197,0.085943147096
18198,0.077617041261
18199,0.076220682169
18200,0.063194777061
18201,0.07015993796
18202,0.057370610075
18203,0.054339734718
18204,0.051382110779
18205,0.17785543533
18206,0.16037758565
18207,0.16138376938
18208,0.14530454052
18209,0.14493049071
18210,0.1366231456
18211,0.130034142
18212,0.12680436095
18213,0.1166912205
18214,0.12368539487
18215,0.27261545577
18216,0.28346737531
18217,0.27424346241
18218,0.25454796617
18219,0.24500118867
18220,0.21373515665
18221,0.2030521942
18222,0.19360903999
18223,0.11563665924
18224,0.11533313108
18225,0.10921613416
18226,0.10393224099
18227,0.098586815059
18228,0.26489087132
18229,0.26809738862
18230,0.27036284742
18231,0.27326542601
18232,0.27593186342
18233,0.40990644922
18234,0.44654414527
18235,0.48989444287
18236,0.37935821876
18237,0.54564468076
18238,0.58881686206
18239,0.64828272884
18240,0.2683023211
18241,0.34814807825
18242,0.34551540788
18243,0.3265117796
18244,0.33089036712
18245,0.31908512324
18246,0.31681099719
18247,0.2970427143
18248,0.29435154456
18249,0.28441558898
18250,0.28299626654
18251,0.28293048653
18252,0.27765228197
18253,0.27484680741
18254,0.27369014321
18255,0.2654710479
18256,0.25885253343
18257,0.2669321537
18258,0.055495035209
18259,0.059551997689
18260,0.070115125526
18261,0.072681058511
18262,0.077447033561
18263,0.069227830976
18264,0.067051679586
18265,0.06493300062
18266,0.066731098532
18267,0.067952914928
18268,0.061840736762
18269,0.06442221619
18270,0.062833103684
18271,0.062480967527
18272,0.060360002193
18273,0.059278982387
18274,0.058543274089
18275,0.057378954606
18276,0.057740148475
18277,0.05703394187
18278,0.05859247129
18279,0.057621574354
18280,0.057087375946
18281,0.058128188361
18282,0.058723190779
18283,0.059226762802
18284,0.060354558413
18285,0.05972174776
18286,0.060389841769
18287,0.060500626898
18288,0.060658266556
18289,0.0605215273
18290,0.060463223424
18291,0.061010019366
18292,0.06211237234
18293,0.062877534429
18294,0.063254926537
18295,0.064591222799
18296,0.065435030352
18297,0.067882376734
18298,0.070527958343
18299,0.070141971608
18300,0.06904055607
18301,0.068974425621
18302,0.067838637042
18303,0.069320131407
18304,0.072201671434
18305,0.073640631947
18306,0.07522126777
18307,0.074998156492
18308,0.074223881963
18309,0.070889985204
18310,0.065424041315
18311,0.058645547575
18312,0.056307883354
18313,0.05381482435
18314,0.049395165078
18315,0.045178860361
18316,0.045285979576
18317,0.044660019271
18318,0.042657681573
18319,0.040720882918
18320,0.040989414005
18321,0.039061087448
18322,0.037408836451
18323,0.037173542859
18324,0.035822532204
18325,0.037433685692
18326,0.035761768917
18327,0.035692265979
18328,0.03543249883
18329,0.036616440249
18330,0.037113112525
18331,0.03781569551
18332,0.037101932366
18333,0.037754662158
18334,0.038118853182
18335,0.038062605043
18336,0.037590413006
18337,0.037061226823
18338,0.034209203524
18339,0.030151676248
18340,0.019016732094
18341,0.016630108701
18342,0.017785864181
18343,0.012869553189
18344,0.014173875722
18345,0.012732894785
18346,0.013581651535
18347,0.012449192569
18348,0.013206178123
18349,0.012868100947
18350,0.015199561812
18351,0.015677928659
18352,0.017080198947
18353,0.016282523525
18354,0.01599954594
18355,0.015778594883
18356,0.021715713886
18357,0.019362078138
18358,0.022037231653
18359,0.023454808376
18360,0.023618649556
18361,0.019701290988
18362,0.024039829105
18363,0.022265601131
18364,0.012317661566
18365,0.0075744580269
18366,0.0071361237743
18367,0.0068797031045
18368,0.0065803670436
18369,0.0066928700362
18370,0.006462453315
18371,0.005926021069
18372,0.0064986750299
18373,0.0056089526242
18374,0.0056755420539
18375,0.0060157896319
18376,0.0052883050617
18377,0.0050660534339
18378,0.0048040348629
18379,0.0045263905145
18380,0.0042568378009
18381,0.0039723059985
18382,0.003648418632
18383,0.0033567985258
18384,0.0029411312962
18385,0.0025389401236
18386,0.0021647794944
18387,0.0019106575827
18388,0.0017644507897
18389,0.0017964202956
18390,0.0018083886615
18391,0.0019258147772
18392,0.0020255362595
18393,0.0019868908017
18394,0.0018814589701
18395,0.0019532463124
18396,0.0021170173965
18397,0.0024071469469
18398,0.0027658685183
18399,0.0028687907652
18400,0.0029702572055
18401,0.0031306017041
18402,0.0035694389497
18403,0.0039059627445
18404,0.0040040528462
18405,0.0040830892889
18406,0.0040347639307
18407,0.0038554649021
18408,0.0039259476467
18409,0.0039847062893
18410,0.0039933090506
18411,0.0039191996709
18412,0.003789801014
18413,0.0042116511218
18414,0.0043628497555
18415,0.048863957435
18416,0.045597853245
18417,0.042291951253
18418,0.030344829966
18419,0.028229902955
18420,0.024894165751
18421,0.020839252861
18422,0.0051356826008
18423,0.018540463542
18424,0.0052716453665
18425,0.0043712074438
18426,0.004817259998
18427,0.0045532787963
18428,0.093825933712
18429,0.090083684473
18430,0.083302267104
18431,0.081478795447
18432,0.07599278752
18433,0.065448108553
18434,0.059510104633
18435,0.071378054966
18436,0.056716913424
18437,0.054385825087
18438,0.1925147054
18439,0.17536065866
18440,0.18187326232
18441,0.154744597
18442,0.16996771879
18443,0.15328260138
18444,0.14541182608
18445,0.13608534817
18446,0.13102564839
18447,0.12110253834
18448,0.12669550702
18449,0.28248817101
18450,0.30074579554
18451,0.29987260088
18452,0.29112350914
18453,0.26730988608
18454,0.2380406635
18455,0.21927842233
18456,0.21131879251
18457,0.12151085543
18458,0.12218088059
18459,0.11626020528
18460,0.11089363823
18461,0.10571928158
18462,0.10096860492
18463,0.27066835073
18464,0.27228086267
18465,0.2743204737
18466,0.27961980068
18467,0.28022823061
18468,0.28259557511
18469,0.41906847323
18470,0.46979754264
18471,0.51420500974
18472,0.37793327061
18473,0.55956805146
18474,0.62309982035
18475,0.70115409948
18476,0.27542028441
18477,0.37731290371
18478,0.35599699878
18479,0.33662928833
18480,0.33989960378
18481,0.31643439986
18482,0.3088004146
18483,0.28836719315
18484,0.28519374295
18485,0.28254211414
18486,0.27916874977
18487,0.27504990771
18488,0.27056575261
18489,0.26399377964
18490,0.25637977873
18491,0.26049191778
18492,0.26864029351
18493,0.062741698719
18494,0.069600885306
18495,0.05957156882
18496,0.07136665905
18497,0.07384496891
18498,0.076929060898
18499,0.079545134956
18500,0.069233101288
18501,0.066714556808
18502,0.065331159806
18503,0.066130634999
18504,0.063476446251
18505,0.065222968704
18506,0.069721805591
18507,0.061542872794
18508,0.06068119973
18509,0.059719130105
18510,0.057978647887
18511,0.05782467125
18512,0.058465826476
18513,0.057524697708
18514,0.060239002339
18515,0.057857385551
18516,0.058373416391
18517,0.057646994422
18518,0.058786793033
18519,0.059142105585
18520,0.060073540449
18521,0.059758442834
18522,0.059325373905
18523,0.060172194159
18524,0.060141421873
18525,0.060290279334
18526,0.060165826449
18527,0.060206888401
18528,0.060280603413
18529,0.06012217168
18530,0.060113057093
18531,0.060918631026
18532,0.060302688171
18533,0.06161293211
18534,0.06224851179
18535,0.063197936161
18536,0.064142129976
18537,0.066335430433
18538,0.067807205449
18539,0.066189019413
18540,0.066879534581
18541,0.065719879961
18542,0.068350770262
18543,0.070998520636
18544,0.072232597927
18545,0.071778615245
18546,0.073391154275
18547,0.073082219116
18548,0.0736614991
18549,0.073303280323
18550,0.071980085274
18551,0.067807465511
18552,0.064295346173
18553,0.061769148825
18554,0.058667363758
18555,0.054730682005
18556,0.05086523842
18557,0.046382679113
18558,0.043662848493
18559,0.042058815757
18560,0.039532559519
18561,0.038094467389
18562,0.037716695503
18563,0.037250497978
18564,0.03599819003
18565,0.035277167047
18566,0.035575296015
18567,0.034028727116
18568,0.033941885755
18569,0.033959132223
18570,0.03421526966
18571,0.034518087052
18572,0.035499737899
18573,0.03700918369
18574,0.036422758989
18575,0.037054240511
18576,0.036394696641
18577,0.037056431101
18578,0.038233733052
18579,0.036978244083
18580,0.036709867314
18581,0.035652534626
18582,0.034658746355
18583,0.030598815326
18584,0.030613367848
18585,0.017852083718
18586,0.017390661654
18587,0.016843138841
18588,0.013361553779
18589,0.012843727871
18590,0.012776219876
18591,0.012543987178
18592,0.012517186009
18593,0.012380804336
18594,0.014968906757
18595,0.013647845208
18596,0.012966800869
18597,0.015454897399
18598,0.016444019035
18599,0.016017894273
18600,0.015577631711
18601,0.014822468645
18602,0.014493169438
18603,0.023646208583
18604,0.024644246571
18605,0.026248928316
18606,0.026270439149
18607,0.024873202651
18608,0.023790526863
18609,0.024092512538
18610,0.02390824958
18611,0.024036888369
18612,0.023812125783
18613,0.021853433512
18614,0.017140590572
18615,0.01589477429
18616,0.0072119290273
18617,0.0070547787446
18618,0.0069681969277
18619,0.0067982617502
18620,0.0066027305229
18621,0.0062128498326
18622,0.0056344982285
18623,0.0056572597071
18624,0.0058584188111
18625,0.0060048894482
18626,0.0053676521782
18627,0.0062139965251
18628,0.0063259844193
18629,0.0049575579901
18630,0.0049067732196
18631,0.0049835727412
18632,0.004772083165
18633,0.0050964376645
18634,0.0051614246344
18635,0.0043365260374
18636,0.0040670972826
18637,0.0037791790442
18638,0.0034157445497
18639,0.0030201705677
18640,0.0026380852915
18641,0.0022976035702
18642,0.0020001328066
18643,0.0018246248063
18644,0.0017436398442
18645,0.0015812182111
18646,0.0014161927979
18647,0.0015502207097
18648,0.001642152137
18649,0.0017662739274
18650,0.0017432239382
18651,0.0017379375631
18652,0.0017628779844
18653,0.0018735430339
18654,0.002266707897
18655,0.0021837119828
18656,0.0025575850651
18657,0.0026557463768
18658,0.0027969453702
18659,0.002850327916
18660,0.0031107727238
18661,0.0033262806196
18662,0.003781722082
18663,0.0039098912705
18664,0.0039209016412
18665,0.0039872966791
18666,0.0038626372148
18667,0.0038172593313
18668,0.0036703316045
18669,0.0037863939922
18670,0.0038778692461
18671,0.0039245736101
18672,0.0038031397827
18673,0.0036036401673
18674,0.003560317557
18675,0.0038627172911
18676,0.0038693331101
18677,0.052572242044
18678,0.050341982382
18679,0.042912963518
18680,0.040566652294
18681,0.036436988002
18682,0.02918181219
18683,0.026140315991
18684,0.024436469628
18685,0.005011307078
18686,0.025241464812
18687,0.0200563197
18688,0.0041287716637
18689,0.0048028035563
18690,0.0044907818031
18691,0.096599993878
18692,0.093350846529
18693,0.087480942654
18694,0.085339011633
18695,0.080411495274
18696,0.076265184766
18697,0.067507644395
18698,0.061822987516
18699,0.072682330392
18700,0.059873005331
18701,0.059282457563
18702,0.056132298623
18703,0.20921706833
18704,0.19298093065
18705,0.20197824001
18706,0.18827711855
18707,0.16556731115
18708,0.17846860486
18709,0.15613885177
18710,0.14648954379
18711,0.13925153881
18712,0.13499083418
18713,0.12780399374
18714,0.31004871705
18715,0.31677592934
18716,0.31808034838
18717,0.31648446961
18718,0.30614716992
18719,0.28789160839
18720,0.25718416384
18721,0.23377710392
18722,0.2284378547
18723,0.12862594469
18724,0.12359419858
18725,0.11817620839
18726,0.11257567128
18727,0.10725614677
18728,0.10226652762
18729,0.27633546032
18730,0.28070456926
18731,0.27913778005
18732,0.29112833086
18733,0.28532850031
18734,0.30767875168
18735,0.45748944827
18736,0.41290405092
18737,0.51535431743
18738,0.58120699317
18739,0.64275585058
18740,0.67582813014
18741,0.73419098773
18742,0.27661589026
18743,0.40037559405
18744,0.36526233013
18745,0.37367525927
18746,0.34724073689
18747,0.3294979904
18748,0.31028094737
18749,0.29387462369
18750,0.28511125337
18751,0.27722591837
18752,0.27502911435
18753,0.2707283614
18754,0.26069004788
18755,0.25095638939
18756,0.25724429633
18757,0.25219783437
18758,0.26548414862
18759,0.27582430995
18760,0.065843958859
18761,0.071111387413
18762,0.071088989376
18763,0.074029531237
18764,0.076760842862
18765,0.0794019564
18766,0.082522038929
18767,0.068600115235
18768,0.066445702944
18769,0.066692981692
18770,0.066825894592
18771,0.068889957592
18772,0.072811423151
18773,0.061355503566
18774,0.061644659831
18775,0.058557191793
18776,0.058785012805
18777,0.058189473078
18778,0.059698625178
18779,0.062877387439
18780,0.061705041153
18781,0.0581392244
18782,0.058037586188
18783,0.058735220844
18784,0.058932558075
18785,0.059659423044
18786,0.059656331782
18787,0.059209971694
18788,0.060307270025
18789,0.060494193605
18790,0.060034961416
18791,0.060196306849
18792,0.060098886948
18793,0.059987477926
18794,0.059905085953
18795,0.060005827198
18796,0.060903531818
18797,0.060318322393
18798,0.059974067216
18799,0.061142732947
18800,0.061560863993
18801,0.061639135344
18802,0.062010847918
18803,0.063434302296
18804,0.065392115754
18805,0.064795192539
18806,0.065275646229
18807,0.063492782395
18808,0.067429335539
18809,0.069333149053
18810,0.07042712311
18811,0.070656445108
18812,0.071362531569
18813,0.071507074066
18814,0.070687635514
18815,0.071859647645
18816,0.072155397285
18817,0.071360642353
18818,0.069197292509
18819,0.065905973332
18820,0.063974231042
18821,0.064369005279
18822,0.063447039842
18823,0.060400858129
18824,0.058509332113
18825,0.053638713998
18826,0.049736912327
18827,0.045192857891
18828,0.042971470087
18829,0.040692331299
18830,0.039464576361
18831,0.038343876986
18832,0.037509107605
18833,0.03557782679
18834,0.036151968323
18835,0.035244447633
18836,0.036003397524
18837,0.034750945652
18838,0.033976072893
18839,0.034170882329
18840,0.033306713931
18841,0.032974134956
18842,0.032724329265
18843,0.032210814381
18844,0.031904409826
18845,0.032871582362
18846,0.033166856983
18847,0.033362944675
18848,0.034140330167
18849,0.034666317042
18850,0.036482464674
18851,0.036337601898
18852,0.036156518644
18853,0.036202074655
18854,0.03690900071
18855,0.035738126967
18856,0.035198812746
18857,0.037586587697
18858,0.036271198237
18859,0.036681980014
18860,0.03569593143
18861,0.035244495585
18862,0.033629366081
18863,0.034060075286
18864,0.017925201533
18865,0.020058380711
18866,0.018038225838
18867,0.019460020149
18868,0.017926919264
18869,0.011728335573
18870,0.013104528566
18871,0.012525343708
18872,0.012860657272
18873,0.01284636609
18874,0.01294638152
18875,0.012784123834
18876,0.015032139234
18877,0.013551124415
18878,0.014062140683
18879,0.015203114851
18880,0.015306692073
18881,0.015936108898
18882,0.015511202608
18883,0.015595087601
18884,0.014862328354
18885,0.014874147644
18886,0.014191662773
18887,0.025723112654
18888,0.025811809815
18889,0.026286460757
18890,0.0293403372
18891,0.025862191757
18892,0.027289945784
18893,0.027037198382
18894,0.026324529656
18895,0.027321887023
18896,0.023474328159
18897,0.022456248221
18898,0.022285113202
18899,0.018304082696
18900,0.011597306085
18901,0.0074861347025
18902,0.013241158779
18903,0.016576110318
18904,0.01698849951
18905,0.012307995493
18906,0.0054235105609
18907,0.0054229488607
18908,0.0061559326363
18909,0.0062680132479
18910,0.010022232708
18911,0.015459906133
18912,0.01311130008
18913,0.012842887934
18914,0.011954465803
18915,0.010811598121
18916,0.010342123928
18917,0.0078890401742
18918,0.0065192738512
18919,0.0067899954574
18920,0.0051503768391
18921,0.0046621971784
18922,0.0043679314628
18923,0.0042143526925
18924,0.0039367824608
18925,0.003672372392
18926,0.0033935311713
18927,0.0031197804825
18928,0.0027437548274
18929,0.0022810501541
18930,0.0020294318525
18931,0.0018225309747
18932,0.0014654051936
18933,0.001425517745
18934,0.0013183748775
18935,0.0011323486686
18936,0.0011216848836
18937,0.0012113425316
18938,0.0012770317579
18939,0.001392464454
18940,0.0013638853023
18941,0.0012817564344
18942,0.001428151454
18943,0.0015829436825
18944,0.0020018217666
18945,0.0022927227264
18946,0.0023531801111
18947,0.0021999157023
18948,0.0025786558543
18949,0.0028025459679
18950,0.0029514594085
18951,0.0031935511065
18952,0.0030405035246
18953,0.003376497312
18954,0.0036755837226
18955,0.0037911806166
18956,0.0038631533554
18957,0.0038816248722
18958,0.0039051882725
18959,0.0039162434333
18960,0.0038238143891
18961,0.0036696625891
18962,0.0036736292551
18963,0.0034406825202
18964,0.0036923741813
18965,0.0037317072446
18966,0.003847380857
18967,0.003549836654
18968,0.0033878422161
18969,0.0033032313023
18970,0.0034682509129
18971,0.0035715462572
18972,0.0039166876724
18973,0.0038041826303
18974,0.05473388493
18975,0.053916766298
18976,0.050096130223
18977,0.040807579231
18978,0.036257081606
18979,0.030311796414
18980,0.027566517421
18981,0.021938134637
18982,0.028483881908
18983,0.02614174393
18984,0.025534581263
18985,0.0041094809901
18986,0.0039992740881
18987,0.022622268079
18988,0.0046145612502
18989,0.0043225621362
18990,0.098761611288
18991,0.096190402605
18992,0.090731702527
18993,0.088487608061
18994,0.083361084686
18995,0.079609269
18996,0.077164451344
18997,0.06938319247
18998,0.064857464685
18999,0.074411561692
19000,0.063566499747
19001,0.063004125071
19002,0.059621724335
19003,0.057952237878
19004,0.23114396333
19005,0.21701193433
19006,0.23084965091
19007,0.21293913951
19008,0.1968550156
19009,0.18184280662
19010,0.16916815409
19011,0.15909447307
19012,0.14852599292
19013,0.14287578033
19014,0.13447485125
19015,0.32476916729
19016,0.33033629298
19017,0.33076164927
19018,0.32393332237
19019,0.34039735544
19020,0.31540517971
19021,0.31422670584
19022,0.28311537198
19023,0.25168922134
19024,0.25006683378
19025,0.1342606552
19026,0.13149301848
19027,0.1278518327
19028,0.12069054869
19029,0.11441194243
19030,0.10694424356
19031,0.10283004399
19032,0.27828555159
19033,0.27289949587
19034,0.29324643774
19035,0.29331885095
19036,0.29730958405
19037,0.31816009756
19038,0.44286227197
19039,0.48598077862
19040,0.53294075861
19041,0.62045324921
19042,0.5647591031
19043,0.70865390232
19044,0.6613965412
19045,0.76118889386
19046,0.4086085431
19047,0.44754177214
19048,0.41664202868
19049,0.3825222251
19050,0.35744894512
19051,0.35197697437
19052,0.326316433
19053,0.30525081988
19054,0.29017852434
19055,0.2723923148
19056,0.26266340014
19057,0.25523202317
19058,0.24679828111
19059,0.24497726807
19060,0.24828291226
19061,0.26439855248
19062,0.27632027049
19063,0.27421482117
19064,0.070336086921
19065,0.073152049584
19066,0.075948355507
19067,0.078654022637
19068,0.081202641609
19069,0.082102528303
19070,0.068046483487
19071,0.066936357495
19072,0.071777100822
19073,0.071504967065
19074,0.076764146132
19075,0.06459757276
19076,0.05863725689
19077,0.058927385939
19078,0.05861873289
19079,0.05846819227
19080,0.066266747335
19081,0.090017799817
19082,0.073941221949
19083,0.05874821221
19084,0.059415711463
19085,0.059825662242
19086,0.058964700885
19087,0.059349460317
19088,0.059030203827
19089,0.060127080684
19090,0.060478360315
19091,0.059888989216
19092,0.060411500267
19093,0.060210502518
19094,0.060055316286
19095,0.05979501417
19096,0.060839352459
19097,0.060587262537
19098,0.060297276893
19099,0.059966177184
19100,0.060692092082
19101,0.060670997677
19102,0.060923954226
19103,0.060348287276
19104,0.060948528967
19105,0.061139227866
19106,0.061999904899
19107,0.062010015092
19108,0.063040763026
19109,0.06373585704
19110,0.065677158922
19111,0.062162144325
19112,0.067210108895
19113,0.069037191224
19114,0.068465926888
19115,0.069263862828
19116,0.069805719691
19117,0.06966330723
19118,0.069096295867
19119,0.070231381612
19120,0.070798662307
19121,0.069912373151
19122,0.068693359182
19123,0.067153748876
19124,0.066580569651
19125,0.06691457769
19126,0.065748381864
19127,0.066553741433
19128,0.065798465203
19129,0.063755901105
19130,0.058431570898
19131,0.058727677811
19132,0.052030024345
19133,0.048366203929
19134,0.04627746864
19135,0.043875931217
19136,0.040648472094
19137,0.037931177963
19138,0.037412927603
19139,0.036519439891
19140,0.035386348845
19141,0.033987229163
19142,0.033342469587
19143,0.034368651501
19144,0.033518822097
19145,0.034396609709
19146,0.03332655915
19147,0.032423029832
19148,0.03300757405
19149,0.032406858085
19150,0.032129839869
19151,0.031835653334
19152,0.031798470866
19153,0.03143276196
19154,0.031161984071
19155,0.031586012513
19156,0.031950360046
19157,0.032580524939
19158,0.032987964128
19159,0.033671401957
19160,0.034590176847
19161,0.034706239541
19162,0.033984592831
19163,0.033481570401
19164,0.034373668007
19165,0.034507051214
19166,0.034878920788
19167,0.033496098903
19168,0.036722656624
19169,0.035749238263
19170,0.033869966621
19171,0.036793371921
19172,0.03589378776
19173,0.033799330245
19174,0.020128469308
19175,0.018177895912
19176,0.017455909493
19177,0.018573262813
19178,0.017401962246
19179,0.01959628048
19180,0.016861565898
19181,0.017459426074
19182,0.013203587649
19183,0.013475129805
19184,0.012846279036
19185,0.01351920077
19186,0.012643841071
19187,0.012785402926
19188,0.01341343665
19189,0.012803343608
19190,0.014944202089
19191,0.014684086816
19192,0.013962982003
19193,0.015144458567
19194,0.0155680535
19195,0.015304541895
19196,0.015266867958
19197,0.014220611007
19198,0.014725531376
19199,0.014925910486
19200,0.013625087981
19201,0.028554479869
19202,0.031030217611
19203,0.030407172735
19204,0.030514390422
19205,0.02276547708
19206,0.027845350164
19207,0.021163698668
19208,0.020223868378
19209,0.018698828833
19210,0.017566057315
19211,0.017884658058
19212,0.016375862468
19213,0.015999857721
19214,0.015513323418
19215,0.01547873556
19216,0.012451884025
19217,0.0091415972115
19218,0.01280017136
19219,0.012876665169
19220,0.014440298458
19221,0.013974466846
19222,0.013656860208
19223,0.012871621466
19224,0.012670637578
19225,0.011873396213
19226,0.011417965162
19227,0.011044780541
19228,0.010778165975
19229,0.0094028860129
19230,0.0079681994583
19231,0.0072582241193
19232,0.01414679177
19233,0.013108446769
19234,0.0095140551735
19235,0.0086150388377
19236,0.010193542344
19237,0.01002802576
19238,0.0045957037069
19239,0.0044220006255
19240,0.0042705732726
19241,0.0038432541072
19242,0.0036362963417
19243,0.0033681196221
19244,0.0029911904963
19245,0.0025618494977
19246,0.002131517276
19247,0.0019166851492
19248,0.0015718524119
19249,0.00083646545812
19250,0.000840716269
19251,0.00081328850691
19252,0.00071604596442
19253,0.00063356600792
19254,0.00068179608275
19255,0.00070700202684
19256,0.00076446266944
19257,0.00081950011401
19258,0.00077174308051
19259,0.00080836874467
19260,0.00089288110994
19261,0.0010125760459
19262,0.0017677046308
19263,0.0021774049876
19264,0.0023376554924
19265,0.0023364028613
19266,0.0026548142102
19267,0.0029731501022
19268,0.0028857725192
19269,0.0030144469451
19270,0.0033827545886
19271,0.0031278829842
19272,0.0032554744387
19273,0.0030826934214
19274,0.0034692893434
19275,0.0036196987672
19276,0.0037000976219
19277,0.00378134104
19278,0.0038671668785
19279,0.003757643692
19280,0.0036583610596
19281,0.0034662697187
19282,0.0033718131568
19283,0.0034260283398
19284,0.0033493858383
19285,0.0033388447965
19286,0.003156028237
19287,0.0036134880565
19288,0.0032579787024
19289,0.0031435780856
19290,0.003177773703
19291,0.0033723733831
19292,0.0035943975096
19293,0.0037027451444
19294,0.0040707039582
19295,0.0040257270449
19296,0.003916189059
19297,0.056376352652
19298,0.054035184647
19299,0.052702031145
19300,0.050745261141
19301,0.045772479644
19302,0.033778835157
19303,0.03126048786
19304,0.027256320173
19305,0.026185942197
19306,0.030777546471
19307,0.029382643961
19308,0.0040473428253
19309,0.0040491671108
19310,0.0041302955051
19311,0.02833760851
19312,0.028527394043
19313,0.023461359667
19314,0.0043908064345
19315,0.0041243008989
19316,0.10093640953
19317,0.098892407701
19318,0.094220534376
19319,0.09218982104
19320,0.084648540145
19321,0.087902286528
19322,0.080922818548
19323,0.078910514268
19324,0.070952481094
19325,0.067480796099
19326,0.077508678648
19327,0.074118554691
19328,0.06661208767
19329,0.065664509684
19330,0.062463703866
19331,0.060851535669
19332,0.060138088552
19333,0.058412383332
19334,0.26056443817
19335,0.25350326289
19336,0.2711276206
19337,0.24347405401
19338,0.224953316
19339,0.20277369917
19340,0.18704501022
19341,0.171536346
19342,0.16333737523
19343,0.15220114099
19344,0.14684792824
19345,0.140445495
19346,0.3388855945
19347,0.37278953648
19348,0.34956673247
19349,0.36250887402
19350,0.33671740034
19351,0.32956140464
19352,0.32504044478
19353,0.30754298816
19354,0.27658456443
19355,0.29629266653
19356,0.13805129421
19357,0.13671420828
19358,0.13710100836
19359,0.1304243775
19360,0.1242699683
19361,0.11950456431
19362,0.11103290245
19363,0.10563310478
19364,0.27047771698
19365,0.28637204792
19366,0.29108356146
19367,0.29727526527
19368,0.29615803868
19369,0.33149839797
19370,0.34021103994
19371,0.50269092741
19372,0.60225616901
19373,0.54458382642
19374,0.71288472524
19375,0.679970434
19376,0.63512222758
19377,0.7546014063
19378,0.81731632793
19379,0.45379854295
19380,0.42494094907
19381,0.46282131329
19382,0.38902938695
19383,0.40206350245
19384,0.37352217994
19385,0.37338789598
19386,0.32884840918
19387,0.32930284328
19388,0.27681634957
19389,0.26715812293
19390,0.25283751101
19391,0.24482128826
19392,0.25944339355
19393,0.27465349483
19394,0.2949489781
19395,0.27876317289
19396,0.06967987974
19397,0.072456224417
19398,0.075251474035
19399,0.077971604428
19400,0.079893257437
19401,0.081834840072
19402,0.084183393845
19403,0.084710780634
19404,0.067765013446
19405,0.070637426872
19406,0.071873779335
19407,0.075647234423
19408,0.081014097691
19409,0.085153417739
19410,0.060731189354
19411,0.060039409988
19412,0.060090062101
19413,0.058925985346
19414,0.059742318684
19415,0.061973451273
19416,0.059855413632
19417,0.060504406744
19418,0.060874311755
19419,0.060833175584
19420,0.06053618447
19421,0.060633110095
19422,0.062528166836
19423,0.060407457111
19424,0.060272539183
19425,0.061096586147
19426,0.060186040328
19427,0.059556183688
19428,0.059337748267
19429,0.059806187255
19430,0.05997858276
19431,0.060266221848
19432,0.060454276201
19433,0.060504065683
19434,0.061486594032
19435,0.061372289994
19436,0.062780589478
19437,0.06268232184
19438,0.062259837419
19439,0.062118867968
19440,0.064131455306
19441,0.06549345907
19442,0.06635253777
19443,0.0670244322
19444,0.067622661283
19445,0.068029077547
19446,0.068955426429
19447,0.068805523397
19448,0.069389759823
19449,0.069346904571
19450,0.067977752378
19451,0.067548077608
19452,0.067636993848
19453,0.066795660498
19454,0.067749441162
19455,0.067635263342
19456,0.067372134824
19457,0.070674626634
19458,0.071143375626
19459,0.069029438635
19460,0.068108506212
19461,0.06406399716
19462,0.059153720147
19463,0.05442549429
19464,0.050090554692
19465,0.046200279612
19466,0.045509272908
19467,0.042301323253
19468,0.03972127222
19469,0.03601453564
19470,0.03632763753
19471,0.035799236483
19472,0.034848311301
19473,0.033526049177
19474,0.032584025131
19475,0.032060690096
19476,0.032370570165
19477,0.031720566119
19478,0.032729669353
19479,0.031822886212
19480,0.031595879631
19481,0.031672062981
19482,0.031187681409
19483,0.031388265189
19484,0.031155560493
19485,0.031193415869
19486,0.031420408931
19487,0.030940484443
19488,0.030962013326
19489,0.030955160803
19490,0.031209395131
19491,0.031807200517
19492,0.033008664965
19493,0.033436132608
19494,0.033498419582
19495,0.033794776031
19496,0.033881825882
19497,0.0333147619
19498,0.032100030821
19499,0.032556884964
19500,0.034172586407
19501,0.03326929486
19502,0.033046844675
19503,0.032435896912
19504,0.031771906917
19505,0.035234340081
19506,0.03581139431
19507,0.032011905126
19508,0.030435862038
19509,0.034748737865
19510,0.033192358203
19511,0.016939540026
19512,0.016812886391
19513,0.018696355196
19514,0.017275224563
19515,0.016073350712
19516,0.015498875404
19517,0.014723397174
19518,0.0075763468123
19519,0.0074021315455
19520,0.012038588939
19521,0.012896061214
19522,0.013074445521
19523,0.012423130092
19524,0.012523192149
19525,0.012835376436
19526,0.014003147638
19527,0.013526876548
19528,0.01332390682
19529,0.015053078819
19530,0.014476647426
19531,0.015317388048
19532,0.015113740441
19533,0.015058008845
19534,0.014030445854
19535,0.014553287736
19536,0.014814511557
19537,0.01390003443
19538,0.029283755944
19539,0.03045951276
19540,0.03226472244
19541,0.027015638114
19542,0.026355692869
19543,0.019838269861
19544,0.019357975084
19545,0.018201498808
19546,0.017317663989
19547,0.020892153745
19548,0.016131901564
19549,0.015504260358
19550,0.014786980161
19551,0.014466815909
19552,0.014298012736
19553,0.012844429273
19554,0.013037959809
19555,0.012824806826
19556,0.012897062289
19557,0.013544126817
19558,0.013629792248
19559,0.0131724825
19560,0.01333859208
19561,0.012800158941
19562,0.012391907208
19563,0.012281728819
19564,0.011750960666
19565,0.011097929343
19566,0.010951224012
19567,0.010606328871
19568,0.0093309064181
19569,0.010004344956
19570,0.013833122483
19571,0.013512497334
19572,0.014226903989
19573,0.013045710629
19574,0.012041024374
19575,0.014330647669
19576,0.01100343092
19577,0.010413795515
19578,0.0096133406156
19579,0.0088134981376
19580,0.0077533083915
19581,0.0070927301591
19582,0.006058475777
19583,0.0040148538253
19584,0.0037968508675
19585,0.0036838890989
19586,0.0035411264208
19587,0.0032760228839
19588,0.002882676777
19589,0.0024497341028
19590,0.0021176897963
19591,0.0019307007467
19592,0.0016803442273
19593,0.00096306479425
19594,0
19595,0
19596,0
19597,0
19598,0
19599,0
19600,0
19601,0
19602,0
19603,0
19604,0
19605,0
19606,0
19607,0.0012939111944
19608,0
19609,0.001982859014
19610,0.0023093987387
19611,0.0025094155089
19612,0.0024750972156
19613,0.0027857445335
19614,0.0030872725808
19615,0.0030866553509
19616,0.0030353369501
19617,0.0031584189756
19618,0.0031467858486
19619,0.0031760659209
19620,0.0035172970083
19621,0.0032272436934
19622,0.0033364707675
19623,0.0037051893434
19624,0.003593732933
19625,0.0035990814536
19626,0.0037429209936
19627,0.0035860621503
19628,0.0033819784866
19629,0.0033693992507
19630,0.0034048525311
19631,0.003307372491
19632,0.0032766384828
19633,0.0031367484363
19634,0.0029853828965
19635,0.0030950888438
19636,0.002831490455
19637,0.0028591793977
19638,0.0030199357897
19639,0.0033124097565
19640,0.0035405250469
19641,0.0037611068237
19642,0.0036885549057
19643,0.0038416536509
19644,0.0041756460818
19645,0.0041798212653
19646,0.0040724229321
19647,0.0041901817054
19648,0.0040283613924
19649,0.056842080094
19650,0.054781615185
19651,0.053734203984
19652,0.0533290117
19653,0.048545133122
19654,0.033367470773
19655,0.032499737677
19656,0.030209293584
19657,0.031332769173
19658,0.032034435335
19659,0.030833899279
19660,0.031001983147
19661,0.004113287721
19662,0.0042247325225
19663,0.0042107494098
19664,0.032616636571
19665,0.033675054004
19666,0.029307410086
19667,0.02732546375
19668,0.0041922746495
19669,0.0041984889848
19670,0.0042132843432
19671,0.0042354619484
19672,0.10343931367
19673,0.1011490488
19674,0.097090104953
19675,0.095292534999
19676,0.090634420632
19677,0.082178884942
19678,0.08486282395
19679,0.087493296905
19680,0.081561691816
19681,0.072309112275
19682,0.06966562114
19683,0.079748390237
19684,0.076489841498
19685,0.074172758857
19686,0.068784748466
19687,0.06794127149
19688,0.064581629372
19689,0.062593025398
19690,0.062006240256
19691,0.061489436563
19692,0.060064907995
19693,0.058649944389
19694,0.29027400387
19695,0.30310042953
19696,0.32829079708
19697,0.29203893521
19698,0.2700004256
19699,0.23181380792
19700,0.26189074754
19701,0.20998443085
19702,0.19143494561
19703,0.17941732693
19704,0.16644199294
19705,0.15239544885
19706,0.14615842286
19707,0.38056787205
19708,0.40225714843
19709,0.38897819872
19710,0.42231285259
19711,0.42495724234
19712,0.39606854088
19713,0.35649058003
19714,0.39915935128
19715,0.37404448057
19716,0.3570579235
19717,0.33736566205
19718,0.37325381835
19719,0.14899996041
19720,0.1496176536
19721,0.15475785715
19722,0.14169561376
19723,0.13162822486
19724,0.13024907728
19725,0.13179155617
19726,0.11644368835
19727,0.10955893001
19728,0.29348588876
19729,0.32097364131
19730,0.33668209715
19731,0.3205601426
19732,0.33009386627
19733,0.3515893804
19734,0.36454793052
19735,0.3859287646
19736,0.49647651907
19737,0.58115463974
19738,0.51908564918
19739,0.71833205214
19740,0.67363912238
19741,0.62098374497
19742,0.77669173101
19743,0.85565399585
19744,0.4321562048
19745,0.47057661101
19746,0.45786057216
19747,0.4201383043
19748,0.44051596355
19749,0.37606169229
19750,0.36770848285
19751,0.34005636094
19752,0.31124217528
19753,0.28104839607
19754,0.26876536933
19755,0.33278158391
19756,0.30811738266
19757,0.33172057687
19758,0.34266309833
19759,0.31307778859
19760,0.068678390414
19761,0.071452379062
19762,0.074342881473
19763,0.077026617211
19764,0.079239101008
19765,0.080860077708
19766,0.082912312778
19767,0.087275319751
19768,0.087260118115
19769,0.093417679163
19770,0.06973512964
19771,0.074287101949
19772,0.07333623038
19773,0.076697047336
19774,0.081431960886
19775,0.087579038445
19776,0.09264899796
19777,0.063781399604
19778,0.061097107419
19779,0.060976638598
19780,0.062011206238
19781,0.062109750968
19782,0.064006495425
19783,0.060401463007
19784,0.060029323445
19785,0.059278382402
19786,0.059715762015
19787,0.060802404702
19788,0.063142588042
19789,0.062031279594
19790,0.05782011266
19791,0.058643946553
19792,0.058333317415
19793,0.05918892337
19794,0.059424388123
19795,0.059608231138
19796,0.05975214003
19797,0.059821789823
19798,0.059647325802
19799,0.060409267773
19800,0.06004708126
19801,0.060133770817
19802,0.061525670362
19803,0.061423713995
19804,0.061114288568
19805,0.060796761408
19806,0.062570734074
19807,0.063759229006
19808,0.064356450127
19809,0.066106465332
19810,0.066265992935
19811,0.067750115741
19812,0.071120115006
19813,0.069876803802
19814,0.070737372579
19815,0.070661867311
19816,0.068850191031
19817,0.071210222861
19818,0.070848590632
19819,0.06914794282
19820,0.068233736251
19821,0.068298468495
19822,0.069181181278
19823,0.069281851618
19824,0.068332867066
19825,0.069268671974
19826,0.069157624822
19827,0.071116094661
19828,0.081999667224
19829,0.076783957015
19830,0.073674217572
19831,0.071689672467
19832,0.071718286967
19833,0.068539721217
19834,0.066354772293
19835,0.062610562081
19836,0.053336996718
19837,0.049474358917
19838,0.045545299064
19839,0.041670141139
19840,0.039439888981
19841,0.038006750919
19842,0.035124441752
19843,0.035538392436
19844,0.035099499409
19845,0.034836266831
19846,0.033562957749
19847,0.032216127659
19848,0.031671611802
19849,0.031395773749
19850,0.030310598048
19851,0.030940770469
19852,0.031395792334
19853,0.030832126902
19854,0.031289393275
19855,0.03117755562
19856,0.031109898846
19857,0.03061517392
19858,0.030109139793
19859,0.030475603266
19860,0.030588987562
19861,0.031112676529
19862,0.030735300676
19863,0.030851124409
19864,0.030989341512
19865,0.030673168617
19866,0.030551538475
19867,0.030967967717
19868,0.030971243136
19869,0.030520286789
19870,0.030682348995
19871,0.03074446764
19872,0.032815864634
19873,0.032788310068
19874,0.031946585266
19875,0.031491749399
19876,0.031494367549
19877,0.030373381493
19878,0.028457188106
19879,0.029601323901
19880,0.028913777426
19881,0.029241131063
19882,0.032186115948
19883,0.02017906221
19884,0.01587864838
19885,0.019897728029
19886,0.016105998305
19887,0.016614881649
19888,0.014832451034
19889,0.015988613065
19890,0.014468613032
19891,0.015091197447
19892,0.0082808140402
19893,0.0097197283479
19894,0.0073987939074
19895,0.0071114841552
19896,0.007718221108
19897,0.0076573066605
19898,0.011948927358
19899,0.011468428547
19900,0.012181261283
19901,0.012080483255
19902,0.012223507361
19903,0.012697034508
19904,0.014287211855
19905,0.014056005061
19906,0.014548843567
19907,0.014796762002
19908,0.014591379282
19909,0.013793245833
19910,0.014205433468
19911,0.014616728686
19912,0.014401381853
19913,0.013781460223
19914,0.021379362539
19915,0.020225721889
19916,0.018984358861
19917,0.013989723192
19918,0.013153135713
19919,0.012939844785
19920,0.013095636897
19921,0.012936112126
19922,0.012844008971
19923,0.012553341792
19924,0.013175765064
19925,0.013020775605
19926,0.012644009964
19927,0.012923328871
19928,0.012693169898
19929,0.012354377216
19930,0.012167260152
19931,0.012135119255
19932,0.011849118408
19933,0.01156744517
19934,0.011329737604
19935,0.01103766941
19936,0.011047151202
19937,0.010760404107
19938,0.010633905486
19939,0.014383764769
19940,0.014338110068
19941,0.01177611527
19942,0.014246038161
19943,0.011460647338
19944,0.011289113798
19945,0.011152998292
19946,0.010234287604
19947,0.0096300508168
19948,0.0090780598565
19949,0.0082725620398
19950,0.0076100632511
19951,0.0068107696201
19952,0.0059910734324
19953,0.0048487769592
19954,0.0038727571568
19955,0.0038639400481
19956,0.0039428068286
19957,0.0037651170639
19958,0.0035721122682
19959,0.0032536035576
19960,0.0029271083862
19961,0.0027027570242
19962,0.0023731180238
19963,0.0018771961881
19964,0.0012053655742
19965,0
19966,0.0013836179844
19967,0
19968,0.0021231142986
19969,0.0023471804803
19970,0.0026573795098
19971,0.0026929471317
19972,0.002460222133
19973,0.0029346965597
19974,0.0032334508039
19975,0.0031502960999
19976,0.0031971959033
19977,0.0031697276842
19978,0.0031928715062
19979,0.0033543191488
19980,0.0033107910237
19981,0.0033370919171
19982,0.0034031840923
19983,0.00374338463
19984,0.0036960440999
19985,0.0036523567357
19986,0.0034248123686
19987,0.0033303975244
19988,0.0033158188558
19989,0.0032420080113
19990,0.0031589238211
19991,0.0029544058648
19992,0.0031433310273
19993,0.002774399775
19994,0.0027902728319
19995,0.0027735336611
19996,0.0023539543678
19997,0.002565706625
19998,0.0028760254648
19999,0.0031375723542
20000,0.0035088492332
20001,0.0033591466761
20002,0.0037044828233
20003,0.0038198019963
20004,0.0038987128649
20005,0.0040020669133
20006,0.0042459298258
20007,0.0042452684704
20008,0.0041638974082
20009,0.0042801992452
20010,0.0042513246806
20011,0.0041422936223
20012,0.0041130851225
20013,0.057022538286
20014,0.055433144422
20015,0.054787074822
20016,0.053185100405
20017,0.05191423896
20018,0.050722204566
20019,0.04617436365
20020,0.035776428701
20021,0.032817244948
20022,0.032017018297
20023,0.032932976808
20024,0.035868131841
20025,0.0318725197
20026,0.03254364016
20027,0.0043362760603
20028,0.0043057995739
20029,0.0042956093816
20030,0.034060930092
20031,0.034452993751
20032,0.034795674985
20033,0.030098294658
20034,0.029508597959
20035,0.025515317817
20036,0.027057729057
20037,0.022085540216
20038,0.0042892969088
20039,0.004316466107
20040,0.1055514147
20041,0.10275526577
20042,0.099799778297
20043,0.10070804144
20044,0.092973343366
20045,0.098279089065
20046,0.088834349101
20047,0.085123379982
20048,0.082431225053
20049,0.07361688567
20050,0.071429000648
20051,0.081809788783
20052,0.078704888363
20053,0.07544986671
20054,0.070683211357
20055,0.070534456979
20056,0.068928273888
20057,0.066038096636
20058,0.063672572907
20059,0.063272217402
20060,0.061997718011
20061,0.060586810155
20062,0.059122261661
20063,0.35383140409
20064,0.38484238527
20065,0.41201726285
20066,0.36769443632
20067,0.33405087661
20068,0.31033024898
20069,0.27543560194
20070,0.25330777309
20071,0.30354676097
20072,0.2292142265
20073,0.21308202211
20074,0.19750512537
20075,0.17507599534
20076,0.1616854193
20077,0.40498748603
20078,0.41094331021
20079,0.42626086962
20080,0.45024668286
20081,0.44959611311
20082,0.46091078633
20083,0.43911949562
20084,0.43419515663
20085,0.40688100432
20086,0.44189307988
20087,0.45251852432
20088,0.41973291528
20089,0.38865595109
20090,0.41778196473
20091,0.46293965098
20092,0.47491378945
20093,0.17716022588
20094,0.18081502673
20095,0.18847040935
20096,0.16418137987
20097,0.14487048348
20098,0.14875196736
20099,0.15384854606
20100,0.1265170606
20101,0.11101810189
20102,0.34698634332
20103,0.36952200892
20104,0.36800379798
20105,0.36929487138
20106,0.37213676098
20107,0.38051502018
20108,0.38245812098
20109,0.39881042647
20110,0.41243349685
20111,0.57016142984
20112,0.51737881922
20113,0.72614812302
20114,0.67269607391
20115,0.62122898254
20116,0.78439746503
20117,0.82083845112
20118,0.86585232225
20119,0.47341714636
20120,0.51636897786
20121,0.50421806358
20122,0.47068076864
20123,0.51845349517
20124,0.49632074585
20125,0.43205796589
20126,0.42457537673
20127,0.42731744102
20128,0.37624343829
20129,0.3451692456
20130,0.32936802421
20131,0.36400389814
20132,0.34973982934
20133,0.35644370207
20134,0.37163078328
20135,0.38663574263
20136,0.35653458807
20137,0.068742789285
20138,0.070627749519
20139,0.073609256571
20140,0.076384598705
20141,0.078929132508
20142,0.080524653426
20143,0.081693743114
20144,0.084296658098
20145,0.09362238177
20146,0.099132902063
20147,0.095691134481
20148,0.10485599889
20149,0.075924298029
20150,0.079172730484
20151,0.074109389287
20152,0.075215519301
20153,0.093961601037
20154,0.095948183301
20155,0.098922190674
20156,0.061820791018
20157,0.062758022871
20158,0.064655014489
20159,0.058867316507
20160,0.056266970671
20161,0.059362485471
20162,0.063328124744
20163,0.073795691248
20164,0.064591996943
20165,0.054378495296
20166,0.054759415441
20167,0.054795721214
20168,0.058836243734
20169,0.059175819766
20170,0.059304413179
20171,0.059558976807
20172,0.059512771351
20173,0.059128985447
20174,0.059360546443
20175,0.058867687499
20176,0.05892752229
20177,0.058962267947
20178,0.060012426602
20179,0.059575335008
20180,0.060170744234
20181,0.059931731092
20182,0.061319543875
20183,0.062526594099
20184,0.063411516337
20185,0.065932198369
20186,0.067545793566
20187,0.067522628949
20188,0.068587198059
20189,0.07228936051
20190,0.071010734971
20191,0.0722358743
20192,0.069437059138
20193,0.073366426186
20194,0.071901643113
20195,0.073922882022
20196,0.074002032001
20197,0.074778461612
20198,0.070599962874
20199,0.070759445753
20200,0.070937223666
20201,0.072779786449
20202,0.071702425098
20203,0.070033493745
20204,0.085972051103
20205,0.093289172244
20206,0.081057416847
20207,0.085917894114
20208,0.090761473587
20209,0.10032749398
20210,0.088053193105
20211,0.08679480708
20212,0.077638348629
20213,0.074427827833
20214,0.073094117595
20215,0.074346016378
20216,0.07150349372
20217,0.06947535357
20218,0.066460657838
20219,0.064878090229
20220,0.054946511939
20221,0.049212939584
20222,0.054962910078
20223,0.040944475122
20224,0.047515292294
20225,0.041884582783
20226,0.037345984632
20227,0.035600174289
20228,0.034420834067
20229,0.035237231792
20230,0.034486636938
20231,0.034698189293
20232,0.034624323944
20233,0.033941583376
20234,0.032676545046
20235,0.030881173726
20236,0.030298053607
20237,0.030310761098
20238,0.028796495536
20239,0.029779291453
20240,0.030463085985
20241,0.03006422677
20242,0.030222946911
20243,0.030080593453
20244,0.030376497052
20245,0.030603461348
20246,0.030754532101
20247,0.031299860462
20248,0.030605098779
20249,0.029909837279
20250,0.02934340865
20251,0.028948377921
20252,0.030039921173
20253,0.030137592261
20254,0.030435068669
20255,0.03075268429
20256,0.030634287022
20257,0.030435678879
20258,0.030314438896
20259,0.030312970093
20260,0.029850526474
20261,0.030691465532
20262,0.030499439794
20263,0.029784026893
20264,0.02991932364
20265,0.031198367747
20266,0.030536823549
20267,0.030307243794
20268,0.030914232682
20269,0.028871105848
20270,0.024861084492
20271,0.015506823777
20272,0.02465681599
20273,0.026577821995
20274,0.024864462687
20275,0.016112031818
20276,0.015746898649
20277,0.014332613549
20278,0.013386132948
20279,0.014730461121
20280,0.014034630578
20281,0.014133622663
20282,0.01452058003
20283,0.013611119703
20284,0.014882426411
20285,0.0067586477032
20286,0.0066009845912
20287,0.0080193431014
20288,0.0078923566317
20289,0.0073696114085
20290,0.0071499659302
20291,0.0076033819388
20292,0.0077868519269
20293,0.010496276616
20294,0.011153123985
20295,0.011727115236
20296,0.014378873072
20297,0.014240012762
20298,0.013921583936
20299,0.014023398396
20300,0.014291578856
20301,0.014361668687
20302,0.013840783134
20303,0.015579247629
20304,0.012903869886
20305,0.012421032108
20306,0.012718929892
20307,0.012884025363
20308,0.012875010057
20309,0.012844815012
20310,0.010898042657
20311,0.011816623066
20312,0.011977562752
20313,0.010931845294
20314,0.012135120711
20315,0.012784077177
20316,0.01258302305
20317,0.012197207644
20318,0.011885797889
20319,0.01189604108
20320,0.011484222308
20321,0.011329308458
20322,0.013641938658
20323,0.013471480879
20324,0.013902339655
20325,0.01317702737
20326,0.013981706047
20327,0.011228328846
20328,0.011182730156
20329,0.010666315147
20330,0.010414361209
20331,0.01067108343
20332,0.01025167919
20333,0.009407159171
20334,0.0087722070501
20335,0.0081199831733
20336,0.0073785445541
20337,0.0065224308483
20338,0.005314383043
20339,0.0039781025974
20340,0.0040418221532
20341,0.0040974302347
20342,0.0039920302751
20343,0.0037730515325
20344,0.0036115116859
20345,0.0033322463059
20346,0.0030080726635
20347,0.0027812643525
20348,0.0026255420792
20349,0.002102037797
20350,0.0015701544022
20351,0.00087246623044
20352,0
20353,0.0020566766818
20354,0.0012395235227
20355,0
20356,0.0023337200229
20357,0.0030749326374
20358,0.0025479731233
20359,0.0028951975497
20360,0.0032973322793
20361,0.003637004812
20362,0.003367602024
20363,0.0032823510381
20364,0.0039334085408
20365,0.0037363907583
20366,0.0037218549567
20367,0.0035683771119
20368,0.0027242450505
20369,0.00252465349
20370,0.0026412491836
20371,0.0022923904087
20372,0.0022963488591
20373,0.0023110609426
20374,0.0019521266973
20375,0.0022911814794
20376,0.0025840454179
20377,0.0030925791169
20378,0.0028340160559
20379,0.0035933837766
20380,0.0032607153963
20381,0.0034673688629
20382,0.0038984910973
20383,0.003798043732
20384,0.0039784779821
20385,0.0040696384651
20386,0.0041660193599
20387,0.004348937189
20388,0.0043056311158
20389,0.0042183611459
20390,0.0043382177858
20391,0.0043263367189
20392,0.0042900766852
20393,0.0042513620649
20394,0.0042038219567
20395,0.0042454676283
20396,0.057689630915
20397,0.056571964008
20398,0.056134877813
20399,0.054625347416
20400,0.053533390921
20401,0.051873687446
20402,0.052458870652
20403,0.051237770127
20404,0.04931436105
20405,0.033113078484
20406,0.033330604968
20407,0.034528011951
20408,0.048206819081
20409,0.045680497605
20410,0.037430883474
20411,0.043721369213
20412,0.0044263521282
20413,0.0044357913589
20414,0.0044161516811
20415,0.004407874783
20416,0.035122139826
20417,0.035918420407
20418,0.036348314428
20419,0.035276534708
20420,0.035151171112
20421,0.031496680165
20422,0.026445740703
20423,0.025807071547
20424,0.023862799447
20425,0.0044454866129
20426,0.10986716223
20427,0.10525228171
20428,0.11198346022
20429,0.10571378055
20430,0.09530746891
20431,0.090471038802
20432,0.10137868068
20433,0.086710120036
20434,0.084094098317
20435,0.074767115494
20436,0.072860644703
20437,0.084551819492
20438,0.081666560372
20439,0.079793547119
20440,0.076774922194
20441,0.072362127195
20442,0.07229119964
20443,0.070812735884
20444,0.069829326006
20445,0.068262711206
20446,0.064744529824
20447,0.066194306924
20448,0.064853587067
20449,0.063673491903
20450,0.062363713574
20451,0.061069454507
20452,0.059739922903
20453,0.4669495674
20454,0.48162019792
20455,0.52139287646
20456,0.47061253867
20457,0.42447032353
20458,0.3834728672
20459,0.35653123317
20460,0.33358503706
20461,0.31279366996
20462,0.27973083086
20463,0.31420798193
20464,0.26423464644
20465,0.25720713161
20466,0.25085645714
20467,0.25583521187
20468,0.20667014496
20469,0.4221286711
20470,0.43029716694
20471,0.45097020197
20472,0.46879976929
20473,0.4721932387
20474,0.48629509407
20475,0.47578102422
20476,0.48039460258
20477,0.48037023657
20478,0.51457917339
20479,0.50414155126
20480,0.48290678044
20481,0.44333993929
20482,0.48797022473
20483,0.54541381985
20484,0.61538234715
20485,0.57848803389
20486,0.22045682854
20487,0.23417568514
20488,0.22179138852
20489,0.23418831234
20490,0.20784707721
20491,0.1792361421
20492,0.18222034786
20493,0.1855091445
20494,0.15658796931
20495,0.11850984835
20496,0.14644238243
20497,0.41033556368
20498,0.40707681498
20499,0.40289773529
20500,0.4048607292
20501,0.40710348051
20502,0.40675481633
20503,0.40997700719
20504,0.41900586178
20505,0.43041867822
20506,0.57047784599
20507,0.74118076759
20508,0.65482277443
20509,0.70681297167
20510,0.6187076524
20511,0.78460139492
20512,0.81130282125
20513,0.83567594551
20514,0.86995183464
20515,0.59297038308
20516,0.55771333736
20517,0.57754647832
20518,0.56057907021
20519,0.54196299723
20520,0.48607358933
20521,0.47262763022
20522,0.49003238186
20523,0.4489188478
20524,0.41363637233
20525,0.39015026311
20526,0.43112153108
20527,0.40734807395
20528,0.39167772783
20529,0.39444211229
20530,0.40764559332
20531,0.42388697381
20532,0.072031493767
20533,0.077754655963
20534,0.072637555796
20535,0.07607876273
20536,0.078708864466
20537,0.08009595105
20538,0.08157254988
20539,0.08477155102
20540,0.092340432316
20541,0.10339488896
20542,0.10776000663
20543,0.10934325039
20544,0.1127316061
20545,0.083352851956
20546,0.07788583934
20547,0.087731627231
20548,0.096044449411
20549,0.095850413872
20550,0.098908963956
20551,0.076744753795
20552,0.06696065364
20553,0.056584002491
20554,0.054049074088
20555,0.052480031843
20556,0.063221198223
20557,0.059325647426
20558,0.061628904659
20559,0.068033689468
20560,0.071217219431
20561,0.082273472725
20562,0.072439571734
20563,0.050993775016
20564,0.049830590838
20565,0.049839819345
20566,0.054131324228
20567,0.058168840969
20568,0.059324264092
20569,0.059430287691
20570,0.057421940994
20571,0.057123100309
20572,0.05766279883
20573,0.057968272709
20574,0.059054916284
20575,0.058923498017
20576,0.060556374478
20577,0.061236919076
20578,0.059007633673
20579,0.062964645482
20580,0.063180757545
20581,0.065276082418
20582,0.066592159546
20583,0.067629977004
20584,0.067976722314
20585,0.068317464476
20586,0.072356268775
20587,0.073607330229
20588,0.073741009376
20589,0.071581092575
20590,0.070137979718
20591,0.068791931952
20592,0.074979350805
20593,0.076655609043
20594,0.07693682784
20595,0.077059318436
20596,0.075954644955
20597,0.073602412657
20598,0.073025632184
20599,0.074419871757
20600,0.080486104083
20601,0.074272897862
20602,0.076616524253
20603,0.091243420876
20604,0.085413926926
20605,0.099798622247
20606,0.097925332714
20607,0.083455732854
20608,0.10268901465
20609,0.10516562699
20610,0.10887546795
20611,0.097985156822
20612,0.091429810436
20613,0.082962436219
20614,0.076146581798
20615,0.074196633969
20616,0.076688923933
20617,0.06999162482
20618,0.071937948488
20619,0.067125447764
20620,0.066010229204
20621,0.0652067757
20622,0.060602330781
20623,0.0444494043
20624,0.033841660388
20625,0.03972099862
20626,0.031353536836
20627,0.038930948086
20628,0.037139795185
20629,0.031763471723
20630,0.03422794861
20631,0.035161010368
20632,0.033516999884
20633,0.033474849278
20634,0.034514735097
20635,0.03231510633
20636,0.033718574945
20637,0.031502884207
20638,0.034047737085
20639,0.034366061259
20640,0.033728411808
20641,0.031809490631
20642,0.029103134218
20643,0.028090246384
20644,0.029274115829
20645,0.028611617281
20646,0.029133015405
20647,0.029422141012
20648,0.030842873233
20649,0.029771532853
20650,0.028089452581
20651,0.029388908748
20652,0.02971184418
20653,0.028276905232
20654,0.029440416302
20655,0.029651168775
20656,0.030435649517
20657,0.030599795326
20658,0.031238285632
20659,0.030406166509
20660,0.029719409207
20661,0.029414567016
20662,0.029165697689
20663,0.028252741567
20664,0.02901627793
20665,0.029342916122
20666,0.029642661282
20667,0.0299835267
20668,0.029901646692
20669,0.02930674289
20670,0.030476579812
20671,0.030979235518
20672,0.030138057375
20673,0.030096979928
20674,0.029589689167
20675,0.029238038053
20676,0.030555761074
20677,0.02842657547
20678,0.0288705852
20679,0.028968741134
20680,0.029942701335
20681,0.030199854373
20682,0.029601266113
20683,0.029570434773
20684,0.028649235448
20685,0.027317431218
20686,0.016055965767
20687,0.013437300504
20688,0.010033450646
20689,0.017085182593
20690,0.016026848858
20691,0.014307465612
20692,0.014027277676
20693,0.010971875686
20694,0.012231221129
20695,0.012525227352
20696,0.011040653052
20697,0.0099711288695
20698,0.013564030328
20699,0.014700359902
20700,0.014052159288
20701,0.0089277403875
20702,0.014324712612
20703,0.010939126082
20704,0.0069066304291
20705,0.0063919691512
20706,0.0080220641488
20707,0.008136714381
20708,0.0075018083552
20709,0.0067074872349
20710,0.0070978287598
20711,0.010095982063
20712,0.010884570956
20713,0.014041329859
20714,0.013947317931
20715,0.014314690569
20716,0.014579046352
20717,0.014009614236
20718,0.013607612327
20719,0.012583706315
20720,0.012238479713
20721,0.012617510721
20722,0.012680779692
20723,0.012741685342
20724,0.012886186022
20725,0.012382606468
20726,0.011899803446
20727,0.01192163796
20728,0.011361972312
20729,0.011850965876
20730,0.011642205936
20731,0.011654189416
20732,0.013000479435
20733,0.013614151089
20734,0.010860417249
20735,0.01032332316
20736,0.010101023144
20737,0.0099117559476
20738,0.0101117048
20739,0.0099822724419
20740,0.0095382099807
20741,0.0090501827861
20742,0.0084793942922
20743,0.006104159041
20744,0.0053789375414
20745,0.004484170456
20746,0.0041479567972
20747,0.0042161377785
20748,0.0041248094552
20749,0.0042241240793
20750,0.0042990686441
20751,0.0040288948036
20752,0.0037417937711
20753,0.003493388456
20754,0.0032780440082
20755,0.0030648221194
20756,0.0028652229575
20757,0.0028430149059
20758,0.0028772349166
20759,0.002492702729
20760,0.0018106240655
20761,0.00091788764404
20762,0
20763,0.0019641267238
20764,0.0011009556287
20765,0
20766,0.002404351999
20767,0.0021539123108
20768,0.0022344157293
20769,0.0022201249468
20770,0.001955372105
20771,0.0018395428319
20772,0.0017074179082
20773,0.0016048046529
20774,0.0017238693396
20775,0.0020198316683
20776,0.0023296913246
20777,0.0026141416744
20778,0.0030359889276
20779,0.0027932310804
20780,0.0036832395433
20781,0.0031823391745
20782,0.0033757323397
20783,0.0035380104159
20784,0.0040710835951
20785,0.0040124226392
20786,0.0038736397537
20787,0.004147196693
20788,0.0042577586781
20789,0.0042840503308
20790,0.0043874688531
20791,0.0044435701483
20792,0.0044039764768
20793,0.0043700034912
20794,0.0043368094148
20795,0.0044122472696
20796,0.0043532244616
20797,0.0043731372747
20798,0.058405214113
20799,0.057489951398
20800,0.057831492634
20801,0.056351552274
20802,0.055066531701
20803,0.05432002069
20804,0.053301412009
20805,0.052450072456
20806,0.050266546132
20807,0.041733948889
20808,0.034145961689
20809,0.035154815913
20810,0.048596741982
20811,0.047370184696
20812,0.048044239104
20813,0.046894476197
20814,0.022099403551
20815,0.020799973594
20816,0.0045376074971
20817,0.0045048944634
20818,0.0045379681129
20819,0.0044913146595
20820,0.0045054701979
20821,0.03594975704
20822,0.037241115259
20823,0.036963818288
20824,0.036967615525
20825,0.036228883816
20826,0.036086990406
20827,0.035435452049
20828,0.03244314857
20829,0.033410275468
20830,0.025750331202
20831,0.14241516278
20832,0.12432563489
20833,0.13749894111
20834,0.13410429518
20835,0.11651615341
20836,0.10838040406
20837,0.097233804233
20838,0.093768660987
20839,0.088105431292
20840,0.091595710575
20841,0.10234206299
20842,0.075569369644
20843,0.074038536451
20844,0.086965684184
20845,0.084315282548
20846,0.08273103648
20847,0.080704527645
20848,0.078531197117
20849,0.076963095167
20850,0.073777856267
20851,0.073672539138
20852,0.072326363597
20853,0.071350020555
20854,0.070733880499
20855,0.069775192584
20856,0.069012033848
20857,0.067284743044
20858,0.066495687923
20859,0.065144527476
20860,0.06413897651
20861,0.06272224159
20862,0.061455048639
20863,0.060257957167
20864,0.56730145817
20865,0.58443143282
20866,0.64275269699
20867,0.57700482052
20868,0.52380706392
20869,0.47583539826
20870,0.43093721011
20871,0.39166459945
20872,0.36072363296
20873,0.35999064312
20874,0.33497036458
20875,0.30890741949
20876,0.3611561672
20877,0.31685651899
20878,0.32370341544
20879,0.32654921645
20880,0.27302188328
20881,0.32996495187
20882,0.43619944665
20883,0.44230129826
20884,0.46132624271
20885,0.47727296275
20886,0.49444802511
20887,0.5091432586
20888,0.51575926147
20889,0.51965748564
20890,0.52674520895
20891,0.55899547834
20892,0.53670364608
20893,0.56279009872
20894,0.53992422067
20895,0.5069078453
20896,0.56721245013
20897,0.57608210937
20898,0.6139981649
20899,0.67400875656
20900,0.71234428776
20901,0.68212595714
20902,0.66173638768
20903,0.28241766697
20904,0.26351719977
20905,0.25602702112
20906,0.27331057598
20907,0.25275844513
20908,0.23260567741
20909,0.22008839614
20910,0.21584136059
20911,0.22020793595
20912,0.19906492862
20913,0.18521782667
20914,0.17366423743
20915,0.44882120001
20916,0.44679666625
20917,0.44102712949
20918,0.43597115046
20919,0.45094357135
20920,0.44120923023
20921,0.42939660454
20922,0.43038554394
20923,0.43507966934
20924,0.44106153017
20925,0.45034619675
20926,0.4464142903
20927,0.76423953724
20928,0.66240242773
20929,0.72476971551
20930,0.80070410384
20931,0.83407889448
20932,0.88493757361
20933,0.6505251716
20934,0.61631968098
20935,0.6165092154
20936,0.598114056
20937,0.58072163965
20938,0.53291283937
20939,0.55600087075
20940,0.51532812487
20941,0.48048293032
20942,0.45443188576
20943,0.49463006574
20944,0.46797703108
20945,0.44769806442
20946,0.43685507355
20947,0.42870014289
20948,0.44581674614
20949,0.46667271034
20950,0.077143257056
20951,0.083073048578
20952,0.086333728737
20953,0.078935849356
20954,0.076061919864
20955,0.078546235713
20956,0.080217816966
20957,0.081600458542
20958,0.083712331401
20959,0.092326898903
20960,0.10219828179
20961,0.10948254466
20962,0.11112975793
20963,0.11196844568
20964,0.11353197322
20965,0.098811560758
20966,0.06912545932
20967,0.076360445952
20968,0.051785253865
20969,0.05646955712
20970,0.056411451716
20971,0.05368890491
20972,0.05331489062
20973,0.055528103758
20974,0.057024978296
20975,0.057791555308
20976,0.058699852346
20977,0.061398583644
20978,0.063672516783
20979,0.064004418267
20980,0.065501776082
20981,0.06721876605
20982,0.068342164856
20983,0.068379672398
20984,0.072953429068
20985,0.073595096394
20986,0.07479889358
20987,0.074863074641
20988,0.072313504856
20989,0.071032167263
20990,0.069781493089
20991,0.076242953926
20992,0.07755503313
20993,0.077817734158
20994,0.077672244806
20995,0.077190449815
20996,0.076545888392
20997,0.075199405954
20998,0.076130391482
20999,0.077393826839
21000,0.081791371359
21001,0.090836275724
21002,0.082854675578
21003,0.11293704761
21004,0.11018551643
21005,0.11310047305
21006,0.1155558216
21007,0.1115577729
21008,0.10358624005
21009,0.095394540644
21010,0.08837114679
21011,0.088629244852
21012,0.076913573989
21013,0.085179831747
21014,0.082718487344
21015,0.070469812888
21016,0.068648558908
21017,0.066275782708
21018,0.064864017479
21019,0.064676953653
21020,0.062404344624
21021,0.057397754142
21022,0.052858235966
21023,0.041075807812
21024,0.02602257236
21025,0.024149454848
21026,0.02268343766
21027,0.01700747274
21028,0.017098760065
21029,0.026834876773
21030,0.028961385546
21031,0.034377248829
21032,0.029995828056
21033,0.03410842731
21034,0.032876168585
21035,0.033247323603
21036,0.032369044887
21037,0.030077597781
21038,0.031820894456
21039,0.030537275793
21040,0.032515058587
21041,0.031787198862
21042,0.034824451448
21043,0.034383601587
21044,0.033303377403
21045,0.030960374107
21046,0.029525812685
21047,0.026048894177
21048,0.02547808669
21049,0.02706070299
21050,0.029212766327
21051,0.027337054895
21052,0.02629533273
21053,0.028377646153
21054,0.028318658604
21055,0.027126807123
21056,0.028480646489
21057,0.029311105228
21058,0.029846898383
21059,0.029999146313
21060,0.031531924525
21061,0.031066963427
21062,0.030287364246
21063,0.02897389321
21064,0.028241949433
21065,0.027882812825
21066,0.029146685673
21067,0.028135576681
21068,0.02886882012
21069,0.029352610137
21070,0.029079565536
21071,0.029488597174
21072,0.029660869416
21073,0.029227958897
21074,0.029580339387
21075,0.029442779339
21076,0.029008434432
21077,0.028811950091
21078,0.028262773559
21079,0.028447112955
21080,0.027949840643
21081,0.027954834693
21082,0.029056329835
21083,0.029374007852
21084,0.027842598428
21085,0.028355315227
21086,0.023977542469
21087,0.0092769376612
21088,0.0091627115936
21089,0.0091183365552
21090,0.0095316398998
21091,0.0155353009
21092,0.014845513737
21093,0.0088078427307
21094,0.0081200448231
21095,0.0084597233306
21096,0.0081679344699
21097,0.012493813574
21098,0.012019867621
21099,0.012788215495
21100,0.011118924557
21101,0.0099154834891
21102,0.0095477177198
21103,0.013870016631
21104,0.013964963543
21105,0.012680732331
21106,0.007352692961
21107,0.009950124252
21108,0.0064385717336
21109,0.0058342268137
21110,0.0082046229359
21111,0.007601918393
21112,0.0096019639013
21113,0.01424128822
21114,0.013799226868
21115,0.01419532113
21116,0.013398418517
21117,0.012363626448
21118,0.011881697123
21119,0.012571774281
21120,0.01252316702
21121,0.012645470255
21122,0.012344140475
21123,0.011999324691
21124,0.011752106153
21125,0.011416869642
21126,0.01275416042
21127,0.011713986666
21128,0.01218069246
21129,0.012336933412
21130,0.009328752273
21131,0.008988329733
21132,0.0095748583302
21133,0.0091492331374
21134,0.0088494474295
21135,0.0085957447866
21136,0.0060841003064
21137,0.0051183870167
21138,0.0043909936439
21139,0.0041877540122
21140,0.0043901768123
21141,0.0042281012014
21142,0.0048580171115
21143,0.0047555893656
21144,0.0044719360226
21145,0.0041132994046
21146,0.0038389105899
21147,0.0035493288881
21148,0.0033228117742
21149,0.0032380582956
21150,0.0031222414562
21151,0.0030566919157
21152,0.002882599363
21153,0.0031249340696
21154,0.0027061976806
21155,0.002308981099
21156,0.0019014823639
21157,0.0010440978425
21158,0
21159,0.001776246896
21160,0.0010987917785
21161,0
21162,0.0018967835485
21163,0.0020015053886
21164,0.0016051035385
21165,0.0015383152061
21166,0.0014658103673
21167,0.0012947578611
21168,0.0013170523906
21169,0.0014838667745
21170,0.0017876740341
21171,0.0019966581225
21172,0.0022270995055
21173,0.0025151381279
21174,0.0030029560444
21175,0.0026712534382
21176,0.0029008004891
21177,0.003794278518
21178,0.0036720462181
21179,0.0031029323925
21180,0.0032740941818
21181,0.0035161283809
21182,0.0034062679696
21183,0.0042356091794
21184,0.0042020480747
21185,0.0042176358623
21186,0.0040874981997
21187,0.004025898688
21188,0.0042880774772
21189,0.0043901702921
21190,0.0044178578306
21191,0.0044619010712
21192,0.0045427714937
21193,0.0045089158521
21194,0.0044906209966
21195,0.0044395609801
21196,0.0044526036207
21197,0.004469349132
21198,0.0045052159117
21199,0.0045579015313
21200,0.0044639609987
21201,0.004507053276
21202,0.059337308347
21203,0.059547652646
21204,0.057861614031
21205,0.057288969184
21206,0.055865984481
21207,0.056610423262
21208,0.055173626106
21209,0.05463345354
21210,0.051506280571
21211,0.044749833387
21212,0.042140825687
21213,0.036015429332
21214,0.049398736572
21215,0.050956480302
21216,0.05019271486
21217,0.048020689616
21218,0.023791425797
21219,0.023038142898
21220,0.016821650635
21221,0.0046098766955
21222,0.0045593089499
21223,0.0047854328313
21224,0.0046302463139
21225,0.038905999327
21226,0.038278359928
21227,0.03807915296
21228,0.037808160014
21229,0.037306234437
21230,0.037226067664
21231,0.036539686726
21232,0.035676030053
21233,0.035349861375
21234,0.034655972758
21235,0.032019279777
21236,0.15169343755
21237,0.17145487737
21238,0.1602056466
21239,0.15529319494
21240,0.13247042964
21241,0.11709439184
21242,0.11075923087
21243,0.10126182015
21244,0.098379299847
21245,0.095148238525
21246,0.090461816254
21247,0.094428178834
21248,0.10663460174
21249,0.07631684955
21250,0.074946139858
21251,0.090189040943
21252,0.087334560815
21253,0.085498252771
21254,0.083111610788
21255,0.079419488858
21256,0.080556749668
21257,0.0782904156
21258,0.077348365287
21259,0.074627630836
21260,0.074781746415
21261,0.073458083042
21262,0.072311989221
21263,0.071998575161
21264,0.072567214672
21265,0.071226129618
21266,0.071190009679
21267,0.070635379592
21268,0.068342852423
21269,0.067590754043
21270,0.065996428495
21271,0.065626731312
21272,0.064614888415
21273,0.062992324707
21274,0.062727150911
21275,0.061405075956
21276,0.67284399882
21277,0.7202558359
21278,0.76661194305
21279,0.69307735229
21280,0.63346718575
21281,0.59045838963
21282,0.52326250948
21283,0.46797863344
21284,0.41254461951
21285,0.4106482915
21286,0.38987730022
21287,0.35809257688
21288,0.37821244924
21289,0.39625982219
21290,0.39508586312
21291,0.33670037198
21292,0.39504999902
21293,0.44860485153
21294,0.44578076157
21295,0.46307567923
21296,0.47364249298
21297,0.48877671364
21298,0.50615988892
21299,0.51773996904
21300,0.54707169404
21301,0.55295808667
21302,0.55721114203
21303,0.5884798895
21304,0.59472089979
21305,0.56398366088
21306,0.60515982388
21307,0.58730740675
21308,0.64260819034
21309,0.64905832595
21310,0.65871936407
21311,0.71016022681
21312,0.74067686299
21313,0.80812466555
21314,0.77535257745
21315,0.74230109913
21316,0.76273125053
21317,0.3358167576
21318,0.29955116763
21319,0.28947527539
21320,0.31663945451
21321,0.2962959339
21322,0.27433726176
21323,0.2576436879
21324,0.24779177228
21325,0.24579248196
21326,0.25039867668
21327,0.22972766045
21328,0.21452347145
21329,0.20445474595
21330,0.20321845591
21331,0.1869976964
21332,0.49062661029
21333,0.48505592877
21334,0.4713643762
21335,0.46094960505
21336,0.46257344512
21337,0.49266029136
21338,0.46966437084
21339,0.45407274934
21340,0.44411985955
21341,0.44906846234
21342,0.45602317341
21343,0.46308678377
21344,0.46788150028
21345,0.4644303311
21346,0.45683511374
21347,0.76548566552
21348,0.69469030185
21349,0.74861276384
21350,0.79545545666
21351,0.83074798245
21352,0.85080825043
21353,0.89171283466
21354,0.67350112473
21355,0.65822374478
21356,0.63904605269
21357,0.59589866316
21358,0.62575571548
21359,0.58029105596
21360,0.54678700451
21361,0.52020050494
21362,0.56246319878
21363,0.5301481102
21364,0.50513135267
21365,0.48749132004
21366,0.48062403677
21367,0.5042299106
21368,0.52874622611
21369,0.085489273457
21370,0.080033783919
21371,0.083894078993
21372,0.081544496594
21373,0.084080985275
21374,0.098922834175
21375,0.10084399897
21376,0.1150418991
21377,0.053543409149
21378,0.066713452738
21379,0.082591936608
21380,0.068422019869
21381,0.065087187837
21382,0.065489585962
21383,0.067849037716
21384,0.06918687367
21385,0.069425957574
21386,0.073634777351
21387,0.074350536597
21388,0.07580138656
21389,0.076276532608
21390,0.072843308971
21391,0.071769530372
21392,0.070746876486
21393,0.077294753179
21394,0.077946923925
21395,0.077943401082
21396,0.077558063243
21397,0.077506265649
21398,0.077399908557
21399,0.077317473801
21400,0.078380528401
21401,0.080568110483
21402,0.085680423044
21403,0.10881857776
21404,0.083964369567
21405,0.081614750302
21406,0.12644147131
21407,0.12074408461
21408,0.12187277985
21409,0.12056795832
21410,0.11277831983
21411,0.10179773744
21412,0.10045722413
21413,0.094650939172
21414,0.092965270524
21415,0.088510679474
21416,0.085977520572
21417,0.084437782327
21418,0.076880989101
21419,0.067711026968
21420,0.068354473422
21421,0.068693611228
21422,0.067718405418
21423,0.068334257117
21424,0.070128113063
21425,0.069506254854
21426,0.0640815765
21427,0.06606799887
21428,0.055041466581
21429,0.053618744795
21430,0.027331041758
21431,0.024743498871
21432,0.01342051593
21433,0.010076894262
21434,0.010016709951
21435,0.0092269411096
21436,0.013118378939
21437,0.021008110182
21438,0.0170345951
21439,0.019928814546
21440,0.027580891931
21441,0.025787070948
21442,0.02472144735
21443,0.031275876427
21444,0.031079009134
21445,0.026508647489
21446,0.023283843713
21447,0.026950241131
21448,0.023443605962
21449,0.0244554313
21450,0.032138422522
21451,0.025615235877
21452,0.032117752881
21453,0.034255129704
21454,0.032960505354
21455,0.031940674862
21456,0.026530207738
21457,0.025887607509
21458,0.024176244924
21459,0.023341934515
21460,0.025345483849
21461,0.026759140113
21462,0.026935150513
21463,0.024643612098
21464,0.02460302716
21465,0.026943051141
21466,0.026091212192
21467,0.027116127977
21468,0.02901485019
21469,0.030921844571
21470,0.03109375238
21471,0.029432379274
21472,0.029623875497
21473,0.028494651662
21474,0.027197502971
21475,0.02817002392
21476,0.026718890003
21477,0.027525432974
21478,0.027982219241
21479,0.028869988346
21480,0.028250212521
21481,0.028615585416
21482,0.029103566042
21483,0.029265563231
21484,0.029291732702
21485,0.029553843804
21486,0.029225628156
21487,0.029387610053
21488,0.028212296681
21489,0.028127957688
21490,0.028110369575
21491,0.028094985274
21492,0.028227637571
21493,0.027801905585
21494,0.027621443164
21495,0.028501214702
21496,0.027176676832
21497,0.025337741694
21498,0.015196127701
21499,0.007857065853
21500,0.0087537975982
21501,0.009275170903
21502,0.01502756435
21503,0.009338660177
21504,0.0084585157618
21505,0.0076970287578
21506,0.0070945044634
21507,0.0073660919529
21508,0.012294074432
21509,0.012463072478
21510,0.011530507813
21511,0.011370502826
21512,0.0097746481812
21513,0.0090380487434
21514,0.012912478081
21515,0.014692880792
21516,0.0091596844832
21517,0.0083125549748
21518,0.0077443180767
21519,0.013860588738
21520,0.013115389894
21521,0.013552585733
21522,0.012258285219
21523,0.011469669316
21524,0.012220671734
21525,0.012141950313
21526,0.012385866796
21527,0.011873031847
21528,0.011632201082
21529,0.014102849374
21530,0.013635462607
21531,0.014075428905
21532,0.01224366297
21533,0.0085756736612
21534,0.0080275055761
21535,0.0085910562881
21536,0.0074989063469
21537,0.0058369883143
21538,0.0063372632167
21539,0.0053292408431
21540,0.0048252453315
21541,0.0042466383313
21542,0.0059752420727
21543,0.0048133642435
21544,0.0059299276082
21545,0.0051803320185
21546,0.0044291401002
21547,0.0044162795338
21548,0.0040039421309
21549,0.0035079011133
21550,0.0032701425345
21551,0.0035785277751
21552,0.0031709555805
21553,0.0034179740282
21554,0.0027880496616
21555,0.0030962385357
21556,0.0024845717188
21557,0.0022983872073
21558,0.0018743923341
21559,0.0012931408381
21560,0
21561,0.0010533828551
21562,0
21563,0.00085934685934
21564,0.0011986212667
21565,0.0012465382102
21566,0.001216867884
21567,0.0011927968967
21568,0.0012772383614
21569,0.0013068539604
21570,0.001652941057
21571,0.0019429413094
21572,0.0024149469653
21573,0.0021570221552
21574,0.0025693884876
21575,0.0027974678813
21576,0.0030036854345
21577,0.0039329222745
21578,0.0037065302541
21579,0.0031924419097
21580,0.0033268851864
21581,0.0035224923861
21582,0.0034456341184
21583,0.0043852441519
21584,0.004348748599
21585,0.0043890368705
21586,0.0046968990394
21587,0.0044970661695
21588,0.0044146844403
21589,0.00494496645
21590,0.0045018042819
21591,0.0044953022308
21592,0.0045635680784
21593,0.0045221833052
21594,0.00453896438
21595,0.0046330488789
21596,0.0045801340517
21597,0.0046480915999
21598,0.0045325219073
21599,0.0045995974828
21600,0.0046552305536
21601,0.0046369250025
21602,0.0045829249625
21603,0.0047108893604
21604,0.0046527347045
21605,0.0046005992718
21606,0.062683083933
21607,0.059863600911
21608,0.059622998186
21609,0.057759169262
21610,0.058959060714
21611,0.058342524905
21612,0.056956560283
21613,0.05773134518
21614,0.056616925632
21615,0.05431469115
21616,0.04585580084
21617,0.042573313925
21618,0.05362508707
21619,0.053246549952
21620,0.051333154652
21621,0.048799574937
21622,0.03275565892
21623,0.029094781932
21624,0.022136178118
21625,0.016911057967
21626,0.004963380113
21627,0.0046784254654
21628,0.0051716075064
21629,0.0049671159706
21630,0.0049547091644
21631,0.041977763062
21632,0.042009727604
21633,0.040442446253
21634,0.038472234729
21635,0.038066318409
21636,0.038065357208
21637,0.038302718748
21638,0.037362614306
21639,0.036508722987
21640,0.036572614725
21641,0.035559877905
21642,0.035559192088
21643,0.19663184716
21644,0.18424242743
21645,0.17817648523
21646,0.14909756776
21647,0.17427099208
21648,0.16217023282
21649,0.1244584462
21650,0.14224102765
21651,0.12181652916
21652,0.11527852581
21653,0.10500692367
21654,0.098257252147
21655,0.10216603282
21656,0.093907219447
21657,0.09810904695
21658,0.11104942356
21659,0.07709897723
21660,0.075616409434
21661,0.094260723143
21662,0.090855214213
21663,0.088116170958
21664,0.085605640031
21665,0.082444675548
21666,0.079686875519
21667,0.081134687223
21668,0.078362515354
21669,0.075953497346
21670,0.077063102085
21671,0.07503500336
21672,0.073167778466
21673,0.073878651854
21674,0.077398526336
21675,0.074515631374
21676,0.073385891045
21677,0.072535857694
21678,0.071860846306
21679,0.070180936318
21680,0.069247359732
21681,0.0669162534
21682,0.068674941682
21683,0.067173529767
21684,0.067062195296
21685,0.064805755073
21686,0.064724498316
21687,0.06588112727
21688,0.83591505182
21689,0.86753302761
21690,0.89443141083
21691,0.80663370661
21692,0.74401359077
21693,0.69767779112
21694,0.61977207562
21695,0.67236465503
21696,0.56917883618
21697,0.4900074795
21698,0.45861168576
21699,0.42419658573
21700,0.45411023117
21701,0.46894126966
21702,0.45419019264
21703,0.38975018196
21704,0.46083965326
21705,0.4541794849
21706,0.46154616423
21707,0.46334679524
21708,0.46594580797
21709,0.47180299141
21710,0.49643238371
21711,0.53535319338
21712,0.56878116874
21713,0.58367774755
21714,0.58384224894
21715,0.60981068166
21716,0.62178240206
21717,0.63705624449
21718,0.66258055494
21719,0.64335427357
21720,0.69976094025
21721,0.72311803105
21722,0.714092073
21723,0.76227390357
21724,0.80958143614
21725,0.88116113234
21726,0.93111900641
21727,0.881568654
21728,0.83382582297
21729,0.90356933578
21730,0.33152595346
21731,0.38035563845
21732,0.36566468416
21733,0.34363843778
21734,0.31720715982
21735,0.29311807765
21736,0.27915498176
21737,0.27270985018
21738,0.27341148368
21739,0.27703128828
21740,0.2574528692
21741,0.24178218254
21742,0.23065882932
21743,0.22541457165
21744,0.22692727273
21745,0.21001209168
21746,0.53289194507
21747,0.5272415363
21748,0.51222560878
21749,0.51467604769
21750,0.49868579654
21751,0.48288156856
21752,0.4878360174
21753,0.56188096354
21754,0.49743176834
21755,0.47843303492
21756,0.46305203635
21757,0.46996810668
21758,0.47923231327
21759,0.48469909064
21760,0.48615722483
21761,0.48842987533
21762,0.47475261626
21763,0.72341369789
21764,0.77926550251
21765,0.76916047028
21766,0.81092994774
21767,0.84475339459
21768,0.86361805195
21769,0.88765112886
21770,0.72277823379
21771,0.69989212589
21772,0.6995960287
21773,0.65223670309
21774,0.69903711705
21775,0.69345163568
21776,0.6398650804
21777,0.60836786016
21778,0.58715273484
21779,0.6351373691
21780,0.5936343321
21781,0.56283048592
21782,0.54042967032
21783,0.52190757045
21784,0.53942060104
21785,0.56422795238
21786,0.59393756257
21787,0.095133614311
21788,0.090889507053
21789,0.088788706282
21790,0.10760841716
21791,0.10937323864
21792,0.12124865792
21793,0.066123631316
21794,0.06628413261
21795,0.068794391505
21796,0.069620730524
21797,0.070574402904
21798,0.073766547303
21799,0.075140580999
21800,0.076521383012
21801,0.077014470908
21802,0.077361165379
21803,0.072481552195
21804,0.071494419095
21805,0.07129299588
21806,0.077955495756
21807,0.078241322896
21808,0.077761085284
21809,0.077340321731
21810,0.077431609334
21811,0.078078154018
21812,0.078522242041
21813,0.10467885784
21814,0.11981926098
21815,0.085442358071
21816,0.082154141953
21817,0.079942603763
21818,0.1423824023
21819,0.12991401512
21820,0.12554167388
21821,0.121091977
21822,0.11166530074
21823,0.10423842749
21824,0.10076752523
21825,0.097806288539
21826,0.095975052401
21827,0.09271219512
21828,0.090888102697
21829,0.090303958257
21830,0.084910601047
21831,0.07890669869
21832,0.076660277866
21833,0.071623225627
21834,0.069220853827
21835,0.071385425143
21836,0.071166585348
21837,0.069869657926
21838,0.071094591117
21839,0.068431832638
21840,0.070305282808
21841,0.07262976569
21842,0.070599156482
21843,0.071227231775
21844,0.069301887653
21845,0.066057520188
21846,0.064919211995
21847,0.063461390307
21848,0.04403106416
21849,0.019317891426
21850,0
21851,0
21852,0
21853,0
21854,0
21855,0
21856,0
21857,0.007404734929
21858,0.011846127626
21859,0.016906933494
21860,0.019687250519
21861,0.021387139851
21862,0.022378854703
21863,0.026531224208
21864,0.023709051681
21865,0.022139477438
21866,0.021790792592
21867,0.021307613176
21868,0.021365385816
21869,0.032987769227
21870,0.024473754744
21871,0.020306797068
21872,0.023600537112
21873,0.02408031532
21874,0.020903882713
21875,0.023032107183
21876,0.022883901624
21877,0.022247917434
21878,0.024421635887
21879,0.025208931145
21880,0.025366454796
21881,0.021828094569
21882,0.026112797447
21883,0.023434173882
21884,0.022444023412
21885,0.024051185781
21886,0.030912095101
21887,0.032693335464
21888,0.031453278538
21889,0.028748652066
21890,0.027920837896
21891,0.027424501324
21892,0.026287625656
21893,0.026462264445
21894,0.025684331928
21895,0.026146298082
21896,0.027029283568
21897,0.027596864403
21898,0.028219486162
21899,0.027961682109
21900,0.028101512388
21901,0.028296897407
21902,0.028597446551
21903,0.028251359885
21904,0.028520506977
21905,0.02784647316
21906,0.027561521202
21907,0.026860922399
21908,0.027593427964
21909,0.027953269229
21910,0.02757643477
21911,0.027144937845
21912,0.024732005678
21913,0.026235208373
21914,0.023592742217
21915,0.015027830753
21916,0.015091358118
21917,0.0069852042539
21918,0.0088519631842
21919,0.0073404898402
21920,0.0099685469272
21921,0.0086327599736
21922,0.0082736269864
21923,0.0073944245682
21924,0.0063673035156
21925,0.0063635091471
21926,0.0057497487408
21927,0.012501545915
21928,0.01144270792
21929,0.010031227638
21930,0.009454884585
21931,0.0081629748288
21932,0.0069363902575
21933,0.0076698524136
21934,0.011746659885
21935,0.012420876506
21936,0.014062331998
21937,0.01353965801
21938,0.012347192544
21939,0.011664612607
21940,0.012071443763
21941,0.012036602789
21942,0.011768284662
21943,0.011861100149
21944,0.014287635351
21945,0.015263887664
21946,0.013172529927
21947,0.009053323567
21948,0.0070465321785
21949,0.0064165543419
21950,0.0060415822439
21951,0.0063837185065
21952,0.0064364351367
21953,0.0056386274994
21954,0.0050329600959
21955,0.0048110915533
21956,0.0045373978117
21957,0.0041344989956
21958,0.0037210678034
21959,0.0037941224572
21960,0.0035403295062
21961,0.0039444777623
21962,0.0041141584204
21963,0.0030030815901
21964,0.0027457158038
21965,0.0032696965652
21966,0.0034128747874
21967,0.002609716187
21968,0.0021443168415
21969,0.0016950838096
21970,0
21971,0.0020432198818
21972,0
21973,0.00077244805625
21974,0.0007703664482
21975,0.00077691635235
21976,0.00082333158684
21977,0.0011542740469
21978,0.0014370317617
21979,0.0012298611306
21980,0.0016709839896
21981,0.0018987352936
21982,0.0023387232363
21983,0.002099823185
21984,0.0024789906329
21985,0.0027015335605
21986,0.0029083415517
21987,0.0030661820925
21988,0.0040995014671
21989,0.0048774455433
21990,0.0035745834465
21991,0.0041263616488
21992,0.0033356275257
21993,0.0032099462425
21994,0.0033946528702
21995,0.0045032929134
21996,0.0045371055221
21997,0.0049745259948
21998,0.0056324491635
21999,0.0059510104715
22000,0.0057698641799
22001,0.0059766153231
22002,0.0072425010163
22003,0.0065568447766
22004,0.004694468091
22005,0.0046994920813
22006,0.0047276486866
22007,0.004662413485
22008,0.0048959571466
22009,0.0048305656155
22010,0.0049399320765
22011,0.0047215940405
22012,0.0047320219564
22013,0.0047818930946
22014,0.0048102584584
22015,0.0047659027993
22016,0.0047145159117
22017,0.0048450342116
22018,0.0047983872233
22019,0.0047279639026
22020,0.068358942915
22021,0.063752420291
22022,0.063174549987
22023,0.060263180321
22024,0.061352937731
22025,0.060929652569
22026,0.060849957983
22027,0.058217625181
22028,0.059214465267
22029,0.056452378476
22030,0.047355044456
22031,0.044906610493
22032,0.056351531657
22033,0.05514631373
22034,0.053777719033
22035,0.050648416161
22036,0.037077386214
22037,0.03542978939
22038,0.036578328635
22039,0.02917015471
22040,0.019995023549
22041,0.022340609005
22042,0.0051110133388
22043,0.022449525465
22044,0.019213988918
22045,0.0053300800418
22046,0.0052173676135
22047,0.0052541942025
22048,0.044038974769
22049,0.043285962546
22050,0.042534206038
22051,0.041988814819
22052,0.040485387867
22053,0.038576920523
22054,0.039012167336
22055,0.039539433314
22056,0.038706261812
22057,0.038069345564
22058,0.036736285687
22059,0.036821102397
22060,0.21386879221
22061,0.20463960718
22062,0.19838151039
22063,0.1908394868
22064,0.1553994609
22065,0.18610982299
22066,0.17527470961
22067,0.16491085929
22068,0.13523366056
22069,0.15830871663
22070,0.15043350973
22071,0.12635283794
22072,0.11996023305
22073,0.10843641337
22074,0.10182428435
22075,0.10742132755
22076,0.09828444325
22077,0.10216460363
22078,0.11510648747
22079,0.078716209714
22080,0.077242279494
22081,0.099912459582
22082,0.095356977751
22083,0.091789023267
22084,0.089447464453
22085,0.086470433544
22086,0.084386269647
22087,0.080290817546
22088,0.083917101955
22089,0.078920963069
22090,0.081538290816
22091,0.077988504337
22092,0.075647166598
22093,0.079823430318
22094,0.085684934915
22095,0.082555122542
22096,0.077817827051
22097,0.076969317419
22098,0.074574488497
22099,0.079222120977
22100,0.074431460726
22101,0.071649394936
22102,0.070542856138
22103,0.06964875091
22104,0.069583276577
22105,0.071577445214
22106,0.069094101792
22107,0.070855672795
22108,0.077052718667
22109,1.0026407359
22110,0.99806208118
22111,1.0150449263
22112,0.92605192132
22113,1.0263548393
22114,0.85233270554
22115,0.79853410629
22116,0.76521608329
22117,0.70531910408
22118,0.66407972039
22119,0.64510757638
22120,0.59808855885
22121,0.54253861826
22122,0.49915302274
22123,0.53131406729
22124,0.52533915903
22125,0.5156773376
22126,0.43911454808
22127,0.53322563399
22128,0.50219306236
22129,0.48607421775
22130,0.48035114062
22131,0.47822803755
22132,0.4880815861
22133,0.48042758639
22134,0.5071363358
22135,0.54250883502
22136,0.59218994242
22137,0.62127518852
22138,0.61565044173
22139,0.64158390322
22140,0.66012939363
22141,0.68473260231
22142,0.69124734087
22143,0.71205600044
22144,0.74247919437
22145,0.76862665382
22146,0.79915661095
22147,0.77562569976
22148,0.82140046324
22149,0.87283042004
22150,0.93102293778
22151,0.98242559324
22152,1.0553082916
22153,1.0094854206
22154,0.95819926306
22155,1.0324726781
22156,0.42112547565
22157,0.39783594511
22158,0.36953252444
22159,0.32954577075
22160,0.30577736158
22161,0.30000759339
22162,0.29403616416
22163,0.30553541364
22164,0.27884353077
22165,0.2996124225
22166,0.2677021484
22167,0.25518365517
22168,0.24556212015
22169,0.24850878644
22170,0.23053118296
22171,0.25166350211
22172,0.59527935655
22173,0.57648896147
22174,0.5654311343
22175,0.53654076865
22176,0.53488676063
22177,0.50964125666
22178,0.51728922256
22179,0.63592892557
22180,0.52595868568
22181,0.50617316523
22182,0.48576685557
22183,0.497623407
22184,0.5079647866
22185,0.50953384393
22186,0.50907673594
22187,0.50416248598
22188,0.49471761867
22189,0.80841375447
22190,0.77304444792
22191,0.83755397199
22192,0.85625134506
22193,0.88894855887
22194,0.74614199302
22195,0.74769868638
22196,0.76387503798
22197,0.76019134423
22198,0.76517642185
22199,0.69671840719
22200,0.65696310109
22201,0.65043053285
22202,0.70276468127
22203,0.70011607159
22204,0.65347487226
22205,0.62182643928
22206,0.59695961956
22207,0.57059576081
22208,0.59916150913
22209,0.62238600243
22210,0.65457462758
22211,0.098950467879
22212,0.095278900067
22213,0.11471506908
22214,0.10127098909
22215,0.13513123463
22216,0.06745022141
22217,0.065784010451
22218,0.068993346322
22219,0.069820041065
22220,0.070300040897
22221,0.073923908331
22222,0.075654129827
22223,0.077133280443
22224,0.07762393329
22225,0.077979209641
22226,0.073931647938
22227,0.072184224013
22228,0.070509418305
22229,0.078409058016
22230,0.078208355527
22231,0.077503782782
22232,0.07757100398
22233,0.077870516174
22234,0.078473069247
22235,0.12034885791
22236,0.14143354896
22237,0.084822470372
22238,0.088923269804
22239,0.079761741765
22240,0.15811209838
22241,0.14036699115
22242,0.13106956148
22243,0.12309862852
22244,0.11908943555
22245,0.10735584673
22246,0.10400741728
22247,0.10324903991
22248,0.10016513528
22249,0.099213129386
22250,0.097969664839
22251,0.09474562965
22252,0.092676211002
22253,0.091701460718
22254,0.085547992196
22255,0.081451849376
22256,0.076670614661
22257,0.073855204783
22258,0.074036365548
22259,0.072262530473
22260,0.073580744342
22261,0.071245238693
22262,0.071266405864
22263,0.072482343811
22264,0.073909193944
22265,0.074783183953
22266,0.073927937624
22267,0.073713445426
22268,0.071429519456
22269,0.071313372086
22270,0.067888125986
22271,0.05931574566
22272,0.059268786855
22273,0.038678923725
22274,0.021442028259
22275,0
22276,0.0051855504721
22277,0
22278,0.0088202224068
22279,0.015151243984
22280,0.020494270365
22281,0.02074603733
22282,0.021443693452
22283,0.021334837973
22284,0.019369873358
22285,0.019340028744
22286,0.020430714541
22287,0.019145527427
22288,0.017679487913
22289,0.020231305092
22290,0.012209885741
22291,0.013773405223
22292,0.017603892883
22293,0.021643372512
22294,0.019919247436
22295,0.020431889085
22296,0.021774009424
22297,0.023087287697
22298,0.022050742546
22299,0.022769254392
22300,0.022814601595
22301,0.02415984853
22302,0.022781082458
22303,0.021816425092
22304,0.025566219488
22305,0.023224638718
22306,0.025435408741
22307,0.023270703119
22308,0.030480243254
22309,0.031816897834
22310,0.029636759369
22311,0.029427541691
22312,0.027965892743
22313,0.026503171575
22314,0.025427137587
22315,0.024309490878
22316,0.023545743793
22317,0.022721764578
22318,0.026237274218
22319,0.027779570866
22320,0.027550341639
22321,0.027106231849
22322,0.02775040426
22323,0.027713913434
22324,0.028375452955
22325,0.027726663489
22326,0.027753447441
22327,0.027288856938
22328,0.027295159384
22329,0.026525719596
22330,0.026461467752
22331,0.027175004351
22332,0.026877679292
22333,0.023269895051
22334,0.023419049314
22335,0.022438683369
22336,0.01877186255
22337,0.013862983706
22338,0.013309415763
22339,0.010952753032
22340,0.0095306399429
22341,0.0071812188352
22342,0.0058144052126
22343,0.0053513097872
22344,0.012058737006
22345,0.016927036732
22346,0.011849627106
22347,0.011917641814
22348,0.011809511326
22349,0.011948768414
22350,0.016421604588
22351,0.016954555583
22352,0.014984919847
22353,0.0052216562291
22354,0.0048387492302
22355,0.0042145356279
22356,0.0040638932232
22357,0.0040719895422
22358,0.0037916420604
22359,0.0043615188917
22360,0.0043044052963
22361,0.0030921274661
22362,0.0030700338788
22363,0.0035930484586
22364,0.0034837554573
22365,0.0036303196722
22366,0.0028728289753
22367,0.0033365651932
22368,0.0025891567527
22369,0
22370,0.003748587916
22371,0.0038369548343
22372,0
22373,0
22374,0
22375,0.00060483287776
22376,0.00092011569708
22377,0.0013954377812
22378,0.0010026505618
22379,0.0011905417048
22380,0.0016310578048
22381,0.0018550025692
22382,0.0022946136937
22383,0.0019364493978
22384,0.002167790403
22385,0.0023755742975
22386,0.0025673408124
22387,0.0028511130205
22388,0.0027133794076
22389,0.0029835704417
22390,0.0030926757752
22391,0.0056479535095
22392,0.00715057007
22393,0.006797446407
22394,0.0048974732863
22395,0.0063610269487
22396,0.0033436299609
22397,0.0031945605807
22398,0.0037188034492
22399,0.0048075323906
22400,0.0056782424258
22401,0.0061357288824
22402,0.0067601570605
22403,0.0070594526671
22404,0.007356286284
22405,0.007715114978
22406,0.0078786339056
22407,0.0072219245118
22408,0.0073003158829
22409,0.0049393966405
22410,0.0049704803245
22411,0.0050555380178
22412,0.0053009099075
22413,0.005194348746
22414,0.0050879889656
22415,0.0051613629507
22416,0.0051013537704
22417,0.0051838436684
22418,0.0049970254887
22419,0.0049587898669
22420,0.0049766147756
22421,0.0048787733459
22422,0.0048387599257
22423,0.0049617640865
22424,0.0048886198027
22425,0.0049493202335
22426,0.0049867223336
22427,0.084064809679
22428,0.07707893923
22429,0.071889019494
22430,0.071219148269
22431,0.062722388027
22432,0.064988182244
22433,0.062855419496
22434,0.064470432726
22435,0.062621292462
22436,0.059237444093
22437,0.058473814148
22438,0.059069119345
22439,0.04957102455
22440,0.04567275039
22441,0.058762520519
22442,0.05872990324
22443,0.060413206421
22444,0.058606674105
22445,0.05295408251
22446,0.037730717267
22447,0.038444339056
22448,0.037561113364
22449,0.038528624786
22450,0.035933062601
22451,0.030778328674
22452,0.023149238977
22453,0.02227977674
22454,0.016385539351
22455,0.0062552296864
22456,0.0054621184894
22457,0.0061047339599
22458,0.043918312471
22459,0.042692665566
22460,0.042813491367
22461,0.042203366886
22462,0.04146731949
22463,0.039389249238
22464,0.040285927651
22465,0.039834570364
22466,0.039184547862
22467,0.038542672238
22468,0.037617516938
22469,0.038143697692
22470,0.22511576391
22471,0.21719405784
22472,0.209910939
22473,0.20108532211
22474,0.19105300488
22475,0.17351495055
22476,0.13606872084
22477,0.14584364795
22478,0.16353617685
22479,0.15651317707
22480,0.13138397935
22481,0.12213433392
22482,0.11468524796
22483,0.10714678222
22484,0.11483815672
22485,0.10430175618
22486,0.082095045741
22487,0.080374638507
22488,0.1107235474
22489,0.10343506117
22490,0.096627331194
22491,0.094258653279
22492,0.092014115648
22493,0.090519857541
22494,0.089570568889
22495,0.087709189293
22496,0.084255232466
22497,0.08895652844
22498,0.085657155987
22499,0.082725860452
22500,0.088709637193
22501,0.095472178016
22502,0.095609438375
22503,0.089934243374
22504,0.0859815008
22505,0.08406572928
22506,0.09544168273
22507,0.090609705147
22508,0.084288524519
22509,0.074967943925
22510,0.072624051869
22511,0.073927039328
22512,0.081392545936
22513,0.079063612345
22514,0.080426252764
22515,0.085531500129
22516,0.089903924287
22517,1.1034943835
22518,1.1272329563
22519,1.1632574489
22520,1.1419306207
22521,1.044519777
22522,0.96106724764
22523,1.1410539303
22524,0.89260003844
22525,0.8441590105
22526,0.78824539818
22527,0.84884579361
22528,0.74337157845
22529,0.71255436669
22530,0.68667516374
22531,0.67224272595
22532,0.63016915207
22533,0.59593812811
22534,0.59436501561
22535,0.57739246362
22536,0.57988794832
22537,0.47845486889
22538,0.6088346114
22539,0.56433234527
22540,0.54094081484
22541,0.50473323543
22542,0.49944905174
22543,0.49569962289
22544,0.49756692945
22545,0.50753065418
22546,0.4954914153
22547,0.49775771624
22548,0.50696736519
22549,0.55287364794
22550,0.60955052483
22551,0.64262618818
22552,0.65705846148
22553,0.67015918205
22554,0.67627938633
22555,0.70321841863
22556,0.73283661361
22557,0.76564150812
22558,0.81559357045
22559,0.8377244552
22560,0.84952072918
22561,0.83154918497
22562,0.87717771316
22563,0.93552734663
22564,1.0091782355
22565,1.091190896
22566,1.178466855
22567,1.1351946915
22568,1.0788503064
22569,1.1485864107
22570,0.45561108404
22571,0.43074280815
22572,0.36569335369
22573,0.41154003202
22574,0.32994557368
22575,0.32241010517
22576,0.34892857745
22577,0.32832503997
22578,0.29331476523
22579,0.31994213816
22580,0.2836831917
22581,0.26947858655
22582,0.27566913421
22583,0.24487443672
22584,0.27369578147
22585,0.65228880947
22586,0.62958110104
22587,0.61488601417
22588,0.60115514092
22589,0.56039073602
22590,0.56262273061
22591,0.54112010582
22592,0.54930982741
22593,0.70308968561
22594,0.68306338671
22595,0.55103035086
22596,0.53175870354
22597,0.51470471265
22598,0.52765259419
22599,0.53250505892
22600,0.53072595374
22601,0.53193581547
22602,0.51953708834
22603,0.51184372593
22604,0.81370416955
22605,0.78448786123
22606,0.82694194531
22607,0.86460498967
22608,0.89808152166
22609,0.79637122298
22610,0.82061747333
22611,0.81436050563
22612,0.82284285759
22613,0.82456209229
22614,0.81389175229
22615,0.76024459829
22616,0.70366602934
22617,0.77100895492
22618,0.75584138809
22619,0.76480459347
22620,0.70813708116
22621,0.67058333617
22622,0.65536776281
22623,0.63763014737
22624,0.65848376927
22625,0.67041606483
22626,0.70853433119
22627,0.10893048696
22628,0.16635937873
22629,0.10586708279
22630,0.18563604225
22631,0.067592474595
22632,0.070606044839
22633,0.070280538923
22634,0.069713667872
22635,0.074915508631
22636,0.074432684899
22637,0.075629504841
22638,0.077200916595
22639,0.077629783036
22640,0.078132873289
22641,0.076466419227
22642,0.076384910305
22643,0.073257686368
22644,0.078491703479
22645,0.077119409599
22646,0.078475158532
22647,0.076944273922
22648,0.077215645773
22649,0.077899852807
22650,0.07803662809
22651,0.078177014627
22652,0.13559336056
22653,0.15740131463
22654,0.14732988544
22655,0.14540706954
22656,0.14014707288
22657,0.11611775391
22658,0.10683787422
22659,0.1021432966
22660,0.10164405165
22661,0.099243528121
22662,0.095857821762
22663,0.094334454722
22664,0.093958345449
22665,0.08524440173
22666,0.082198806641
22667,0.076621693801
22668,0.076950696932
22669,0.076276056959
22670,0.073364230325
22671,0.078052155175
22672,0.074291567128
22673,0.07581256557
22674,0.076538316818
22675,0.074413092297
22676,0.074462430253
22677,0.071641104373
22678,0.073077215632
22679,0.07074893273
22680,0.06246843261
22681,0.049548756705
22682,0.048624646467
22683,0.038952492156
22684,0.029157325294
22685,0
22686,0
22687,0.013308825619
22688,0.0094669520983
22689,0.020268858136
22690,0.017290491465
22691,0.020299207515
22692,0.0197533412
22693,0.017205876838
22694,0.015117853277
22695,0.018381944117
22696,0.017716881669
22697,0.015990278512
22698,0.015595347286
22699,0.014372141464
22700,0.01518168694
22701,0.014615625752
22702,0.014643756123
22703,0.015597407007
22704,0.015011557065
22705,0.015341345513
22706,0.015781555772
22707,0.019967022063
22708,0.022677179854
22709,0.019967947377
22710,0.021728769402
22711,0.018754037245
22712,0.020749240514
22713,0.021761077548
22714,0.022718489839
22715,0.022881032472
22716,0.02314161487
22717,0.021363343707
22718,0.026740913128
22719,0.027931754282
22720,0.024243804857
22721,0.031017994874
22722,0.026964280935
22723,0.025752947633
22724,0.026032374552
22725,0.024985527964
22726,0.023429185926
22727,0.023324269629
22728,0.02187045981
22729,0.02288810076
22730,0.027051917188
22731,0.027144281935
22732,0.027332531525
22733,0.027270584063
22734,0.026730079421
22735,0.02737350126
22736,0.027219633926
22737,0.02716818001
22738,0.026958611131
22739,0.026178615818
22740,0.027342669624
22741,0.024841142281
22742,0.024484545979
22743,0.023677337211
22744,0.021594381665
22745,0.017621598972
22746,0.015448224007
22747,0.01876660918
22748,0.021718588465
22749,0.021825586677
22750,0.010615989392
22751,0.010507614595
22752,0.010254168842
22753,0.0073672944487
22754,0.020582980872
22755,0.019302527179
22756,0.0056561112024
22757,0.005081405889
22758,0.0042804562108
22759,0.0042635766804
22760,0.0040384965478
22761,0.0040621412492
22762,0.0046086973424
22763,0.0049520651365
22764,0.00489656314
22765,0.0038464041485
22766,0.003870758421
22767,0.0080870967646
22768,0.0037973857
22769,0.0035613605726
22770,0.0042327298031
22771,0
22772,0.0074700841518
22773,0.0052127922293
22774,0.0051181564144
22775,0.012423654697
22776,0
22777,0.00045074652923
22778,0.00071505466599
22779,0.0013616500126
22780,0.00073468515648
22781,0.0010118090614
22782,0.0011670152982
22783,0.0015005141433
22784,0.0016923933187
22785,0.0017457574111
22786,0.0020243559053
22787,0.0022545104896
22788,0.0024610334284
22789,0.0026405906008
22790,0.0028060575071
22791,0.0029757420961
22792,0.0031287365394
22793,0.0075102088097
22794,0.0078393981144
22795,0.0070225430721
22796,0.0072052431724
22797,0.0084689346681
22798,0.007055189368
22799,0.009359072401
22800,0.0032021425567
22801,0.003322198682
22802,0.006182099958
22803,0.0043965257832
22804,0.0064454442959
22805,0.0066800108589
22806,0.0070336110017
22807,0.0074118574622
22808,0.0078753439454
22809,0.0077534248661
22810,0.0080743026669
22811,0.0076362007097
22812,0.0073997968544
22813,0.0072176371585
22814,0.0070218880877
22815,0.0053170867641
22816,0.0054367787771
22817,0.0056741934793
22818,0.0061223910748
22819,0.0056925187056
22820,0.0054551427496
22821,0.0057193147564
22822,0.0057138982518
22823,0.0059616160433
22824,0.0057266716852
22825,0.0063643653648
22826,0.0056469434644
22827,0.0051125651121
22828,0.005458882589
22829,0.0051272245147
22830,0.0049241965211
22831,0.0049832184637
22832,0.0049384156282
22833,0.0053111517104
22834,0.0050676484421
22835,0.0052753705836
22836,0.0052983632069
22837,0.095634696448
22838,0.090452808006
22839,0.08463525964
22840,0.080806165172
22841,0.084803416373
22842,0.074726941226
22843,0.081084704038
22844,0.0726124301
22845,0.073849440882
22846,0.07902190351
22847,0.0681840277
22848,0.059241402729
22849,0.059466037271
22850,0.055614560798
22851,0.058921003375
22852,0.055375336002
22853,0.050278332904
22854,0.045591398891
22855,0.058901969428
22856,0.059454789895
22857,0.061165558348
22858,0.06520089881
22859,0.069579827779
22860,0.066742491219
22861,0.038990578752
22862,0.039995288143
22863,0.040018442788
22864,0.040455643173
22865,0.040431741228
22866,0.039040064484
22867,0.038322560826
22868,0.034688324805
22869,0.026839169827
22870,0.024095982608
22871,0.019431327936
22872,0.0080422290147
22873,0.0062834903268
22874,0.0085873863299
22875,0.044118516635
22876,0.04463584248
22877,0.044556711956
22878,0.044185657046
22879,0.044641847484
22880,0.042428478403
22881,0.041294196582
22882,0.04127341113
22883,0.04114928832
22884,0.039961305909
22885,0.03932897514
22886,0.038757224136
22887,0.039630195042
22888,0.23352518704
22889,0.23007476269
22890,0.22384715124
22891,0.20973291913
22892,0.18883848264
22893,0.20683325496
22894,0.17540320101
22895,0.14205142085
22896,0.15490095725
22897,0.16882834086
22898,0.1301040749
22899,0.14325467348
22900,0.12143626706
22901,0.1139072724
22902,0.12560911346
22903,0.085739628737
22904,0.12456069315
22905,0.11390121985
22906,0.12356394116
22907,0.10138991807
22908,0.11138970674
22909,0.099506649028
22910,0.098262576742
22911,0.097528837363
22912,0.096113118415
22913,0.09392856532
22914,0.091997897648
22915,0.097874653665
22916,0.094591948932
22917,0.09153757705
22918,0.099079125823
22919,0.11087471902
22920,0.11009337046
22921,0.11440628788
22922,0.0994766872
22923,0.09875697677
22924,0.1121272184
22925,0.10723816282
22926,0.10090373202
22927,0.085506810061
22928,0.096938381061
22929,0.085007223445
22930,0.092033954179
22931,0.088392111359
22932,0.090755109007
22933,0.093502089937
22934,0.096450564637
22935,0.09892176044
22936,1.209141723
22937,1.2561133262
22938,1.3103639689
22939,1.2652174626
22940,1.2428037275
22941,1.153633969
22942,1.0664296201
22943,0.98696051736
22944,1.2389906908
22945,0.91563231652
22946,0.86219794918
22947,0.81602018749
22948,0.92189818553
22949,0.78262120897
22950,0.755367948
22951,0.73668004227
22952,0.7174864299
22953,0.67901549067
22954,0.65809223785
22955,0.64221790087
22956,0.63534794827
22957,0.64773016506
22958,0.51053306007
22959,0.67327736164
22960,0.66291361563
22961,0.62222589067
22962,0.59565358307
22963,0.59034559219
22964,0.56038529924
22965,0.52170852497
22966,0.51574663337
22967,0.5102662748
22968,0.5095304729
22969,0.51715196203
22970,0.5190973936
22971,0.51127538086
22972,0.51272402139
22973,0.51037799077
22974,0.55188705657
22975,0.61201291147
22976,0.65849321881
22977,0.6848597976
22978,0.69235589445
22979,0.70068440313
22980,0.71411518458
22981,0.74623536513
22982,0.77986121137
22983,0.81525016467
22984,0.87173097978
22985,0.89667979475
22986,0.89758543918
22987,0.88528151667
22988,0.93535557353
22989,1.0129690859
22990,1.1095893163
22991,1.2179528927
22992,1.3305134071
22993,1.2679653067
22994,1.202775111
22995,1.2739215695
22996,0.49106847641
22997,0.46292680202
22998,0.35838265858
22999,0.40061338342
23000,0.4525353518
23001,0.38931547077
23002,0.35568087306
23003,0.38212734989
23004,0.34441399843
23005,0.31452696763
23006,0.34828902563
23007,0.30393600539
23008,0.30635684357
23009,0.25467013686
23010,0.28793133046
23011,0.70708112569
23012,0.67361082403
23013,0.66990578487
23014,0.64505006882
23015,0.63217487264
23016,0.59243986191
23017,0.58769812092
23018,0.56581349236
23019,0.57134380311
23020,0.57270232695
23021,0.76264056155
23022,0.75465681157
23023,0.72070696629
23024,0.57022456116
23025,0.55606843872
23026,0.5464146876
23027,0.55097951051
23028,0.55289255422
23029,0.54607326575
23030,0.54802507716
23031,0.53770640469
23032,0.52780740101
23033,0.84116815558
23034,0.87598677728
23035,0.90481809482
23036,0.85937140795
23037,0.85260477821
23038,0.85777245729
23039,0.86891085469
23040,0.8641121536
23041,0.86090390668
23042,0.85868927356
23043,0.81869583928
23044,0.8366506882
23045,0.81557671429
23046,0.81040283958
23047,0.82527229259
23048,0.81287533249
23049,0.76300939868
23050,0.71207317858
23051,0.70381718362
23052,0.70241158295
23053,0.70909065051
23054,0.75598071471
23055,0.11172771325
23056,0.13709571259
23057,0.074039071859
23058,0.076503299851
23059,0.075843327538
23060,0.076039332798
23061,0.076251610059
23062,0.078212031912
23063,0.078535988417
23064,0.079800600503
23065,0.079887659174
23066,0.07882642447
23067,0.076127086816
23068,0.07822908771
23069,0.076148612804
23070,0.078983449521
23071,0.07688345055
23072,0.076775777651
23073,0.077890161855
23074,0.077917039333
23075,0.096938629098
23076,0.10186556778
23077,0.10140856728
23078,0.086715284721
23079,0.082720575571
23080,0.079282184112
23081,0.077725896479
23082,0.078167062872
23083,0.075212750593
23084,0.080643150567
23085,0.076227398059
23086,0.076901713395
23087,0.076914743662
23088,0.077048483644
23089,0.075734333671
23090,0.074884779874
23091,0.073817260222
23092,0.073668917268
23093,0.07534600969
23094,0.076500405744
23095,0.066899028194
23096,0.051817996796
23097,0.040368269631
23098,0.029995711759
23099,0.029332180553
23100,0
23101,0.010332893764
23102,0
23103,0.014293665619
23104,0.010434636713
23105,0.014341866764
23106,0.015829622277
23107,0.014525794518
23108,0.015383424886
23109,0.015754093625
23110,0.015862247972
23111,0.017221765458
23112,0.015723198296
23113,0.016478635922
23114,0.014430420077
23115,0.013416685649
23116,0.012028024158
23117,0.01482225372
23118,0.014968727375
23119,0.01457993168
23120,0.014001230838
23121,0.014074131713
23122,0.015333674362
23123,0.013913885657
23124,0.014367431463
23125,0.017212102982
23126,0.019220296481
23127,0.019194048951
23128,0.021984868873
23129,0.021411029945
23130,0.020504777334
23131,0.02137283831
23132,0.030409481903
23133,0.023384379907
23134,0.024070458088
23135,0.023774842519
23136,0.024024115939
23137,0.022352267994
23138,0.022415475288
23139,0.021511610567
23140,0.020330369645
23141,0.02265160291
23142,0.024316647134
23143,0.027095501278
23144,0.025724168067
23145,0.02628483907
23146,0.026606089984
23147,0.026330969959
23148,0.027270196404
23149,0.02676373771
23150,0.026946979589
23151,0.026290880981
23152,0.024849936969
23153,0.022934280131
23154,0.022332078556
23155,0.021335205744
23156,0.0195530227
23157,0.01995276116
23158,0.012480286547
23159,0.013681799815
23160,0.018374222699
23161,0.014222276572
23162,0.02520277233
23163,0.012389455564
23164,0.0085388785681
23165,0.010651051023
23166,0.0063104847381
23167,0.005715371075
23168,0.0046448161327
23169,0.0053574674682
23170,0.0046500656366
23171,0.0049174978851
23172,0.0057573058418
23173,0.0065743788169
23174,0.0054673096268
23175,0.013095895742
23176,0.0092033907938
23177,0.015314955834
23178,0.014131562872
23179,0.014663182917
23180,0.015368579582
23181,0
23182,0.0049722903828
23183,0.0043718528273
23184,0.0067128842259
23185,0.0060254419508
23186,0.012461576528
23187,0.015175372358
23188,0
23189,0.00039356233337
23190,0.0013398124777
23191,0.00038308879655
23192,0.00073162249727
23193,0.0010152306647
23194,0.0012094174096
23195,0.0014665636327
23196,0.0014737326999
23197,0.0018962389274
23198,0.0016972435155
23199,0.0021270260063
23200,0.002349043912
23201,0.0025488882516
23202,0.0027282109354
23203,0.0029062623602
23204,0.0030524167333
23205,0.0032011046474
23206,0.0063990237636
23207,0.0068746665185
23208,0.0084723493598
23209,0.0065892427179
23210,0.0064380096686
23211,0.0061646005166
23212,0.010434945941
23213,0.010287621565
23214,0.0089658364448
23215,0.010121462323
23216,0.0033422340662
23217,0.0041424376485
23218,0.0033683603833
23219,0.007440250834
23220,0.0057400383466
23221,0.0051066844786
23222,0.006738121824
23223,0.006938855481
23224,0.006981823668
23225,0.0071221552833
23226,0.0073941597299
23227,0.0075856991904
23228,0.0078756905867
23229,0.0075796803733
23230,0.007711475875
23231,0.0082504029161
23232,0.0078693151751
23233,0.0068943536043
23234,0.0075509039846
23235,0.0058311011498
23236,0.0059796744507
23237,0.0062254211773
23238,0.0065001505656
23239,0.0067566586159
23240,0.005960712131
23241,0.007067902676
23242,0.0074735853382
23243,0.007456385233
23244,0.0088818809987
23245,0.0081505956551
23246,0.008470690302
23247,0.006829626908
23248,0.0072905855435
23249,0.0057519268766
23250,0.006542635856
23251,0.0050385691311
23252,0.0053318947356
23253,0.0052365395049
23254,0.00602986398
23255,0.0056754600306
23256,0.0055770695363
23257,0.0057282923247
23258,0.005903994609
23259,0.10581707023
23260,0.1033436487
23261,0.098120239192
23262,0.091918399933
23263,0.10089264274
23264,0.094027568278
23265,0.099113044057
23266,0.087568885062
23267,0.094199722779
23268,0.10376080953
23269,0.097249787643
23270,0.081895039042
23271,0.075507432499
23272,0.077324014132
23273,0.064527721768
23274,0.056136665116
23275,0.061838550396
23276,0.051651554829
23277,0.059336552121
23278,0.064879159558
23279,0.068397576868
23280,0.075398252352
23281,0.079865939909
23282,0.074513169101
23283,0.041660173294
23284,0.041971479434
23285,0.040942827947
23286,0.042412426267
23287,0.042104666203
23288,0.042612507165
23289,0.041094526571
23290,0.042443449029
23291,0.040310705366
23292,0.035877187693
23293,0.03588868271
23294,0.019865206093
23295,0.025779198066
23296,0.016288419035
23297,0.010571971761
23298,0.0093078544363
23299,0.012856971496
23300,0.053223080464
23301,0.044998657927
23302,0.043957527916
23303,0.045234774757
23304,0.044297517124
23305,0.044827580769
23306,0.044980793169
23307,0.044375594201
23308,0.04385503536
23309,0.042526452723
23310,0.042432720245
23311,0.041597170293
23312,0.041734394726
23313,0.040981458644
23314,0.041635662527
23315,0.24939366996
23316,0.25020386754
23317,0.22931381713
23318,0.18177558151
23319,0.20442641683
23320,0.19320217492
23321,0.22485248828
23322,0.16988846135
23323,0.15905397789
23324,0.181636069
23325,0.13707925669
23326,0.15016125228
23327,0.13812676689
23328,0.13375003036
23329,0.12434352804
23330,0.13723974773
23331,0.10743989025
23332,0.11916928542
23333,0.10436239065
23334,0.10556212085
23335,0.10716948741
23336,0.10466524438
23337,0.10134259346
23338,0.1084245784
23339,0.1062497424
23340,0.10259723052
23341,0.11335659597
23342,0.12566832043
23343,0.12477812755
23344,0.12914217502
23345,0.11493217544
23346,0.13340323996
23347,0.12883364101
23348,0.12367508133
23349,0.11368025943
23350,0.10714460618
23351,0.096230680015
23352,0.107096689
23353,0.096573970399
23354,0.10302024159
23355,0.098130502327
23356,0.10191820439
23357,0.10339880148
23358,0.10492105206
23359,1.3435609432
23360,1.3738103886
23361,1.403935145
23362,1.3789727412
23363,1.3535130703
23364,1.3323342704
23365,1.25921191
23366,1.1814298989
23367,1.0815575815
23368,1.0036868112
23369,1.321494017
23370,0.9266580002
23371,0.88331179321
23372,0.84744841518
23373,0.98436614337
23374,0.81684676269
23375,0.79948495557
23376,0.79493855844
23377,0.7350145515
23378,0.79041872849
23379,0.71629914011
23380,0.6890956769
23381,0.68746928687
23382,0.69425159669
23383,0.70360435102
23384,0.53980978141
23385,0.71378905048
23386,0.70401583809
23387,0.69805025491
23388,0.66605036456
23389,0.63991109691
23390,0.62463581067
23391,0.61719740319
23392,0.59880478589
23393,0.57979467688
23394,0.53620217013
23395,0.52978483293
23396,0.52588169916
23397,0.5179966987
23398,0.52014622001
23399,0.52490809284
23400,0.52644013099
23401,0.52881015994
23402,0.52515150496
23403,0.52252615288
23404,0.52762287252
23405,0.54082425897
23406,0.66062739352
23407,0.60443181263
23408,0.69904466085
23409,0.72109997279
23410,0.72500102638
23411,0.75415951876
23412,0.78910727641
23413,0.81834465796
23414,0.8483088184
23415,0.89088231258
23416,0.95817250834
23417,0.96724100816
23418,0.94843383813
23419,1.0107638873
23420,1.1060442689
23421,1.2622402208
23422,1.419958324
23423,1.5215102116
23424,1.413429547
23425,1.3344939875
23426,1.4003384216
23427,0.53436889112
23428,0.5077407492
23429,0.49534943403
23430,0.43101303391
23431,0.49550547406
23432,0.47162340548
23433,0.41873307888
23434,0.37570007282
23435,0.41101428514
23436,0.33603221513
23437,0.38535639832
23438,0.36597621806
23439,0.32935733783
23440,0.34213869036
23441,0.32351085614
23442,0.27209490902
23443,0.29491270148
23444,0.75989667923
23445,0.74811086355
23446,0.71022779575
23447,0.71630199042
23448,0.68731590693
23449,0.66429979348
23450,0.66087489682
23451,0.62504291883
23452,0.62520309078
23453,0.58944486895
23454,0.59148224833
23455,0.61443606189
23456,0.60511742793
23457,0.79913777373
23458,0.811312255
23459,0.7955519841
23460,0.79235140828
23461,0.6012499391
23462,0.5785655881
23463,0.56874238962
23464,0.56564094933
23465,0.56698219251
23466,0.57039870806
23467,0.55976942857
23468,0.55874206692
23469,0.56470255766
23470,0.55063452727
23471,0.55980870874
23472,0.54049107842
23473,0.55009100986
23474,0.88534227715
23475,0.90607227562
23476,0.88186066704
23477,0.88435589365
23478,0.89584269932
23479,0.90474657478
23480,0.90702502518
23481,0.90247121422
23482,0.89828088156
23483,0.86223430561
23484,0.87186658659
23485,0.86448978806
23486,0.85572632282
23487,0.85338358802
23488,0.85839502784
23489,0.85173816642
23490,0.85238955143
23491,0.81659101724
23492,0.77158134902
23493,0.75675853721
23494,0.75809169923
23495,0.7964674494
23496,0.12758810748
23497,0.13286236916
23498,0.079621421656
23499,0.077350818291
23500,0.076442221768
23501,0.076375784702
23502,0.078230709471
23503,0.079124309147
23504,0.077637214607
23505,0.075382012405
23506,0.078609986546
23507,0.075810975661
23508,0.074451346756
23509,0.076336607706
23510,0.076386722616
23511,0.078688448567
23512,0.085171495236
23513,0.080100861613
23514,0.076184489164
23515,0.077163929007
23516,0.077335762223
23517,0.07738074473
23518,0.078087080212
23519,0.075336723327
23520,0.075516536958
23521,0.079489598488
23522,0.077913852222
23523,0.069419683318
23524,0.058560775282
23525,0.048512085919
23526,0.044056069588
23527,0.03639532793
23528,0.031460153763
23529,0.025146168603
23530,0
23531,0.0086656917423
23532,0
23533,0.011865914233
23534,0.01315999011
23535,0.012918174626
23536,0.013650697641
23537,0.013228619237
23538,0.011904242634
23539,0.0085616058968
23540,0.012281381832
23541,0.0099604858742
23542,0.014338862914
23543,0.013223076312
23544,0.013696415257
23545,0.014011605637
23546,0.012895719323
23547,0.013177747127
23548,0.012258213115
23549,0.010979626983
23550,0.012004905641
23551,0.013555127659
23552,0.016339231504
23553,0.016273596917
23554,0.020498956422
23555,0.017847288981
23556,0.019489094552
23557,0.020273573833
23558,0.023572896017
23559,0.021872406022
23560,0.022128274637
23561,0.022056693918
23562,0.021697584906
23563,0.021689315411
23564,0.021354129134
23565,0.021027856357
23566,0.020370983565
23567,0.019603599911
23568,0.023835746401
23569,0.024138476549
23570,0.02156850366
23571,0.020932200883
23572,0.025699927667
23573,0.025154477883
23574,0.025519862907
23575,0.026033237478
23576,0.026631960971
23577,0.026096484731
23578,0.026510361518
23579,0.025709764726
23580,0.024650707543
23581,0.022875015795
23582,0.021549035662
23583,0.020922694331
23584,0.018977879314
23585,0.018760554075
23586,0.014812159754
23587,0.010202339686
23588,0.0089297644911
23589,0.011345023739
23590,0.0068641094199
23591,0.0079953243164
23592,0.010280320576
23593,0.0081000219365
23594,0.0096713915911
23595,0.013731053892
23596,0.017260045688
23597,0.015829528413
23598,0.015782369775
23599,0.017668200384
23600,0.016587205579
23601,0.0162810467
23602,0.017369708723
23603,0
23604,0.0097135965304
23605,0.010285914937
23606,0.0041281693621
23607,0.0056062896012
23608,0.0073482352875
23609,0.0097331166342
23610,0.01526484176
23611,0.015910604026
23612,0.017406095243
23613,0
23614,0
23615,0.0003365125559
23616,0.00056504345216
23617,0.00083401672947
23618,0.00104830907
23619,0.0012757117601
23620,0.0011673469484
23621,0.0013566200362
23622,0.0015811355573
23623,0.0017853867159
23624,0.0019826319064
23625,0.0022240818969
23626,0.0024485281994
23627,0.0026429126803
23628,0.0027970247037
23629,0.0030547190215
23630,0.0029243204149
23631,0.003110426792
23632,0.0031203747215
23633,0.0058339981299
23634,0.0061163909271
23635,0.006755377168
23636,0.00826870544
23637,0.0070618370633
23638,0.0065529196524
23639,0.0061270540352
23640,0.010902622899
23641,0.010109208857
23642,0.0083501935166
23643,0.0083710865433
23644,0.0095549561152
23645,0.0038852272241
23646,0.0049200719257
23647,0.0045208065139
23648,0.0034769158371
23649,0.0033225485893
23650,0.0066319886275
23651,0.0052986032423
23652,0.0052050651236
23653,0.0069860907665
23654,0.0074299039866
23655,0.0072426948458
23656,0.0074728442558
23657,0.0075986365869
23658,0.0075766778878
23659,0.0078985590657
23660,0.0075361900038
23661,0.0077468232241
23662,0.0088167702968
23663,0.0095667618647
23664,0.0088576944991
23665,0.0084614894768
23666,0.0077059902485
23667,0.0071185327745
23668,0.0067913569554
23669,0.006640789868
23670,0.0067850574928
23671,0.0069971247322
23672,0.0072259135081
23673,0.0096991694919
23674,0.0099426844641
23675,0.0091769929946
23676,0.01049422028
23677,0.010594139776
23678,0.010617983216
23679,0.010396999448
23680,0.0092440445197
23681,0.0084292632431
23682,0.006813559459
23683,0.0077214277778
23684,0.0056610203121
23685,0.0060407347743
23686,0.006209869037
23687,0.0063166566092
23688,0.0069239820382
23689,0.0064675300253
23690,0.0069536263323
23691,0.0069158077034
23692,0.11294649705
23693,0.11632477698
23694,0.11136444941
23695,0.106521487
23696,0.11599412328
23697,0.11211653582
23698,0.10887735205
23699,0.11788829938
23700,0.10641187845
23701,0.11489478658
23702,0.12070024463
23703,0.11592179264
23704,0.11297232005
23705,0.093845192266
23706,0.093475255102
23707,0.097515338155
23708,0.082865159542
23709,0.070656732064
23710,0.063798613587
23711,0.069553077945
23712,0.072194847237
23713,0.074816169548
23714,0.072987222153
23715,0.081114759204
23716,0.086206343823
23717,0.093010709816
23718,0.085566251377
23719,0.044216021162
23720,0.043428807079
23721,0.042759515427
23722,0.043873103396
23723,0.044310065971
23724,0.043546057615
23725,0.043036982481
23726,0.0426862321
23727,0.043981176305
23728,0.045585048951
23729,0.040233207885
23730,0.039426633084
23731,0.019288743083
23732,0.031995527154
23733,0.01532034442
23734,0.012635776689
23735,0.015031401957
23736,0.01557385849
23737,0.059041267842
23738,0.050142175412
23739,0.050003581149
23740,0.047246543713
23741,0.044715370828
23742,0.044176111557
23743,0.044789380173
23744,0.043983085218
23745,0.043960528336
23746,0.043866768544
23747,0.044923523048
23748,0.043392764876
23749,0.043439857445
23750,0.044359825909
23751,0.042453631119
23752,0.044093200117
23753,0.27196233651
23754,0.27434902654
23755,0.25794132686
23756,0.24642518572
23757,0.21017790879
23758,0.19617936499
23759,0.23098992976
23760,0.25635571946
23761,0.17135781187
23762,0.18260286681
23763,0.16550216969
23764,0.16164075488
23765,0.15361466027
23766,0.14612368893
23767,0.13757116785
23768,0.13308223615
23769,0.15335196352
23770,0.14907415364
23771,0.11291617948
23772,0.12994108491
23773,0.11678722047
23774,0.11564631164
23775,0.11135632756
23776,0.11827524223
23777,0.11864332365
23778,0.11857921015
23779,0.12842595139
23780,0.14178744787
23781,0.14338386906
23782,0.14109731974
23783,0.14962932846
23784,0.14747512487
23785,0.13987489463
23786,0.1254925464
23787,0.13801913312
23788,0.11878802327
23789,0.10591290178
23790,0.11675245613
23791,0.11352798168
23792,0.11040746547
23793,0.1109170245
23794,0.11008331044
23795,1.4822643197
23796,1.4626022063
23797,1.4768662535
23798,1.4778356317
23799,1.4672767338
23800,1.4442283061
23801,1.4143995239
23802,1.3693339859
23803,1.3135919762
23804,1.1742433372
23805,1.2731790608
23806,1.1038134959
23807,1.0595516201
23808,0.97613201226
23809,0.94379649719
23810,0.91648588511
23811,0.87217641864
23812,1.0308950369
23813,0.84509481129
23814,0.84985382956
23815,0.86709812753
23816,0.78347331709
23817,0.85535347119
23818,0.7427994007
23819,0.75303845557
23820,0.7485676905
23821,0.75136160536
23822,0.56737983581
23823,0.74702893121
23824,0.73757888643
23825,0.73480619995
23826,0.7010289067
23827,0.67570273885
23828,0.65792976031
23829,0.64447702192
23830,0.6316362562
23831,0.61608641016
23832,0.60193644281
23833,0.5484426867
23834,0.54112560149
23835,0.53948738695
23836,0.53765699536
23837,0.52743360481
23838,0.5291077431
23839,0.53195408773
23840,0.53017331783
23841,0.5358824955
23842,0.53336115293
23843,0.53434617993
23844,0.54182603681
23845,0.55447745359
23846,0.55280895097
23847,0.64127945487
23848,0.70451862473
23849,0.56981524158
23850,0.74362242651
23851,0.75859772954
23852,0.79410531126
23853,0.82240016466
23854,0.83897121235
23855,0.85558338301
23856,0.84941808457
23857,1.0342095429
23858,1.0681907774
23859,1.0305127931
23860,1.0942183156
23861,1.2356449018
23862,1.5090757977
23863,1.6456735304
23864,1.6828982057
23865,1.5605641477
23866,1.4674002364
23867,1.5356460629
23868,0.56282633798
23869,0.54616004663
23870,0.53227141702
23871,0.52519136552
23872,0.45478099244
23873,0.52326051634
23874,0.50729069947
23875,0.49100370135
23876,0.44411179957
23877,0.41039187132
23878,0.43890795481
23879,0.35336317298
23880,0.41620055318
23881,0.39501894603
23882,0.37534473626
23883,0.36846704229
23884,0.34936691814
23885,0.36420023141
23886,0.34139825514
23887,0.32121826838
23888,0.29515722147
23889,0.80742245899
23890,0.78930226049
23891,0.74152977074
23892,0.77612005668
23893,0.75544257995
23894,0.72656769942
23895,0.69466975356
23896,0.68946604648
23897,0.65194206141
23898,0.66347030725
23899,0.64592733833
23900,0.61924193197
23901,0.64927435975
23902,0.64795720349
23903,0.63169050645
23904,0.83128281968
23905,0.83414186476
23906,0.83916835819
23907,0.82910658994
23908,0.81803597063
23909,0.8250667334
23910,0.62439283052
23911,0.60917889906
23912,0.5959249731
23913,0.5881667797
23914,0.58502027077
23915,0.58237399085
23916,0.58294721437
23917,0.57530822218
23918,0.56910555169
23919,0.57413213921
23920,0.57587070964
23921,0.56766790342
23922,0.56272080444
23923,0.56923437501
23924,0.56461851319
23925,0.91179710798
23926,0.92388201362
23927,0.94107663458
23928,0.95655165665
23929,0.95226832403
23930,0.93027120827
23931,0.92428689778
23932,0.89808888376
23933,0.89974102886
23934,0.89702908275
23935,0.89297935937
23936,0.88747098972
23937,0.88505821042
23938,0.89014848581
23939,0.89734897886
23940,0.85696494419
23941,0.83010298465
23942,0.80968385044
23943,0.80146075429
23944,0.81245618835
23945,0.83446057122
23946,0.12387327617
23947,0.13540161374
23948,0.079518025213
23949,0.078538587102
23950,0.077535203203
23951,0.081255311862
23952,0.07892720559
23953,0.077844075468
23954,0.077533187559
23955,0.079395243344
23956,0.074797969877
23957,0.079306674658
23958,0.074184261441
23959,0.078073627936
23960,0.079650867592
23961,0.075413050546
23962,0.077014489333
23963,0.077522543514
23964,0.077274151183
23965,0.077672400154
23966,0.078657895754
23967,0.079594142892
23968,0.064651422647
23969,0.065959308122
23970,0.05023563154
23971,0.039297558302
23972,0.033316090375
23973,0.028704755496
23974,0.021170654173
23975,0.026102995954
23976,0.01785200258
23977,0
23978,0.0081903629971
23979,0
23980,0
23981,0.011625453385
23982,0.011905728169
23983,0.012869644677
23984,0.013219184497
23985,0.0093269912748
23986,0.008887223308
23987,0.01145072199
23988,0.012251900962
23989,0.013121816833
23990,0.012827346195
23991,0.01569225917
23992,0.01515889973
23993,0.018022660048
23994,0.019468155649
23995,0.021579093472
23996,0.021550405699
23997,0.023131107137
23998,0.021467958363
23999,0.021740588264
24000,0.021839779082
24001,0.022103845048
24002,0.021841590268
24003,0.020297697266
24004,0.020409203879
24005,0.019028732814
24006,0.018768805662
24007,0.021686562874
24008,0.018917432934
24009,0.01966456244
24010,0.02021697273
24011,0.020443395914
24012,0.023578116979
24013,0.024595685128
24014,0.025946896474
24015,0.025889906646
24016,0.025609551691
24017,0.025513182893
24018,0.02427298592
24019,0.023888116849
24020,0.022327661826
24021,0.020858594385
24022,0.0190091698
24023,0.017352252163
24024,0.016055550344
24025,0.014181066884
24026,0.016051480572
24027,0.018596572005
24028,0.018593276682
24029,0.018000162519
24030,0.018379608375
24031,0.019571815129
24032,0.017858908235
24033,0.019796038518
24034,0.019287204568
24035,0
24036,0.0089208172766
24037,0.0075081233766
24038,0.008802428698
24039,0.011605613235
24040,0.0084197288014
24041,0.015637191942
24042,0.014143667491
24043,0.0171308341
24044,0.018033736442
24045,0.019013907843
24046,0.018942921601
24047,0
24048,0.00027668581806
24049,0.00045589597327
24050,0.00066616196045
24051,0.00088717438416
24052,0.0009574620373
24053,0.0011422146792
24054,0.0014097098781
24055,0.0017593480582
24056,0.0020707592652
24057,0.0023338856131
24058,0.0025641931402
24059,0.0027551005666
24060,0.003086902721
24061,0.0031999680437
24062,0.0028574762664
24063,0.0029818061318
24064,0.003379696933
24065,0.0034913178408
24066,0.0054968876957
24067,0.0055984316219
24068,0.0059158280806
24069,0.0065295565215
24070,0.0066657217442
24071,0.0061152840905
24072,0.0057331781763
24073,0.0088477174785
24074,0.0080258823996
24075,0.006730164279
24076,0.0061031305378
24077,0.0068554031367
24078,0.0043935271304
24079,0.0039985129115
24080,0.0048272284626
24081,0.0036271856314
24082,0.0036933741654
24083,0.0054462688303
24084,0.0050696426019
24085,0.0048588169544
24086,0.007932319321
24087,0.0084497638685
24088,0.0082824885789
24089,0.0085496874911
24090,0.0086556953149
24091,0.0084070018905
24092,0.0084131836087
24093,0.0092063871838
24094,0.0092297286481
24095,0.010428515947
24096,0.0096210843567
24097,0.010433361776
24098,0.0089142112432
24099,0.0081528885508
24100,0.007244166671
24101,0.0079988243691
24102,0.0081726746714
24103,0.0084655255778
24104,0.0080400453596
24105,0.00804293539
24106,0.0082532575541
24107,0.0082379480931
24108,0.013104957966
24109,0.0097918228748
24110,0.013283949957
24111,0.011179676655
24112,0.011911380102
24113,0.011557268927
24114,0.010726826827
24115,0.0099795118055
24116,0.0095424991489
24117,0.0088075808615
24118,0.0083832142895
24119,0.0075514848872
24120,0.0065913007709
24121,0.006943774513
24122,0.007117314698
24123,0.0072370997108
24124,0.0073774817537
24125,0.0078279664558
24126,0.0073776900907
24127,0.0077069027552
24128,0.11770004253
24129,0.12435682801
24130,0.13274380448
24131,0.12563392907
24132,0.1202297876
24133,0.12955908472
24134,0.12575874615
24135,0.12197646027
24136,0.13210877952
24137,0.13472619364
24138,0.12802068589
24139,0.13366281975
24140,0.13416861918
24141,0.13158475814
24142,0.13087906066
24143,0.11097544731
24144,0.10845669196
24145,0.11504204517
24146,0.10368714668
24147,0.090044465876
24148,0.078487902279
24149,0.078132407948
24150,0.090241127908
24151,0.083733724789
24152,0.085333199697
24153,0.084614353542
24154,0.089488048224
24155,0.098438556008
24156,0.10308988194
24157,0.094214707604
24158,0.04657634838
24159,0.045778485535
24160,0.045033133033
24161,0.046156300027
24162,0.046175156387
24163,0.045567556276
24164,0.044694468298
24165,0.045147967022
24166,0.044858891621
24167,0.042000307777
24168,0.044809404439
24169,0.022016077165
24170,0.040675353937
24171,0.032391759072
24172,0.015588219109
24173,0.016420700649
24174,0.018578374442
24175,0.019959208564
24176,0.067921192084
24177,0.057004540271
24178,0.052111375745
24179,0.048500054431
24180,0.045941214336
24181,0.044924411876
24182,0.043283766973
24183,0.044457302291
24184,0.046182796792
24185,0.045653796032
24186,0.045986380546
24187,0.045984461714
24188,0.045215279166
24189,0.045785932028
24190,0.045633435244
24191,0.047232246185
24192,0.29493795856
24193,0.28204306558
24194,0.26892642693
24195,0.21409438565
24196,0.19911430128
24197,0.25019646975
24198,0.2345819794
24199,0.28452746789
24200,0.28241638532
24201,0.27071656606
24202,0.18267429463
24203,0.17362286743
24204,0.16616159709
24205,0.15918393576
24206,0.14434248792
24207,0.14513214496
24208,0.16808869637
24209,0.16330658812
24210,0.15828951328
24211,0.12957316046
24212,0.14440197376
24213,0.12280017012
24214,0.13116986417
24215,0.13179937856
24216,0.13305385009
24217,0.14474092311
24218,0.16459464537
24219,0.16412892847
24220,0.16995404798
24221,0.15983387503
24222,0.16343332863
24223,0.15969432728
24224,0.1536390525
24225,0.14846228656
24226,0.13290124748
24227,0.14820140895
24228,0.14408800801
24229,0.12817257007
24230,0.12432255209
24231,0.11986080654
24232,0.11989329984
24233,1.6164271094
24234,1.5794904493
24235,1.5753781058
24236,1.5777506033
24237,1.5749207765
24238,1.5607267212
24239,1.5339166462
24240,1.4908221001
24241,1.4424217169
24242,1.3950249729
24243,1.1773764422
24244,1.2495006761
24245,1.3529630903
24246,1.139709674
24247,1.1008952502
24248,1.0026050035
24249,0.98058861025
24250,0.92231289503
24251,0.96917224225
24252,0.8864059196
24253,1.0661160382
24254,0.9032072596
24255,0.93550818507
24256,0.9275092125
24257,0.83517494646
24258,0.91236240731
24259,0.8190638606
24260,0.79657734077
24261,0.79652030701
24262,0.59103159706
24263,0.78911726453
24264,0.78420305671
24265,0.77773029673
24266,0.73220116549
24267,0.70418301196
24268,0.69223555448
24269,0.67909171871
24270,0.66584492945
24271,0.65200389091
24272,0.63768771641
24273,0.62507568741
24274,0.55191515449
24275,0.55275179522
24276,0.54644423597
24277,0.53570306582
24278,0.53516077095
24279,0.53884012721
24280,0.5338099129
24281,0.5449994045
24282,0.54521300573
24283,0.52747078964
24284,0.55228947783
24285,0.56408034644
24286,0.5776557822
24287,0.55056481601
24288,0.59656992321
24289,0.69484270481
24290,0.76763968005
24291,0.51594747437
24292,0.79208692724
24293,0.82667478489
24294,0.84221001119
24295,0.84607527985
24296,0.82780003773
24297,0.75442153248
24298,1.0204060633
24299,1.2309347083
24300,1.1470044721
24301,1.3351717589
24302,1.7199452746
24303,1.6134861283
24304,1.6785339073
24305,0.57942859234
24306,0.56680002779
24307,0.55675553348
24308,0.54865338844
24309,0.47775696083
24310,0.53866869053
24311,0.52475280169
24312,0.51008882027
24313,0.46966876917
24314,0.43909872809
24315,0.46535229859
24316,0.4444947526
24317,0.42412373275
24318,0.38995909686
24319,0.41450853735
24320,0.38500086438
24321,0.36501126326
24322,0.38668198806
24323,0.35240651341
24324,0.34019448131
24325,0.3359962
24326,0.31926325484
24327,0.84473650054
24328,0.82900880902
24329,0.81865037799
24330,0.7972999309
24331,0.76809038651
24332,0.72807680895
24333,0.72468330338
24334,0.69829065043
24335,0.67522183659
24336,0.68236601226
24337,0.68891283099
24338,0.66440342556
24339,0.64929002256
24340,0.86594465967
24341,0.86159291386
24342,0.86097802213
24343,0.86015496162
24344,0.84655081396
24345,0.85807623979
24346,0.63901902231
24347,0.62849679192
24348,0.61673024681
24349,0.60454211017
24350,0.59758099324
24351,0.59094618426
24352,0.59024613978
24353,0.58637197662
24354,0.58093903101
24355,0.58408011782
24356,0.58218878079
24357,0.57266998928
24358,0.57595842442
24359,0.56652458677
24360,0.5831573676
24361,0.58371948647
24362,0.5739886054
24363,0.9297846733
24364,0.93149240526
24365,0.93386955243
24366,0.92942016514
24367,0.92003527986
24368,0.93461647467
24369,0.96076192978
24370,0.98177314036
24371,0.91111593738
24372,0.86921561585
24373,0.85551786533
24374,0.84402432023
24375,0.84453205852
24376,0.84937035833
24377,0.87972104393
24378,0.063401686688
24379,0.087567311359
24380,0.18399906441
24381,0.084088581542
24382,0.08090219026
24383,0.075793144919
24384,0.07326058143
24385,0.077984427535
24386,0.078411180581
24387,0.080293262364
24388,0.079982813516
24389,0.07716383152
24390,0.08025420231
24391,0.086050720018
24392,0.046514797069
24393,0.048146619999
24394,0.040633124683
24395,0.034884923351
24396,0.029706023481
24397,0.030583230696
24398,0.017555189095
24399,0.024973828247
24400,0
24401,0.022013592791
24402,0
24403,0.01132215391
24404,0.0072942044663
24405,0.011547019797
24406,0.011484640264
24407,0.012124482126
24408,0.01168720299
24409,0.012901062533
24410,0.016465635811
24411,0.012844948967
24412,0.016973767618
24413,0.020740711882
24414,0.020840532755
24415,0.019405051742
24416,0.019317825353
24417,0.01916924188
24418,0.018233662708
24419,0.018714905404
24420,0.01909539802
24421,0.02077474384
24422,0.022028225059
24423,0.02328588515
24424,0.02194218747
24425,0.027148291064
24426,0.025383540889
24427,0.02544887728
24428,0.024912078946
24429,0.022552593426
24430,0.019763273325
24431,0.019973925422
24432,0.019617618771
24433,0.020452116409
24434,0
24435,0.009593495672
24436,0.0092579519139
24437,0.010740701787
24438,0.010193127968
24439,0.011867899665
24440,0.012981575782
24441,0.014193912684
24442,0.020420914204
24443,0.020723293426
24444,0
24445,0.00025229296367
24446,0.00048367110047
24447,0.00072664440367
24448,0.00084703583379
24449,0.0010978639409
24450,0.0015880994565
24451,0.0013250278162
24452,0.0018822686107
24453,0.0022118350767
24454,0.0024628406776
24455,0.0027130526889
24456,0.0031695580258
24457,0.0031069789496
24458,0.0033901981649
24459,0.0033111642799
24460,0.0029035478507
24461,0.0030420243568
24462,0.0037589429131
24463,0.0037195808575
24464,0.0037714974939
24465,0.0055836044287
24466,0.0056613901156
24467,0.0058805660346
24468,0.0058702184608
24469,0.0066157885399
24470,0.0061947572563
24471,0.0057811979639
24472,0.0063675535839
24473,0.0056865451123
24474,0.0055841742488
24475,0.0053868887049
24476,0.0053389963795
24477,0.005374125706
24478,0.0045563553722
24479,0.0042155035828
24480,0.0043886599648
24481,0.0039857215767
24482,0.0046185940503
24483,0.0038998472943
24484,0.0039672115005
24485,0.005339194951
24486,0.0052563346337
24487,0.0049717791254
24488,0.0088784790501
24489,0.00946017866
24490,0.010239025801
24491,0.010145118994
24492,0.0098556370688
24493,0.0093103846928
24494,0.0092979660288
24495,0.01059201059
24496,0.010510659961
24497,0.012427371219
24498,0.011186318992
24499,0.010165200069
24500,0.01092526012
24501,0.0096216873854
24502,0.0089049702987
24503,0.0075735304124
24504,0.008929875487
24505,0.0088448202257
24506,0.0091926195869
24507,0.0091181603012
24508,0.0094997457043
24509,0.009112152759
24510,0.0092597388907
24511,0.0093027258568
24512,0.016880113014
24513,0.01214438781
24514,0.016553255212
24515,0.01491644397
24516,0.012447849527
24517,0.011635655728
24518,0.01187190918
24519,0.011463491393
24520,0.010945952662
24521,0.010500344096
24522,0.0097570600633
24523,0.0097652795966
24524,0.0087859952795
24525,0.007515741902
24526,0.0080278744044
24527,0.0081104146428
24528,0.0081938740111
24529,0.0090032867015
24530,0.0084521045795
24531,0.12860960538
24532,0.13820925688
24533,0.15089466493
24534,0.1403392133
24535,0.13148950883
24536,0.1417708853
24537,0.13919244688
24538,0.13702937185
24539,0.14994077256
24540,0.14914058446
24541,0.15192942863
24542,0.1533822798
24543,0.15561530365
24544,0.14730858658
24545,0.15317000414
24546,0.14136978421
24547,0.12323910626
24548,0.132769777
24549,0.12350396382
24550,0.11195569669
24551,0.099688473667
24552,0.085591685995
24553,0.11132946622
24554,0.10623143346
24555,0.095172757701
24556,0.097251329684
24557,0.093520026363
24558,0.099280431872
24559,0.1088084034
24560,0.10679596259
24561,0.097552501297
24562,0.048809458882
24563,0.04859663211
24564,0.047640847616
24565,0.046882484932
24566,0.0475613386
24567,0.047311236594
24568,0.048057776784
24569,0.046726893915
24570,0.046435561373
24571,0.046555236971
24572,0.045198564741
24573,0.044898279982
24574,0.044913903274
24575,0.042121157898
24576,0.022369222448
24577,0.042389324867
24578,0.042484261887
24579,0.03118378582
24580,0.020222794734
24581,0.022154233637
24582,0.022340623268
24583,0.022350769289
24584,0.078423283257
24585,0.068381131007
24586,0.060504330072
24587,0.057258599763
24588,0.051540389178
24589,0.047514657744
24590,0.046888664774
24591,0.045716304985
24592,0.046762611088
24593,0.048001054856
24594,0.046898586024
24595,0.047690056852
24596,0.047035999355
24597,0.047711989205
24598,0.046722639715
24599,0.047199354109
24600,0.046635947422
24601,0.0478761026
24602,0.30951669836
24603,0.29038438467
24604,0.21827372429
24605,0.20184622116
24606,0.25706416452
24607,0.24109750155
24608,0.31134948511
24609,0.30400118809
24610,0.29588831122
24611,0.27979488118
24612,0.18750673626
24613,0.17989596899
24614,0.17090069337
24615,0.15976761857
24616,0.18331229301
24617,0.18068920988
24618,0.1769341541
24619,0.1767662281
24620,0.14447675541
24621,0.13733572497
24622,0.15788365564
24623,0.14627349322
24624,0.14721438573
24625,0.14695429645
24626,0.1644822476
24627,0.18894435312
24628,0.19060976343
24629,0.18366584106
24630,0.19528163238
24631,0.18353363248
24632,0.1774315129
24633,0.17206372057
24634,0.16398015099
24635,0.15891873138
24636,0.15620272931
24637,0.14025286991
24638,0.1531245566
24639,0.15116032916
24640,0.13615643085
24641,0.13100267655
24642,1.7433692069
24643,1.7034102429
24644,1.69086927
24645,1.6956236483
24646,1.6941561053
24647,1.6879669498
24648,1.6688999667
24649,1.6340407471
24650,1.5865300531
24651,1.5333026899
24652,1.4831923587
24653,1.2207197244
24654,1.3157007657
24655,1.4368723802
24656,1.1805208194
24657,1.1388471636
24658,1.0345551906
24659,1.0207108293
24660,0.9253026286
24661,0.96273241886
24662,1.0093208741
24663,1.099753082
24664,0.95085515884
24665,0.97911756795
24666,0.98620603513
24667,0.99462613608
24668,0.6124389628
24669,0.75687497559
24670,0.72694977858
24671,0.71514048213
24672,0.70116793496
24673,0.68661256776
24674,0.67357548533
24675,0.66097240454
24676,0.64835066384
24677,0.56346592093
24678,0.55178946258
24679,0.54072691998
24680,0.53979923681
24681,0.5328560796
24682,0.52281022639
24683,0.55322637917
24684,0.58406402314
24685,0.78070093908
24686,0.70088318014
24687,0.82437149022
24688,0.84680335433
24689,0.85279245919
24690,0.81477740102
24691,0.6233327424
24692,1.774676603
24693,1.8195904585
24694,0.59934225576
24695,0.58824706604
24696,0.57874082177
24697,0.5691074015
24698,0.49988814085
24699,0.55631376729
24700,0.54149339525
24701,0.5277155558
24702,0.49514930592
24703,0.46574947794
24704,0.48408029004
24705,0.47242455564
24706,0.45193963402
24707,0.43809126199
24708,0.41374981124
24709,0.44827356209
24710,0.35609419902
24711,0.34970499652
24712,0.34531221775
24713,0.34023463389
24714,0.87789879416
24715,0.86088890764
24716,0.84692287037
24717,0.85497929998
24718,0.83370744914
24719,0.81115329513
24720,0.78743637502
24721,0.7557274732
24722,0.75380652475
24723,0.73072999299
24724,0.70822203955
24725,0.71685176549
24726,0.72379966914
24727,0.69517621811
24728,0.67765071973
24729,0.66727891008
24730,0.90565225536
24731,0.91060898442
24732,0.91863469421
24733,0.90490514318
24734,0.87833397822
24735,0.90042255999
24736,0.65771404303
24737,0.64529172746
24738,0.63177033807
24739,0.61946080021
24740,0.60651916479
24741,0.59243538407
24742,0.59299671625
24743,0.60419866612
24744,0.59063454884
24745,0.58208307573
24746,0.57671592084
24747,0.57399522366
24748,0.60785658242
24749,0.55779976334
24750,0.55393825561
24751,0.63718073321
24752,0.59732881558
24753,0.58155368247
24754,0.98335355039
24755,0.91559623551
24756,0.90486642426
24757,0.89931979362
24758,0.89678402504
24759,0.93400522611
24760,0.084703019901
24761,0.058322319748
24762,0.098919746432
24763,0.1404448645
24764,0.092920051122
24765,0.090622510657
24766,0.077162850283
24767,0.078132355946
24768,0.073289368696
24769,0.071681192825
24770,0.07918727914
24771,0.08273117776
24772,0.085703040703
24773,0.079948270105
24774,0.084542889554
24775,0.077106241646
24776,0.07287567654
24777,0.06106399178
24778,0.050971157658
24779,0.042618609167
24780,0.042672790543
24781,0.036222671878
24782,0.031854368595
24783,0.022821496691
24784,0.021005833539
24785,0.02168713813
24786,0.023470537606
24787,0.023660516566
24788,0
24789,0.0084168835166
24790,0.011168567306
24791,0.01117814797
24792,0.01172095907
24793,0.011977653888
24794,0.016472020178
24795,0.021190888298
24796,0.02127686949
24797,0.025010026449
24798,0.020768324124
24799,0.021037131435
24800,0.01054227319
24801,0
24802,0.00026194622919
24803,0.00053957950456
24804,0.00061311163113
24805,0.00081765416535
24806,0.0010344110801
24807,0.0015716064839
24808,0.0012459304157
24809,0.0021221931913
24810,0.0018244952373
24811,0.002355128227
24812,0.0025565177436
24813,0.0028109535303
24814,0.0027180800207
24815,0.0032433765839
24816,0.0031790882757
24817,0.0035847244309
24818,0.0036629539459
24819,0.0029836701136
24820,0.0029040654263
24821,0.0030725583368
24822,0.0040639705081
24823,0.0041266027302
24824,0.0039157728509
24825,0.0057011649358
24826,0.0058460459265
24827,0.0057228100257
24828,0.0058090254426
24829,0.0054109071744
24830,0.0070666837906
24831,0.0060272500249
24832,0.0063095590508
24833,0.0057773266501
24834,0.0055353446495
24835,0.0054893076941
24836,0.0055316178932
24837,0.0054617616743
24838,0.0053418113729
24839,0.0054446643624
24840,0.0044193352074
24841,0.0044948408589
24842,0.0043045705956
24843,0.0041654403007
24844,0.004069845906
24845,0.0049541844215
24846,0.0047814989516
24847,0.0041179966538
24848,0.0041944601062
24849,0.0042335687965
24850,0.0053224077851
24851,0.005191766784
24852,0.010110160681
24853,0.010913382969
24854,0.011552726358
24855,0.011473128698
24856,0.011226150331
24857,0.010996230008
24858,0.01081466963
24859,0.011671935394
24860,0.012936846661
24861,0.015690539332
24862,0.013575199504
24863,0.011878676778
24864,0.010871417529
24865,0.011533078085
24866,0.010490850759
24867,0.0098718232213
24868,0.0081694016078
24869,0.0096613567879
24870,0.010330360529
24871,0.0098481322576
24872,0.0099193698177
24873,0.010213375158
24874,0.0097267164745
24875,0.01055850856
24876,0.0099384018278
24877,0.010314212593
24878,0.01083480283
24879,0.019703592308
24880,0.014949716113
24881,0.017274419504
24882,0.01483072287
24883,0.012857259039
24884,0.011649525516
24885,0.011529715804
24886,0.011117321255
24887,0.010677340486
24888,0.010491326605
24889,0.010999386653
24890,0.011581558987
24891,0.010846768585
24892,0.010240217387
24893,0.0085693968965
24894,0.0094220003366
24895,0.0091972771121
24896,0.0093906900831
24897,0.0091038137999
24898,0.010667485055
24899,0.14035971014
24900,0.15156941765
24901,0.16496750059
24902,0.16614383058
24903,0.15466862103
24904,0.15413384927
24905,0.15428022431
24906,0.16793176188
24907,0.16715461119
24908,0.1637657129
24909,0.17345686588
24910,0.17152741682
24911,0.17470702424
24912,0.18126366425
24913,0.16684718052
24914,0.17316439418
24915,0.16004886203
24916,0.15474890989
24917,0.14649500168
24918,0.14053961501
24919,0.12346990866
24920,0.092336191614
24921,0.13333938476
24922,0.12104109565
24923,0.12164404371
24924,0.10734983675
24925,0.11000690346
24926,0.10281078844
24927,0.10173062697
24928,0.10940397849
24929,0.11372001739
24930,0.10655871779
24931,0.099524700124
24932,0.048661463873
24933,0.049454700001
24934,0.049716949448
24935,0.049732979011
24936,0.047963589211
24937,0.0490079303
24938,0.049014493218
24939,0.049432900439
24940,0.048444341762
24941,0.047193419344
24942,0.047202675995
24943,0.045788133641
24944,0.045462961051
24945,0.044847314736
24946,0.041413660587
24947,0.041452649004
24948,0.04196447583
24949,0.040345751147
24950,0.035097686218
24951,0.022091756517
24952,0.025553032012
24953,0.023238672388
24954,0.022942781053
24955,0.079655824424
24956,0.068341326419
24957,0.063488423859
24958,0.062266055505
24959,0.05498362739
24960,0.051189500073
24961,0.048072465175
24962,0.049134039303
24963,0.047977762284
24964,0.048539765233
24965,0.049456567196
24966,0.048593848421
24967,0.049079459304
24968,0.048838513386
24969,0.04920127766
24970,0.049269554744
24971,0.048257811559
24972,0.048861434426
24973,0.047821038226
24974,0.33588928468
24975,0.22267537945
24976,0.19939735102
24977,0.26637796848
24978,0.24648490378
24979,0.33229998629
24980,0.33051413893
24981,0.32755809776
24982,0.2989733974
24983,0.31945799695
24984,0.29087760939
24985,0.17441795358
24986,0.20111281036
24987,0.19329934936
24988,0.19477503634
24989,0.19375253587
24990,0.15398115974
24991,0.17082477543
24992,0.16475781261
24993,0.16570888858
24994,0.18491221441
24995,0.2089814145
24996,0.21626239401
24997,0.21484228941
24998,0.21338507646
24999,0.20249680711
25000,0.21643942124
25001,0.2101410035
25002,0.20715972853
25003,0.19950424517
25004,0.1884373929
25005,0.18271788787
25006,0.16894685512
25007,0.16602600038
25008,0.16223505252
25009,0.1481451624
25010,0.16154272815
25011,0.1607480181
25012,0.14342360772
25013,1.8493702062
25014,1.8104514459
25015,1.8004166695
25016,1.8228111159
25017,1.8266753557
25018,1.8321558931
25019,1.8322434115
25020,1.7903329601
25021,1.7512409154
25022,1.6859978192
25023,1.6230252753
25024,1.5682170239
25025,1.2721787775
25026,1.3908000313
25027,1.5274230775
25028,1.2260121656
25029,1.1786951667
25030,1.0707633026
25031,1.0578535791
25032,0.9963801865
25033,1.0507043407
25034,1.1346743124
25035,1.0281361644
25036,1.0533756523
25037,0.63544245703
25038,0.75289989725
25039,0.73421594721
25040,0.71876479451
25041,0.70689845858
25042,0.69601443968
25043,0.68363125528
25044,0.67220871575
25045,0.56839623228
25046,0.55190203442
25047,0.54112170215
25048,0.53443005365
25049,0.82006388196
25050,0.84368650744
25051,0.85081273364
25052,0.79660476983
25053,0.65832997396
25054,0.62362439272
25055,0.61244307751
25056,0.60284092277
25057,0.58950189167
25058,0.51756385428
25059,0.57429737666
25060,0.55814042344
25061,0.54222686241
25062,0.52412251909
25063,0.5064685704
25064,0.49059238452
25065,0.49986127602
25066,0.48462461214
25067,0.4696208723
25068,0.92957924997
25069,0.90054351711
25070,0.85981674816
25071,0.8600054534
25072,0.90226557927
25073,0.87036537029
25074,0.84260406624
25075,0.82578271746
25076,0.77541113358
25077,0.80259221051
25078,0.78087281501
25079,0.76181518634
25080,0.74464198801
25081,0.75379473343
25082,0.75827064978
25083,0.74378998996
25084,0.72030639347
25085,0.70115691931
25086,0.69116024827
25087,0.68222278259
25088,0.9524465969
25089,0.97625949931
25090,0.99091425051
25091,0.97177721747
25092,0.93946421911
25093,0.95113564456
25094,0.67721638057
25095,0.66871023649
25096,0.65568676496
25097,0.64380716619
25098,0.62960877335
25099,0.61229595001
25100,0.59185919419
25101,0.59000223426
25102,0.62078606134
25103,0.61330924704
25104,0.58222517335
25105,0.5639426906
25106,0.5663965596
25107,0.65054866317
25108,0.62309770081
25109,0.71708398971
25110,0.59655193173
25111,0.58081159925
25112,0.9690447514
25113,0.94946171839
25114,0.96187222687
25115,1.0120336509
25116,0.079616897751
25117,0.07159076941
25118,0.05869234847
25119,0.11355058895
25120,0.13541897163
25121,0.10909219963
25122,0.107512302
25123,0.077352327425
25124,0.080754479243
25125,0.074072683991
25126,0.073229434007
25127,0.077564747961
25128,0.091743089111
25129,0.085559644476
25130,0.091314456577
25131,0.088793311932
25132,0.075063559615
25133,0.073169260054
25134,0.064485813297
25135,0.050152181691
25136,0.043506078754
25137,0.036419992092
25138,0.030885527755
25139,0.011641736406
25140,0.020799366149
25141,0.029103349688
25142,0.025958913333
25143,0.031283998836
25144,0
25145,0.018475398599
25146,0
25147,0.00031466478295
25148,0.00053881784682
25149,0.00074806693016
25150,0.0009691581791
25151,0.0015714127255
25152,0.0010532531445
25153,0.0013049095874
25154,0.0024071776572
25155,0.0019554656519
25156,0.0022457188585
25157,0.0026299492649
25158,0.0028260028998
25159,0.0027717391969
25160,0.0034236052686
25161,0.0032796165027
25162,0.004024975476
25163,0.0037880934563
25164,0.0029777194819
25165,0.002903655854
25166,0.0031938150898
25167,0.0044056780705
25168,0.004221771015
25169,0.0043341191383
25170,0.0058679484942
25171,0.005859902523
25172,0.0058428485623
25173,0.0055963758305
25174,0.0057537970756
25175,0.0053719700764
25176,0.007369642387
25177,0.0066053202118
25178,0.0058297065249
25179,0.0059938202602
25180,0.0059085165211
25181,0.0055098129695
25182,0.0055234829596
25183,0.005473188213
25184,0.0055167177972
25185,0.0054315269948
25186,0.0055083177329
25187,0.0054638468756
25188,0.0055376945167
25189,0.0043433952121
25190,0.0044195861204
25191,0.0047016884764
25192,0.0042281068002
25193,0.0041502465613
25194,0.0051550168524
25195,0.0050499020786
25196,0.0049649269023
25197,0.0041656251099
25198,0.0043240466088
25199,0.0044601174644
25200,0.0053208664141
25201,0.011379540835
25202,0.012354879341
25203,0.012426865213
25204,0.011955136688
25205,0.011697331874
25206,0.012140080336
25207,0.012637484715
25208,0.014827738905
25209,0.017204387627
25210,0.015184544204
25211,0.017005698755
25212,0.012960628375
25213,0.011449505
25214,0.012349028128
25215,0.011692518718
25216,0.011212136454
25217,0.0089431143014
25218,0.0081163632244
25219,0.0099275279256
25220,0.010637227041
25221,0.010890374167
25222,0.011358218198
25223,0.0109947523
25224,0.010760932326
25225,0.011292501375
25226,0.011521697532
25227,0.010935749344
25228,0.011442383923
25229,0.011710952115
25230,0.02099072118
25231,0.019225397784
25232,0.016655649589
25233,0.018125898484
25234,0.015934181524
25235,0.014309238739
25236,0.012898194144
25237,0.011311342273
25238,0.01206724572
25239,0.012124930816
25240,0.012360334785
25241,0.01332398455
25242,0.013292584511
25243,0.011727732998
25244,0.0098873870832
25245,0.011031492643
25246,0.010159488488
25247,0.010424873351
25248,0.012155896929
25249,0.15024109041
25250,0.1626828946
25251,0.17849772115
25252,0.17945577607
25253,0.17810079606
25254,0.16775395691
25255,0.16963341268
25256,0.17480875583
25257,0.18107728253
25258,0.18064133364
25259,0.1796083242
25260,0.19165807615
25261,0.18810653474
25262,0.19050789934
25263,0.19552280955
25264,0.20188616549
25265,0.18732609577
25266,0.19053396387
25267,0.17866069403
25268,0.17242051218
25269,0.16654210012
25270,0.16655988496
25271,0.15379842284
25272,0.093077779875
25273,0.15482612825
25274,0.1410019076
25275,0.13929601691
25276,0.12378603552
25277,0.12300368164
25278,0.11205773541
25279,0.11217372107
25280,0.11589049514
25281,0.11632069635
25282,0.11031339412
25283,0.095224520436
25284,0.048943008943
25285,0.050005175908
25286,0.05111269776
25287,0.050658595289
25288,0.04984161875
25289,0.050107108201
25290,0.050158949209
25291,0.049518410128
25292,0.050095089029
25293,0.047561257777
25294,0.048371043072
25295,0.047537128668
25296,0.045497229578
25297,0.045944358307
25298,0.044493698667
25299,0.042646334548
25300,0.041849702642
25301,0.039414099657
25302,0.039202605014
25303,0.038701035065
25304,0.036931474595
25305,0.036305090369
25306,0.022292903916
25307,0.026072713239
25308,0.022434266664
25309,0.021974102643
25310,0.084580766113
25311,0.074826406787
25312,0.070112118121
25313,0.06808541834
25314,0.059013020027
25315,0.052381716932
25316,0.050113146396
25317,0.04935953891
25318,0.04961088732
25319,0.048978549411
25320,0.050809158123
25321,0.05167618331
25322,0.050051015249
25323,0.051228148436
25324,0.05064678111
25325,0.051093865473
25326,0.050616569664
25327,0.050289851434
25328,0.050834378724
25329,0.05006716988
25330,0.049903302981
25331,0.22142498613
25332,0.2443509323
25333,0.26562017657
25334,0.29027335209
25335,0.3138016122
25336,0.31063511581
25337,0.18948124056
25338,0.21324800187
25339,0.23467769173
25340,0.21680327868
25341,0.20994377467
25342,0.18583841469
25343,0.18453141642
25344,0.20499163005
25345,0.23151385613
25346,0.23271346392
25347,0.24437149076
25348,0.2376029758
25349,0.22225625928
25350,0.17797099203
25351,0.17565421081
25352,0.17243299784
25353,0.15463131223
25354,0.17178105998
25355,0.1747295617
25356,0.16541349528
25357,1.3419700427
25358,1.4853733119
25359,1.28443953
25360,1.2284154724
25361,1.1010587485
25362,1.1126119618
25363,1.1357647226
25364,1.1758277438
25365,0.65940462159
25366,0.57002106005
25367,0.54753549872
25368,0.86878573314
25369,0.64751112871
25370,0.64205854778
25371,0.62987639522
25372,0.60820076915
25373,0.59150807277
25374,0.57068718144
25375,0.55255393898
25376,0.53160636385
25377,0.51373805677
25378,0.92710300551
25379,0.8685606306
25380,0.85415761314
25381,0.82753864852
25382,0.81377706482
25383,0.78818585553
25384,0.78455859729
25385,0.78233956005
25386,0.79732113246
25387,0.76388668994
25388,0.73898559021
25389,0.72684898974
25390,0.71139344901
25391,0.7073227396
25392,0.69706287263
25393,1.0369571296
25394,1.0441548191
25395,1.0257516813
25396,0.99623208306
25397,0.69063543693
25398,0.67359391742
25399,0.66369546084
25400,0.67452274682
25401,0.63956746066
25402,0.61587403359
25403,0.59702743343
25404,0.58380510352
25405,0.60033340018
25406,0.62208938739
25407,0.59131502078
25408,0.5687156351
25409,0.64661193142
25410,0.60781154341
25411,0.63236655676
25412,0.65751191986
25413,0.58025575068
25414,0.071908984281
25415,0.0796904717
25416,0.070323395415
25417,0.068823150452
25418,0.094665412992
25419,0.10235461552
25420,0.11788041193
25421,0.11728771639
25422,0.078804607925
25423,0.082247914278
25424,0.074593126956
25425,0.074310269437
25426,0.077332741492
25427,0.082544368954
25428,0.11393219193
25429,0.0943552655
25430,0.098303149479
25431,0.096297044674
25432,0.085200176861
25433,0.086534578259
25434,0.074423804398
25435,0.063325052297
25436,0.051365313667
25437,0.043875259411
25438,0.040311000445
25439,0.018604766825
25440,0.019294600971
25441,0.021355026386
25442,0.037976013747
25443,0
25444,0.018925699906
25445,0.011606335364
25446,0.0141224321
25447,0
25448,0.00025473840221
25449,0.00046917669062
25450,0.0008404327366
25451,0.00065451012817
25452,0.0017103453274
25453,0.0015008982749
25454,0.00092417976981
25455,0.0013251191175
25456,0.0016670410097
25457,0.002528136198
25458,0.0024252668333
25459,0.0022055022704
25460,0.0019894536972
25461,0.0024033072531
25462,0.0027385230505
25463,0.0026596552243
25464,0.0028438365017
25465,0.0027997393984
25466,0.0036107668348
25467,0.0035174484867
25468,0.0043135939322
25469,0.0041909478452
25470,0.0039666957537
25471,0.0031179339895
25472,0.0030431946528
25473,0.0035350579852
25474,0.0044228722986
25475,0.0044206946446
25476,0.0044019398402
25477,0.005945859991
25478,0.0059021193818
25479,0.0058889304897
25480,0.0059037653094
25481,0.0057294111203
25482,0.0055273283059
25483,0.0069244247705
25484,0.0062149815828
25485,0.0059221085725
25486,0.00590769393
25487,0.005955819874
25488,0.0055889700116
25489,0.0056171447396
25490,0.0055307636975
25491,0.0056105053638
25492,0.005511638778
25493,0.0057352499142
25494,0.0056385061004
25495,0.0056628659331
25496,0.0044085044824
25497,0.0042680048292
25498,0.004671057493
25499,0.0049267829063
25500,0.0052770080383
25501,0.005158489737
25502,0.0051811997285
25503,0.0044309800796
25504,0.0043126784007
25505,0.0042842855713
25506,0.0043358406279
25507,0.0054312038372
25508,0.012839104678
25509,0.013202060589
25510,0.013019482217
25511,0.012518499176
25512,0.012796861537
25513,0.012576397873
25514,0.012959315687
25515,0.015406129788
25516,0.016968999206
25517,0.017889859334
25518,0.017679919212
25519,0.013243274236
25520,0.015116837871
25521,0.016701641769
25522,0.012869145414
25523,0.012863979154
25524,0.0097943752151
25525,0.0076217671534
25526,0.0073179803608
25527,0.011378564849
25528,0.011765882866
25529,0.011945682747
25530,0.012226004536
25531,0.011735058773
25532,0.011988777372
25533,0.011899791934
25534,0.012484016386
25535,0.012470197331
25536,0.012496511569
25537,0.012872287841
25538,0.019278446269
25539,0.021003412934
25540,0.017639422708
25541,0.017690278295
25542,0.015449053186
25543,0.016716042482
25544,0.014375110465
25545,0.013505813866
25546,0.014496114351
25547,0.013841676049
25548,0.014766337499
25549,0.015862342141
25550,0.015959476254
25551,0.013951280411
25552,0.015650577229
25553,0.011277178489
25554,0.01240549126
25555,0.011509538018
25556,0.013389880617
25557,0.1768321549
25558,0.18381388715
25559,0.18611502482
25560,0.1939521296
25561,0.18989048988
25562,0.19531773787
25563,0.20707575973
25564,0.20168481187
25565,0.20503762385
25566,0.20910336916
25567,0.21684555938
25568,0.22608329121
25569,0.20752183356
25570,0.2089752538
25571,0.19742851823
25572,0.19243014167
25573,0.189353698
25574,0.18471723425
25575,0.18251404419
25576,0.16805638702
25577,0.16253234453
25578,0.15976781312
25579,0.13845897282
25580,0.13423171008
25581,0.12212051401
25582,0.12375050259
25583,0.12425584393
25584,0.11640868883
25585,0.10985480858
25586,0.09833186589
25587,0.089555527046
25588,0.087082676
25589,0.051242591606
25590,0.052751586868
25591,0.054817661601
25592,0.05637110169
25593,0.050594672104
25594,0.050638093686
25595,0.04994219709
25596,0.049521794271
25597,0.048270233466
25598,0.047497180256
25599,0.046489818335
25600,0.044795947817
25601,0.04459106776
25602,0.043627746599
25603,0.042547634759
25604,0.039388683789
25605,0.036870475916
25606,0.03623207841
25607,0.036386516886
25608,0.034712950255
25609,0.034991530069
25610,0.021485374246
25611,0.025784045314
25612,0.023954098259
25613,0.080353613686
25614,0.07568695937
25615,0.070603325071
25616,0.061710797162
25617,0.055472886966
25618,0.051611888444
25619,0.049874233176
25620,0.049655526692
25621,0.050796155756
25622,0.051000176463
25623,0.052424782315
25624,0.052802281176
25625,0.05310013855
25626,0.052192168544
25627,0.051911772188
25628,0.051174467446
25629,0.053019380774
25630,0.051131274401
25631,0.052557597456
25632,0.051476590455
25633,0.050639373634
25634,0.050984625988
25635,0.25287377218
25636,0.27790668718
25637,0.28936887192
25638,0.31091540582
25639,0.30958106363
25640,0.2040795788
25641,0.23937408603
25642,0.26220550769
25643,0.26317176037
25644,0.24735111564
25645,0.23097538708
25646,0.22264848188
25647,0.20288420376
25648,0.22562049208
25649,0.24503502118
25650,0.25798626133
25651,0.25144113148
25652,0.24899248365
25653,1.4361675044
25654,1.3497824864
25655,1.2949180261
25656,1.2176139253
25657,0.56197835986
25658,0.81420909887
25659,0.8113042083
25660,0.76836068697
25661,0.72995721167
25662,0.70225628964
25663,0.73408510002
25664,0.68633962678
25665,0.64738936125
25666,0.67602778337
25667,0.7444113928
25668,0.63026399106
25669,0.5987842523
25670,0.58340408956
25671,0.61616026458
25672,0.56746106438
25673,0.57776707
25674,0.60605219523
25675,0.6224291567
25676,0.059439419967
25677,0.065316676499
25678,0.086579690788
25679,0.055364642162
25680,0.069294184007
25681,0.092632912306
25682,0.099512727753
25683,0.081964726968
25684,0.077008888405
25685,0.079503588288
25686,0.083175624618
25687,0.085694709371
25688,0.09191756496
25689,0.097101731941
25690,0.11070757645
25691,0.10124045739
25692,0.10916381997
25693,0.09906782914
25694,0.090991198625
25695,0.080324415761
25696,0.065583624938
25697,0.066719703964
25698,0.053174686296
25699,0.048484000976
25700,0.044446930275
25701,0.013334662087
25702,0.019677259001
25703,0.024112559808
25704,0.03381378274
25705,0.036391608607
25706,0
25707,0.0063373948124
25708,0.010983798137
25709,0.011259236498
25710,0.013058697012
25711,0.015216010089
25712,0
25713,0.00022708134063
25714,0.00041849015667
25715,0.00065058320582
25716,0.0023478309778
25717,0.00206256493
25718,0.001520165031
25719,0.0013068544796
25720,0.0025705200654
25721,0.0027052754359
25722,0.0025612946129
25723,0.0024994782461
25724,0.0025893533758
25725,0.0025385005992
25726,0.0027514611586
25727,0.0028150479669
25728,0.0029706383704
25729,0.0029179775261
25730,0.004027685854
25731,0.0041587753034
25732,0.0044239436393
25733,0.004357414929
25734,0.0043760044879
25735,0.0045928253483
25736,0.0044661668491
25737,0.0037882541886
25738,0.003334553096
25739,0.0043338109921
25740,0.0044360369759
25741,0.004401751114
25742,0.0059718827494
25743,0.0059593837749
25744,0.0059323530248
25745,0.0059582662656
25746,0.0059529748835
25747,0.00579251529
25748,0.0058702443933
25749,0.0057998489707
25750,0.00649621406
25751,0.0060257479916
25752,0.0059409696299
25753,0.0059011970948
25754,0.0059629920428
25755,0.0056874652222
25756,0.0057663467403
25757,0.0056239960079
25758,0.0057187910494
25759,0.0056384937236
25760,0.0055722008504
25761,0.0058481489308
25762,0.0059693648995
25763,0.0058407811382
25764,0.0046246421116
25765,0.0049194161412
25766,0.0051485816969
25767,0.0054699612969
25768,0.005335442047
25769,0.0053810735298
25770,0.0053486977006
25771,0.0047228581238
25772,0.0046504766143
25773,0.0041835504062
25774,0.0045290519561
25775,0.0042230682864
25776,0.004321381124
25777,0.01370283572
25778,0.013839305464
25779,0.013863157628
25780,0.013893914259
25781,0.013037693003
25782,0.01480846391
25783,0.016340178711
25784,0.015155793381
25785,0.016208314796
25786,0.017516456149
25787,0.018128505974
25788,0.017968301589
25789,0.013773173456
25790,0.013680669093
25791,0.014136594567
25792,0.013082933689
25793,0.011031393533
25794,0.0079811121246
25795,0.0070857241004
25796,0.0068061254704
25797,0.012001375503
25798,0.012418222648
25799,0.012935379351
25800,0.013275738848
25801,0.012938977961
25802,0.01293482037
25803,0.012922697621
25804,0.013252110504
25805,0.01343344758
25806,0.013431473802
25807,0.013665812623
25808,0.019453202047
25809,0.020806381132
25810,0.020707794582
25811,0.018589531904
25812,0.017751478175
25813,0.016173157655
25814,0.015842139332
25815,0.015071141442
25816,0.016709149552
25817,0.017164717134
25818,0.018910932969
25819,0.018347302119
25820,0.01723736555
25821,0.014619376983
25822,0.015735602077
25823,0.012565808005
25824,0.013559370972
25825,0.01258844318
25826,0.014425913916
25827,0.20307206864
25828,0.20827766648
25829,0.21302986545
25830,0.21460802461
25831,0.21010749465
25832,0.20986469842
25833,0.21815200042
25834,0.22046809611
25835,0.23045701236
25836,0.24172547004
25837,0.25320933152
25838,0.23463440737
25839,0.24333373778
25840,0.22570091522
25841,0.21781410739
25842,0.21941622564
25843,0.21565566959
25844,0.21619816049
25845,0.20811218183
25846,0.19346283752
25847,0.18256811758
25848,0.19026469663
25849,0.17807831988
25850,0.15173060767
25851,0.14564850957
25852,0.1321835964
25853,0.131903454
25854,0.12801134904
25855,0.12062164079
25856,0.112734814
25857,0.10056064628
25858,0.088904649473
25859,0.080340421893
25860,0.080834829437
25861,0.052370350769
25862,0.055485278574
25863,0.058384876111
25864,0.059117182882
25865,0.055737618391
25866,0.053938120847
25867,0.051135553295
25868,0.051023294546
25869,0.049581003786
25870,0.048376983681
25871,0.046407902333
25872,0.044307227536
25873,0.043379411592
25874,0.042975245891
25875,0.040621082956
25876,0.036381910634
25877,0.035074721357
25878,0.035473827327
25879,0.034375964406
25880,0.033003622426
25881,0.033848197369
25882,0.031388916663
25883,0.026395160351
25884,0.02334674932
25885,0.071159511575
25886,0.064007037437
25887,0.058675869062
25888,0.05555810255
25889,0.05303267716
25890,0.052607081043
25891,0.050617696163
25892,0.051891488137
25893,0.052457910193
25894,0.055751889181
25895,0.055500062973
25896,0.054480811386
25897,0.054599736964
25898,0.053158706945
25899,0.054729812327
25900,0.053208612391
25901,0.0554227276
25902,0.055635169294
25903,0.053734576306
25904,0.055214845761
25905,0.054465251316
25906,0.053960882057
25907,0.052050848169
25908,0.052624789181
25909,0.27993774456
25910,0.30800844503
25911,0.30680968711
25912,0.21773146849
25913,0.26198111151
25914,0.28178858674
25915,0.28688245419
25916,0.28370676067
25917,0.26919149763
25918,0.25318733881
25919,0.27241262798
25920,0.24052680671
25921,0.23628293498
25922,0.24933753473
25923,0.26404235574
25924,0.73777811182
25925,0.80541762233
25926,0.75992515971
25927,0.72533620148
25928,0.70353461999
25929,0.68868086185
25930,0.64364754749
25931,0.7460495853
25932,0.58255459059
25933,0.56418469781
25934,0.61741371133
25935,0.051800308828
25936,0.06042496208
25937,0.077341439024
25938,0.087433177204
25939,0.047148714382
25940,0.07640678097
25941,0.09002469278
25942,0.097765014152
25943,0.090743197761
25944,0.082469578964
25945,0.08412116329
25946,0.085617832006
25947,0.088774079113
25948,0.097840684689
25949,0.10052708536
25950,0.10953043006
25951,0.10941096713
25952,0.091092501953
25953,0.079695696766
25954,0.11413744812
25955,0.10837991665
25956,0.10202254219
25957,0.065198502683
25958,0.067030670909
25959,0.097185879682
25960,0.055628624803
25961,0.050208427973
25962,0.047382348056
25963,0.04339582554
25964,0.016202836018
25965,0.021712544682
25966,0.037815656565
25967,0
25968,0.0077778284011
25969,0.013408036255
25970,0.011795597017
25971,0.019547593715
25972,0.018026002311
25973,0
25974,0.00019392459662
25975,0.0003821803045
25976,0.0011771396922
25977,0.00094100721494
25978,0.0029659859879
25979,0.0029620201376
25980,0.0031745102375
25981,0.0028118227887
25982,0.0034350909101
25983,0.0029821049149
25984,0.0036051672033
25985,0.0037804257607
25986,0.0037945735664
25987,0.0028791428126
25988,0.003268134732
25989,0.003293427341
25990,0.003398995621
25991,0.0032114284382
25992,0.0036771209882
25993,0.0035776414146
25994,0.0039290367211
25995,0.0045805041412
25996,0.0046868368205
25997,0.0046116986628
25998,0.0046209082388
25999,0.0048296964356
26000,0.0049386035459
26001,0.0049657230792
26002,0.0049773137658
26003,0.0044528885325
26004,0.0039606441962
26005,0.0043664664493
26006,0.0043591016597
26007,0.0047840107311
26008,0.0044976294334
26009,0.004608254062
26010,0.0059718131864
26011,0.0059751069821
26012,0.0060653431508
26013,0.0059612184661
26014,0.006111820583
26015,0.0062502354301
26016,0.0061957618737
26017,0.0060099135699
26018,0.0062374747366
26019,0.0061081120589
26020,0.0062549839104
26021,0.0059500612932
26022,0.0059389296863
26023,0.0060003139618
26024,0.0059576984349
26025,0.0058305079482
26026,0.0059869163211
26027,0.0057387781622
26028,0.0058228537787
26029,0.0057298192248
26030,0.0056591232795
26031,0.006087561894
26032,0.0061758460903
26033,0.0061049406931
26034,0.0049214992302
26035,0.0051514602328
26036,0.0052916855954
26037,0.0055407789516
26038,0.0054941516735
26039,0.0054584686897
26040,0.0053872975023
26041,0.0048821113487
26042,0.0048783780967
26043,0.0044507239897
26044,0.0047680380359
26045,0.0046027105712
26046,0.0045429968888
26047,0.014478260022
26048,0.0145099167
26049,0.014797474072
26050,0.014934476777
26051,0.016520396838
26052,0.01632771982
26053,0.017795741355
26054,0.017906385858
26055,0.019005747
26056,0.018101507914
26057,0.017176149789
26058,0.018872550222
26059,0.017609932223
26060,0.014218924479
26061,0.013334532392
26062,0.011988629549
26063,0.0092465682468
26064,0.0073807797632
26065,0.0067632753427
26066,0.0064844190992
26067,0.012528567294
26068,0.013067496229
26069,0.014503134131
26070,0.014546184073
26071,0.014617719538
26072,0.01547899296
26073,0.013565688166
26074,0.013573758578
26075,0.014110695439
26076,0.01447800076
26077,0.014322503685
26078,0.014615587332
26079,0.014872493121
26080,0.020287400046
26081,0.021093725445
26082,0.020957694752
26083,0.019169559077
26084,0.018168870964
26085,0.018218576152
26086,0.017832925464
26087,0.018843102558
26088,0.01873997457
26089,0.02005066686
26090,0.020441124265
26091,0.021138125861
26092,0.019886005484
26093,0.018581040492
26094,0.016458707306
26095,0.01504275452
26096,0.015531085233
26097,0.0134582638
26098,0.014284237205
26099,0.013096253972
26100,0.016594053679
26101,0.21563436507
26102,0.26488153621
26103,0.27197518882
26104,0.25063472871
26105,0.23769393983
26106,0.23940171645
26107,0.24438317055
26108,0.24177785605
26109,0.24093873274
26110,0.24145752672
26111,0.23067672332
26112,0.21537499878
26113,0.20640527402
26114,0.22005901109
26115,0.20584299949
26116,0.19020823529
26117,0.16463217997
26118,0.15939159258
26119,0.13850513934
26120,0.14960581841
26121,0.13868322895
26122,0.1333611355
26123,0.12295465372
26124,0.10599020909
26125,0.088336088949
26126,0.079146401642
26127,0.071380894742
26128,0.053509041617
26129,0.05650106362
26130,0.060263824455
26131,0.061011465906
26132,0.05951094134
26133,0.056834800379
26134,0.058105604104
26135,0.055376569788
26136,0.052433660802
26137,0.050891305021
26138,0.049641458571
26139,0.047889545377
26140,0.046700279483
26141,0.045592223524
26142,0.044118948839
26143,0.042489978823
26144,0.039770945192
26145,0.037850544647
26146,0.035257655583
26147,0.033494801757
26148,0.033144644795
26149,0.033699257079
26150,0.03253300683
26151,0.032809274172
26152,0.031813093984
26153,0.029888478254
26154,0.025342523763
26155,0.023272496822
26156,0.064704775807
26157,0.059759374646
26158,0.054766759425
26159,0.05387104914
26160,0.054343561823
26161,0.056483045077
26162,0.054445209054
26163,0.055448156871
26164,0.058846486563
26165,0.058172847058
26166,0.056279884577
26167,0.056420249541
26168,0.057163939507
26169,0.05533825527
26170,0.056430287382
26171,0.056165261361
26172,0.055399727975
26173,0.056171805474
26174,0.054358739114
26175,0.055298106072
26176,0.054046274227
26177,0.054738585436
26178,0.30661860416
26179,0.28847699599
26180,0.30572166536
26181,0.30886160916
26182,0.31346944015
26183,0.28968062367
26184,0.2696290635
26185,0.259541035
26186,0.29748590642
26187,0.28826278423
26188,0.24853733373
26189,0.25842951133
26190,0.27066045422
26191,0.77353665487
26192,0.8087229597
26193,0.73580559498
26194,0.56093737315
26195,0.58654561439
26196,0.56282565081
26197,0.049452906379
26198,0.062100837766
26199,0.063923319752
26200,0.082248440299
26201,0.086860374378
26202,0.04792869991
26203,0.064661687428
26204,0.081645650554
26205,0.09832115956
26206,0.10910008499
26207,0.097624185916
26208,0.089755081978
26209,0.091401770554
26210,0.094692168831
26211,0.10127030668
26212,0.11027366614
26213,0.10987604582
26214,0.11000037484
26215,0.11161578799
26216,0.11891626882
26217,0.12231379757
26218,0.11808692294
26219,0.110444177
26220,0.070093591572
26221,0.078032611835
26222,0.090606409903
26223,0.11221327756
26224,0.057047764544
26225,0.049540321726
26226,0.044823402124
26227,0.040768747393
26228,0.030264540005
26229,0
26230,0.0078129248399
26231,0.010197699712
26232,0.016193919178
26233,0.019656189651
26234,0.025345230831
26235,0
26236,0.00016505943834
26237,0.00042069084527
26238,0.00082656776972
26239,0.0027602164092
26240,0.0028838578291
26241,0.0029142239703
26242,0.0033798209961
26243,0.0033841917345
26244,0.0035857670682
26245,0.0039545432863
26246,0.003860872128
26247,0.0038757874916
26248,0.0040624547598
26249,0.0038092191576
26250,0.0041956245681
26251,0.0041765534176
26252,0.0039847075492
26253,0.0038404941676
26254,0.0041637414753
26255,0.003873584865
26256,0.0038717552274
26257,0.0042491126591
26258,0.0043826013026
26259,0.0044821235905
26260,0.0046914329748
26261,0.0049797542457
26262,0.0049976210278
26263,0.0049662951347
26264,0.004825952323
26265,0.0050810610854
26266,0.0052532235366
26267,0.005216432266
26268,0.0053076777356
26269,0.0053873293721
26270,0.0054524260276
26271,0.0053329951122
26272,0.0047034782344
26273,0.0045915217086
26274,0.0045736981986
26275,0.0048372395631
26276,0.0049241927846
26277,0.0050187437332
26278,0.0049462954713
26279,0.0050611175342
26280,0.0052172865963
26281,0.0060994411756
26282,0.0061323799807
26283,0.0061844526855
26284,0.0062763402256
26285,0.0062062540157
26286,0.0063519623377
26287,0.0064946800152
26288,0.0063621191962
26289,0.0065614568274
26290,0.0064536228495
26291,0.0062955253168
26292,0.0065061093225
26293,0.006365738181
26294,0.0062544716389
26295,0.006218942239
26296,0.0060577129874
26297,0.0062213492551
26298,0.0059758944611
26299,0.0059529413597
26300,0.0062458816999
26301,0.0061241671414
26302,0.0058809615634
26303,0.0058263526454
26304,0.0057474425067
26305,0.0063687111474
26306,0.006333647841
26307,0.0050531945623
26308,0.0052351387572
26309,0.0053673049501
26310,0.0056222207442
26311,0.0055597172882
26312,0.0054767465466
26313,0.0050251981283
26314,0.0051140575374
26315,0.0050807208958
26316,0.0049506749239
26317,0.0049755286287
26318,0.015884703719
26319,0.016128706937
26320,0.016567653738
26321,0.017414172098
26322,0.018058894112
26323,0.019375239757
26324,0.01986147471
26325,0.019349838013
26326,0.021112809556
26327,0.020596894495
26328,0.020050391468
26329,0.019109878227
26330,0.021560096306
26331,0.02162152901
26332,0.018533801423
26333,0.015773027854
26334,0.013440674243
26335,0.0094083978355
26336,0.0075709357984
26337,0.0069376729295
26338,0.0065254923763
26339,0.013599606771
26340,0.016351897386
26341,0.016188070023
26342,0.015399167265
26343,0.016263689865
26344,0.017106266747
26345,0.015622244788
26346,0.016152861745
26347,0.015975145855
26348,0.016701279653
26349,0.017632038032
26350,0.020649641907
26351,0.021185045586
26352,0.019870012191
26353,0.021548583563
26354,0.020772132992
26355,0.022257905297
26356,0.021262091767
26357,0.021388417901
26358,0.021794719186
26359,0.022155466821
26360,0.020339700456
26361,0.021747001413
26362,0.019002497002
26363,0.018160406597
26364,0.017977291764
26365,0.017595253605
26366,0.014047587059
26367,0.016749642032
26368,0.015807847971
26369,0.014638199575
26370,0.019367107964
26371,0.018539756056
26372,0.26622469294
26373,0.27790104432
26374,0.25742908244
26375,0.25854152817
26376,0.26123642804
26377,0.26729572621
26378,0.26403636864
26379,0.25880198325
26380,0.25714598511
26381,0.23374550435
26382,0.24419515113
26383,0.23293404602
26384,0.21934262985
26385,0.20796928711
26386,0.19000629299
26387,0.17470837158
26388,0.16214549909
26389,0.15601638217
26390,0.14533372754
26391,0.13770701545
26392,0.12906071031
26393,0.11697040121
26394,0.10565076741
26395,0.09084392797
26396,0.078375332716
26397,0.070282125946
26398,0.064587544155
26399,0.055812795775
26400,0.058144630018
26401,0.059798467786
26402,0.06198183807
26403,0.061220836961
26404,0.059824136168
26405,0.056859761371
26406,0.052575801699
26407,0.050378661554
26408,0.049342685176
26409,0.047735195648
26410,0.046406726123
26411,0.04576402801
26412,0.044648840301
26413,0.042008561285
26414,0.041430227702
26415,0.040415373671
26416,0.038067363057
26417,0.033705464124
26418,0.033985666035
26419,0.032939709607
26420,0.033430501272
26421,0.032587044867
26422,0.030591705384
26423,0.031413044648
26424,0.030396161608
26425,0.029544344024
26426,0.028364435475
26427,0.025393597008
26428,0.023705833946
26429,0.060774875221
26430,0.055832004573
26431,0.054148520213
26432,0.05554442432
26433,0.059316477814
26434,0.061112045634
26435,0.05796241745
26436,0.061929869616
26437,0.061509763191
26438,0.060656681952
26439,0.058514348869
26440,0.061516797275
26441,0.061066231151
26442,0.059146805669
26443,0.061068636017
26444,0.062542358035
26445,0.062267772119
26446,0.058547885365
26447,0.05578913335
26448,0.055636807538
26449,0.055585768483
26450,0.056354577916
26451,0.31729658324
26452,0.31389687542
26453,0.28037333247
26454,0.276112844
26455,0.27387358574
26456,0.56491472292
26457,0.056709671742
26458,0.05968354793
26459,0.063457942112
26460,0.091511565922
26461,0.090036311847
26462,0.048336951654
26463,0.063429754854
26464,0.08794033049
26465,0.098779911066
26466,0.095775323589
26467,0.11242913223
26468,0.11963415959
26469,0.11302788249
26470,0.10098471208
26471,0.10356022432
26472,0.10744255062
26473,0.11423280069
26474,0.11510446567
26475,0.11621361137
26476,0.11603633254
26477,0.12385784365
26478,0.12883059958
26479,0.12177650111
26480,0.11709251108
26481,0.06719835769
26482,0.088843690616
26483,0.095880351245
26484,0.14562339793
26485,0.075907743421
26486,0.0503607378
26487,0.047154713789
26488,0.03818928873
26489,0
26490,0.0071111232698
26491,0.012055955561
26492,0.017188686215
26493,0.022742834016
26494,0.031000097988
26495,0
26496,0.00018558784603
26497,0.0023395029106
26498,0.0016843047502
26499,0.0035130918439
26500,0.0038898815697
26501,0.0039248117228
26502,0.0046175146111
26503,0.0037997409608
26504,0.0035097982565
26505,0.0036051097682
26506,0.0042323199267
26507,0.0041323165838
26508,0.0041718705645
26509,0.0041556593512
26510,0.0040182415363
26511,0.0038209534567
26512,0.0037719632914
26513,0.0041588300963
26514,0.0044122617735
26515,0.0042516510705
26516,0.0044480444091
26517,0.0042242307856
26518,0.0042275999041
26519,0.004754776538
26520,0.0047077011887
26521,0.0049940352764
26522,0.0050775906118
26523,0.0052607440334
26524,0.0052025899424
26525,0.0055334603565
26526,0.0054759083484
26527,0.0057297884437
26528,0.0055848742168
26529,0.0057098643447
26530,0.0059073293968
26531,0.0062291909525
26532,0.0058804783113
26533,0.0057219584509
26534,0.0055755271504
26535,0.00483331992
26536,0.0047895260914
26537,0.0046684385072
26538,0.0050133069162
26539,0.0047758424004
26540,0.0048740093282
26541,0.0051592181281
26542,0.0051054024601
26543,0.0056260598342
26544,0.0058037794404
26545,0.0061224557629
26546,0.006241828493
26547,0.0062716179879
26548,0.0063043448974
26549,0.0063322349748
26550,0.0064328784549
26551,0.0063981240605
26552,0.0065237505973
26553,0.0066538960662
26554,0.0066755606014
26555,0.006644478238
26556,0.006911451908
26557,0.0067133497656
26558,0.0065936572455
26559,0.0068772400514
26560,0.0066680618059
26561,0.0065430901578
26562,0.0064385226988
26563,0.0063963032879
26564,0.0063783136877
26565,0.0061145680221
26566,0.0060672503789
26567,0.0065300102718
26568,0.0063265597621
26569,0.0062088522663
26570,0.0059816355179
26571,0.0058835211496
26572,0.0058029859322
26573,0.0056925057473
26574,0.0065498441554
26575,0.0052565854771
26576,0.00536869995
26577,0.0055323841012
26578,0.0054855652239
26579,0.0056042804885
26580,0.0052570418637
26581,0.0053893049994
26582,0.0054697393633
26583,0.0055934463669
26584,0.018865760662
26585,0.018353188044
26586,0.018478754275
26587,0.018661002061
26588,0.01915093986
26589,0.018380833597
26590,0.018905297933
26591,0.022156527818
26592,0.02228852794
26593,0.02179203888
26594,0.020184904056
26595,0.02241193492
26596,0.024147781967
26597,0.024963289488
26598,0.026388435689
26599,0.02576518092
26600,0.026386678008
26601,0.024877397421
26602,0.021338185393
26603,0.018848959526
26604,0.015033269474
26605,0.0094902819541
26606,0.0075312411048
26607,0.0067902493015
26608,0.014657490702
26609,0.017878640148
26610,0.018133500176
26611,0.017776311088
26612,0.014992000887
26613,0.016066582636
26614,0.017286251114
26615,0.018373482236
26616,0.017642264257
26617,0.018299618194
26618,0.018681939349
26619,0.019997092329
26620,0.02104216677
26621,0.023493772998
26622,0.021978064849
26623,0.023877447488
26624,0.023306110626
26625,0.021882655297
26626,0.026377177178
26627,0.026143612653
26628,0.023145294473
26629,0.023184863843
26630,0.022719876736
26631,0.02273706972
26632,0.020692107721
26633,0.022165249971
26634,0.02151295932
26635,0.021560927109
26636,0.020976785104
26637,0.020477631926
26638,0.019949748009
26639,0.017513724969
26640,0.016362378355
26641,0.021082488896
26642,0.020172035782
26643,0.019078208445
26644,0.27313534624
26645,0.28144975325
26646,0.27181813195
26647,0.27430036529
26648,0.27821519932
26649,0.29503811568
26650,0.29209567914
26651,0.29023932309
26652,0.28772298778
26653,0.28860946869
26654,0.26276457051
26655,0.26849262103
26656,0.25240924971
26657,0.24504312424
26658,0.23334471259
26659,0.22463925555
26660,0.20666086053
26661,0.18401418268
26662,0.16740921261
26663,0.15787111817
26664,0.14624401023
26665,0.13737513754
26666,0.12598847782
26667,0.11738185586
26668,0.10848276371
26669,0.093654052588
26670,0.080189064484
26671,0.070419871903
26672,0.06465966377
26673,0.059767643384
26674,0.057073841895
26675,0.059308394287
26676,0.05976807132
26677,0.06034385638
26678,0.061207416575
26679,0.059845714752
26680,0.056889455997
26681,0.05437121358
26682,0.050920135434
26683,0.049010812812
26684,0.048845756077
26685,0.048704957392
26686,0.047672071262
26687,0.046318687581
26688,0.045201340008
26689,0.043767762467
26690,0.044089117943
26691,0.042523432805
26692,0.039247440843
26693,0.035012601165
26694,0.031458118766
26695,0.032192972682
26696,0.033176135317
26697,0.033031758146
26698,0.031684474382
26699,0.029746865092
26700,0.029187891179
26701,0.02846854046
26702,0.027513484944
26703,0.026752663015
26704,0.027719793473
26705,0.025746532972
26706,0.056418945696
26707,0.057834302861
26708,0.05867634833
26709,0.064031679467
26710,0.063440073167
26711,0.062937826618
26712,0.063199245978
26713,0.064834948847
26714,0.0726825814
26715,0.068976475917
26716,0.060899732538
26717,0.064956152465
26718,0.068829110859
26719,0.06277046708
26720,0.058071124728
26721,0.057596485539
26722,0.05672830586
26723,0.055572957811
26724,0.056624774661
26725,0.060886563323
26726,0.056901866067
26727,0.062322024216
26728,0.091674061932
26729,0.096042143531
26730,0.048290089266
26731,0.0704561586
26732,0.086354000638
26733,0.10008803655
26734,0.12905487947
26735,0.12409911019
26736,0.11956380204
26737,0.11054892972
26738,0.11823342444
26739,0.12007832205
26740,0.077236216974
26741,0.04534688673
26742,0.037615386611
26743,0
26744,0.0076974318833
26745,0.0081216791433
26746,0.013210180635
26747,0.013929198424
26748,0.017701611003
26749,0.024027343535
26750,0.032137336044
26751,0
26752,0.0010512926792
26753,0.0039840650771
26754,0.0035988580245
26755,0.0024722849963
26756,0.0047363853831
26757,0.0044963890632
26758,0.0045612698727
26759,0.0046770543414
26760,0.0041204498004
26761,0.0036939452464
26762,0.004072376148
26763,0.0039571626819
26764,0.0041029103236
26765,0.0042355353968
26766,0.0041501182851
26767,0.0038900643951
26768,0.0039207789541
26769,0.003810974242
26770,0.003754001747
26771,0.0046990195954
26772,0.0045200893618
26773,0.0044804374271
26774,0.0047346902001
26775,0.004441591177
26776,0.0043580353365
26777,0.0050029546496
26778,0.0049200179683
26779,0.0051013966823
26780,0.0050954933353
26781,0.0054470988511
26782,0.0053412550207
26783,0.0065255625475
26784,0.0064666773107
26785,0.0060721897875
26786,0.0063751137198
26787,0.0068915004313
26788,0.0077247912717
26789,0.0063632518622
26790,0.0061577367377
26791,0.0059541034079
26792,0.0057513968069
26793,0.0050886634157
26794,0.0045615632691
26795,0.0049605154549
26796,0.0048985835077
26797,0.004489018664
26798,0.0045515820495
26799,0.0046396749178
26800,0.00536469012
26801,0.0054108948167
26802,0.0062719686946
26803,0.0062474468556
26804,0.0067564417681
26805,0.0074396475996
26806,0.0063913701713
26807,0.0064271834956
26808,0.0064477924018
26809,0.0065692496905
26810,0.0065425697901
26811,0.0066316273855
26812,0.0067459509978
26813,0.0068002067977
26814,0.006925636295
26815,0.0069269871839
26816,0.0071997418544
26817,0.0072420412343
26818,0.0070729583301
26819,0.0068712301981
26820,0.0073148356579
26821,0.0071663524658
26822,0.0070037904392
26823,0.0067927094471
26824,0.0067343225707
26825,0.0066191062788
26826,0.0065746023257
26827,0.0065115334041
26828,0.0064812552401
26829,0.0061884272006
26830,0.006262969108
26831,0.0061435290112
26832,0.0067941284687
26833,0.0065366650093
26834,0.0063568311991
26835,0.0060017295849
26836,0.0059001379391
26837,0.0057878900028
26838,0.0057351722549
26839,0.0054295142398
26840,0.0053413103551
26841,0.0056248883639
26842,0.0055882091548
26843,0.0055195521003
26844,0.0057049423626
26845,0.0055957814511
26846,0.0059287893392
26847,0.0060278607716
26848,0.0064000962715
26849,0.022930524403
26850,0.022069283262
26851,0.02175979347
26852,0.02157169764
26853,0.020297733894
26854,0.020537895855
26855,0.019980049113
26856,0.019380570513
26857,0.019414709146
26858,0.025572481744
26859,0.027071749783
26860,0.025187190454
26861,0.022694941662
26862,0.025274434383
26863,0.01982707095
26864,0.020646130534
26865,0.029049558535
26866,0.027154934723
26867,0.027834366621
26868,0.026437743406
26869,0.026645130624
26870,0.027135098618
26871,0.026659844705
26872,0.026826324559
26873,0.025534554639
26874,0.023458004491
26875,0.021268286304
26876,0.017535837452
26877,0.0094197518302
26878,0.0070656282875
26879,0.015959383879
26880,0.019273124452
26881,0.01936173248
26882,0.019351862972
26883,0.01960155109
26884,0.014851481595
26885,0.016069067081
26886,0.016881071194
26887,0.017178484259
26888,0.018826978232
26889,0.018541995831
26890,0.019593819651
26891,0.019937473057
26892,0.020531967299
26893,0.023082046667
26894,0.023114308616
26895,0.024922136902
26896,0.026856613208
26897,0.02601972434
26898,0.025645328309
26899,0.0265462923
26900,0.029771168393
26901,0.031258146557
26902,0.030281425372
26903,0.028882491633
26904,0.025348578471
26905,0.024084289809
26906,0.026466427043
26907,0.023705539008
26908,0.022296489526
26909,0.022896744476
26910,0.02434850441
26911,0.023374982821
26912,0.02298383117
26913,0.022464180423
26914,0.021828072684
26915,0.017785836717
26916,0.021744576108
26917,0.020817981142
26918,0.019818389705
26919,0.018649603775
26920,0.28377217656
26921,0.28769870445
26922,0.295085954
26923,0.28997030307
26924,0.28844314643
26925,0.26643964718
26926,0.26000429051
26927,0.25000311022
26928,0.24419357967
26929,0.22650540767
26930,0.21939537571
26931,0.19896134397
26932,0.18200388594
26933,0.17075931576
26934,0.16104553126
26935,0.14722712695
26936,0.13526045016
26937,0.1214915741
26938,0.10679527992
26939,0.089510146745
26940,0.074993147334
26941,0.06762279611
26942,0.064742941064
26943,0.059447844544
26944,0.059093298176
26945,0.061019080014
26946,0.060927238854
26947,0.060244945667
26948,0.059100228619
26949,0.059272312878
26950,0.05592526193
26951,0.056961553023
26952,0.055648134755
26953,0.052294128772
26954,0.049615809291
26955,0.051086229807
26956,0.050742861608
26957,0.049750985492
26958,0.047830996937
26959,0.046864642701
26960,0.048135253602
26961,0.046937859289
26962,0.046425899573
26963,0.044290640339
26964,0.03867448265
26965,0.033567631405
26966,0.033037191133
26967,0.034540793706
26968,0.033181059104
26969,0.031791183752
26970,0.030995806961
26971,0.029482068864
26972,0.029324755532
26973,0.02930646592
26974,0.027967518179
26975,0.027594244413
26976,0.028551146524
26977,0.028936030529
26978,0.062123908184
26979,0.063414519495
26980,0.063730822445
26981,0.067950113542
26982,0.068971922372
26983,0.066574851459
26984,0.06687506355
26985,0.065729759431
26986,0.08812481614
26987,0.093767510838
26988,0.088500565775
26989,0.057027912716
26990,0.059159210539
26991,0.061641938788
26992,0.060481647925
26993,0.060676691067
26994,0.067975313622
26995,0.082063926799
26996,0.091984582623
26997,0.053051633424
26998,0.081386938407
26999,0.11206003105
27000,0.095363292295
27001,0.1353126454
27002,0.12836905266
27003,0.12445575516
27004,0.12183231788
27005,0
27006,0.0063156884619
27007,0.010508895127
27008,0.014698708647
27009,0.011377842063
27010,0.016017985474
27011,0.019030297908
27012,0.017146579707
27013,0.020732380283
27014,0.025168857865
27015,0.025146979068
27016,0.028907236771
27017,0
27018,0.00082853327415
27019,0.0020096591423
27020,0.0045458105111
27021,0.003172709287
27022,0.0038525415562
27023,0.0046044533688
27024,0.0042793412511
27025,0.0042960163398
27026,0.0042007745954
27027,0.0040304258025
27028,0.0039708781427
27029,0.0039869173627
27030,0.0041858987525
27031,0.0038712252751
27032,0.0040680596321
27033,0.0040570866172
27034,0.0041992818437
27035,0.0041628141635
27036,0.0042521124411
27037,0.0039614637671
27038,0.0042276845785
27039,0.0042343107289
27040,0.004351502768
27041,0.0043430634128
27042,0.0048903313722
27043,0.0047494540217
27044,0.0047033064657
27045,0.0048821863809
27046,0.0045514575657
27047,0.0043157965697
27048,0.0050182510982
27049,0.0049481607353
27050,0.0048273140875
27051,0.0049559608971
27052,0.004949849976
27053,0.0055718147213
27054,0.0078513827134
27055,0.0067058326534
27056,0.007328516584
27057,0.0082310125194
27058,0.00912661642
27059,0.0092880066743
27060,0.0068938119426
27061,0.0066506914068
27062,0.0064444950134
27063,0.006121217442
27064,0.0058802779674
27065,0.005296750501
27066,0.0047388041232
27067,0.0050233792728
27068,0.0045534549509
27069,0.0046296491035
27070,0.0044686713768
27071,0.0056585340079
27072,0.0057823203404
27073,0.0056253252422
27074,0.0068975916941
27075,0.0067876250493
27076,0.0078924391409
27077,0.0090595176102
27078,0.0065260777775
27079,0.0065885067366
27080,0.0067011377296
27081,0.0066696097248
27082,0.0067872847242
27083,0.0068744851688
27084,0.0069725470226
27085,0.0070764439792
27086,0.0071555296117
27087,0.0074285856917
27088,0.0075533988866
27089,0.0075312410772
27090,0.0074790213543
27091,0.0078318376945
27092,0.0073374036582
27093,0.0070686293357
27094,0.0069011628768
27095,0.0067594661639
27096,0.0067065584258
27097,0.0067091954235
27098,0.0066387788327
27099,0.0065881017856
27100,0.0062751045224
27101,0.0063882709677
27102,0.0061972795916
27103,0.0060334509565
27104,0.0070253003153
27105,0.0067585055467
27106,0.006539561185
27107,0.005854719169
27108,0.0057802235869
27109,0.0054095472237
27110,0.0054333022508
27111,0.005656800221
27112,0.005575033465
27113,0.0055509738859
27114,0.0057240829474
27115,0.0058127443335
27116,0.0062151116387
27117,0.0064176459129
27118,0.0066899861584
27119,0.0066786414971
27120,0.025236822822
27121,0.025646116131
27122,0.026365663328
27123,0.025214970486
27124,0.025025088284
27125,0.021772143211
27126,0.024756609102
27127,0.021135143618
27128,0.020890620259
27129,0.020427115012
27130,0.01977819495
27131,0.029381548116
27132,0.032271475266
27133,0.028246744439
27134,0.030070538728
27135,0.031436147642
27136,0.032640331919
27137,0.028252823625
27138,0.02953866905
27139,0.027875949397
27140,0.027143048475
27141,0.026388675256
27142,0.02584481876
27143,0.022862110525
27144,0.0076781318557
27145,0.016867544937
27146,0.020473235596
27147,0.020760920055
27148,0.02108356604
27149,0.021089816754
27150,0.021289834208
27151,0.016133142512
27152,0.016162653957
27153,0.016878781548
27154,0.017281730497
27155,0.018146242327
27156,0.020332037077
27157,0.020485175592
27158,0.021839464941
27159,0.022246255845
27160,0.021367023094
27161,0.022815081735
27162,0.024684952018
27163,0.026332664938
27164,0.02875404708
27165,0.029166767203
27166,0.029136106658
27167,0.031208020536
27168,0.030311271718
27169,0.028289171397
27170,0.033006285773
27171,0.034665810237
27172,0.035620313663
27173,0.032711125992
27174,0.025630247665
27175,0.027337459906
27176,0.028755562393
27177,0.025613124406
27178,0.023985066253
27179,0.025913483266
27180,0.024959438663
27181,0.02418751705
27182,0.023993783028
27183,0.023384785455
27184,0.022539967047
27185,0.021785085565
27186,0.021046902602
27187,0.01980277416
27188,0.018749059275
27189,0.017320921635
27190,0.28677660158
27191,0.28168443151
27192,0.27008694255
27193,0.26457424844
27194,0.23873400608
27195,0.22788957682
27196,0.21393480287
27197,0.19762570654
27198,0.18526269384
27199,0.17051341478
27200,0.15732411448
27201,0.13837875444
27202,0.12791588822
27203,0.11226261314
27204,0.087708527702
27205,0.075010850105
27206,0.065522750242
27207,0.063359119247
27208,0.058057436267
27209,0.063801445618
27210,0.064764080503
27211,0.061691784743
27212,0.060962409124
27213,0.059465595546
27214,0.05728501778
27215,0.05473146995
27216,0.05543457053
27217,0.055371199812
27218,0.056282495375
27219,0.054173658769
27220,0.058947325054
27221,0.05122920918
27222,0.056392756679
27223,0.055436917764
27224,0.056519853196
27225,0.049742956417
27226,0.048361032235
27227,0.052863584399
27228,0.068481906151
27229,0.053994417938
27230,0.047913113271
27231,0.034776140645
27232,0.033204659109
27233,0.031477819678
27234,0.030497558228
27235,0.02901878109
27236,0.030057929222
27237,0.029426660967
27238,0.028549852287
27239,0.029607199151
27240,0.030423659304
27241,0.031034381371
27242,0.069697728746
27243,0.071014456607
27244,0.069521386036
27245,0.060937625686
27246,0.084689097889
27247,0.06332077621
27248,0.07403573534
27249,0.070199362639
27250,0.079827659981
27251,0.083987357463
27252,0.052114831359
27253,0.089423348581
27254,0.10878393293
27255,0.093149841171
27256,0.1361016118
27257,0.13319852047
27258,0.12881803631
27259,0
27260,0.009260663183
27261,0.021003463197
27262,0.021750527806
27263,0.022691792231
27264,0.025065020032
27265,0.028069607295
27266,0.031722114653
27267,0.032333751415
27268,0
27269,0.00081163789133
27270,0.0021507072341
27271,0.0014251225046
27272,0.003974220887
27273,0.0026701503304
27274,0.0029057024756
27275,0.0040579464265
27276,0.0037689244634
27277,0.0030482574882
27278,0.0032035738606
27279,0.0033757591912
27280,0.0039182729365
27281,0.004024737125
27282,0.0043217664308
27283,0.0042210777729
27284,0.0045034612418
27285,0.0043501773957
27286,0.0042956712109
27287,0.0042791386733
27288,0.0042343650342
27289,0.0043978141737
27290,0.0044098862646
27291,0.0046285774473
27292,0.0046429009414
27293,0.0046669011464
27294,0.0045719984487
27295,0.0048950986783
27296,0.0048072790837
27297,0.0046619644979
27298,0.0048067587003
27299,0.0047492303221
27300,0.004383734464
27301,0.0040576915959
27302,0.0048907835562
27303,0.0048313844877
27304,0.0046858421739
27305,0.0044610024224
27306,0.0047911901619
27307,0.0047343070157
27308,0.0075982879865
27309,0.0086802922144
27310,0.0098855160739
27311,0.010473225485
27312,0.010287522664
27313,0.0076838965853
27314,0.0077155392476
27315,0.0070032917961
27316,0.0079281012845
27317,0.0063116239455
27318,0.0059915991207
27319,0.0054329370493
27320,0.0048350751623
27321,0.0051764598999
27322,0.0043596048496
27323,0.0046550701214
27324,0.0061221917534
27325,0.0059730107163
27326,0.0057966500132
27327,0.0073564036972
27328,0.007083247339
27329,0.0088140510701
27330,0.0081910408474
27331,0.0095578376793
27332,0.0066566838137
27333,0.0067352143168
27334,0.0068123219508
27335,0.0068683515549
27336,0.0069437831885
27337,0.0070333586305
27338,0.0072589813599
27339,0.0073500326879
27340,0.0076083547521
27341,0.0077204167711
27342,0.0079386629513
27343,0.0079108710667
27344,0.0079899754023
27345,0.0077057330539
27346,0.0083719041921
27347,0.0081780447126
27348,0.0073010688381
27349,0.007523488002
27350,0.0070256093841
27351,0.006885719771
27352,0.0067991204229
27353,0.0067925878655
27354,0.0067933110717
27355,0.0067487590145
27356,0.0067040247226
27357,0.0063364114296
27358,0.0064947037658
27359,0.0061995360302
27360,0.0060283582134
27361,0.0059219602411
27362,0.006945881492
27363,0.007212499938
27364,0.0067197583895
27365,0.00584296845
27366,0.0057825126235
27367,0.0056419504059
27368,0.00555707645
27369,0.0056540531882
27370,0.0057326100856
27371,0.0056814678235
27372,0.0056966194227
27373,0.0061003421896
27374,0.0066044370885
27375,0.0064502584416
27376,0.0067719368381
27377,0.0068479271041
27378,0.0069375678501
27379,0.027590419506
27380,0.028371641495
27381,0.028275308574
27382,0.028585368002
27383,0.027399507976
27384,0.027687134872
27385,0.032838147392
27386,0.035039484626
27387,0.035895414698
27388,0.033970378869
27389,0.034539252832
27390,0.029163269926
27391,0.030935765137
27392,0.029777417917
27393,0.030309756065
27394,0.030254720041
27395,0.029567494742
27396,0.023613932268
27397,0.022671777788
27398,0.022460761412
27399,0.02266448876
27400,0.024588861482
27401,0.023179059343
27402,0.017704473485
27403,0.017767833562
27404,0.018056828399
27405,0.01858062532
27406,0.019727276585
27407,0.022752831192
27408,0.024043664386
27409,0.023563360097
27410,0.025424821246
27411,0.025369152528
27412,0.024878724006
27413,0.026468275044
27414,0.028519305085
27415,0.029177171945
27416,0.031399259708
27417,0.031797000209
27418,0.036321187097
27419,0.037572692624
27420,0.032799560872
27421,0.030303726151
27422,0.038987515809
27423,0.039263147154
27424,0.036207998491
27425,0.041145616886
27426,0.027265053435
27427,0.029206899561
27428,0.030712574553
27429,0.026955714818
27430,0.024449253884
27431,0.027220402083
27432,0.02566270094
27433,0.024816346183
27434,0.024378032041
27435,0.023518195362
27436,0.022536016048
27437,0.022400429653
27438,0.021839893323
27439,0.020834681551
27440,0.019242999603
27441,0.017889158197
27442,0.25360768566
27443,0.23744223476
27444,0.21632660041
27445,0.2133813612
27446,0.18062367624
27447,0.18931420415
27448,0.16766431239
27449,0.14891049469
27450,0.12330088704
27451,0.092855805023
27452,0.079246763899
27453,0.073930557787
27454,0.066841525236
27455,0.063707914118
27456,0.063341267183
27457,0.059919362804
27458,0.057001977293
27459,0.054247010405
27460,0.052118814269
27461,0.050743038448
27462,0.075167996091
27463,0.074193528633
27464,0.079031302991
27465,0.032861326672
27466,0.032137017405
27467,0.030693274707
27468,0.029051516774
27469,0.03060791229
27470,0.03024090772
27471,0.02956450613
27472,0.029210066144
27473,0.031450399798
27474,0.032783682608
27475,0.033722396644
27476,0.034537456041
27477,0.07706473278
27478,0.14930971164
27479,0.069052626558
27480,0.062465401773
27481,0.065650148443
27482,0.070500927395
27483,0.093054027977
27484,0.10290870112
27485,0.090586370778
27486,0.046300053561
27487,0.074415333741
27488,0.070218363736
27489,0.045545124926
27490,0.035710946189
27491,0.032787737051
27492,0.03399022954
27493,0.033418109888
27494,0.032396140408
27495,0.033729267696
27496,0
27497,0.00039494254905
27498,0.0008049849822
27499,0.0016282449882
27500,0.0019849854141
27501,0.0011058947778
27502,0.0021882202924
27503,0.0023829490958
27504,0.004056154902
27505,0.0035999325043
27506,0.0026890722337
27507,0.0030751142534
27508,0.0042687422427
27509,0.004200473114
27510,0.0044654149041
27511,0.0043998723913
27512,0.0046843442106
27513,0.004585239503
27514,0.0043325090932
27515,0.004181120867
27516,0.0042959749249
27517,0.0044913986765
27518,0.0044160381433
27519,0.0044869805253
27520,0.0047196468622
27521,0.0047120080413
27522,0.0046368230692
27523,0.0045146535231
27524,0.0047788670482
27525,0.0046055289341
27526,0.0043644580708
27527,0.0046250164184
27528,0.0046658010312
27529,0.0044951798451
27530,0.0040316097654
27531,0.0040781593682
27532,0.0046769804871
27533,0.0046594286657
27534,0.0045329343511
27535,0.0043884615093
27536,0.0042163490609
27537,0.0042552078071
27538,0.0044506233419
27539,0.0088940488727
27540,0.010156224655
27541,0.011090576177
27542,0.011308670757
27543,0.010531143038
27544,0.010230135865
27545,0.0092664231267
27546,0.0090414063458
27547,0.0090733194334
27548,0.0077125024249
27549,0.0085583219599
27550,0.0090735189479
27551,0.0068646721172
27552,0.0055329806417
27553,0.004937473254
27554,0.0053115928718
27555,0.004497464748
27556,0.0043069653251
27557,0.0047105571842
27558,0.0071861171404
27559,0.0069660389655
27560,0.0064465870728
27561,0.007630317432
27562,0.0073294860243
27563,0.009057101959
27564,0.0085016061755
27565,0.010258788935
27566,0.006772906013
27567,0.0068412689615
27568,0.0069006021202
27569,0.0069785056091
27570,0.0070930314734
27571,0.0072947747815
27572,0.0075130900024
27573,0.0075423661044
27574,0.0077703039241
27575,0.0078379186302
27576,0.0079899906738
27577,0.0082608956628
27578,0.0082799797187
27579,0.0083033826004
27580,0.0078296568042
27581,0.0086000263249
27582,0.0088218411044
27583,0.0085627649289
27584,0.0082336740926
27585,0.0075117319776
27586,0.006983669869
27587,0.0070374319806
27588,0.0068809834632
27589,0.0068678291475
27590,0.0068420270892
27591,0.0068082430622
27592,0.0063385668202
27593,0.0065444838876
27594,0.0060785185328
27595,0.0059010567655
27596,0.0060222157182
27597,0.0069722965289
27598,0.0073910677052
27599,0.0066759419719
27600,0.0058888378243
27601,0.0058748625875
27602,0.0057449398331
27603,0.0056949721498
27604,0.0057853022934
27605,0.0058842010638
27606,0.0058234955084
27607,0.0058168398076
27608,0.005918185253
27609,0.0064477964556
27610,0.0062073925774
27611,0.0067170042733
27612,0.0069957316757
27613,0.0071189929007
27614,0.0071605778628
27615,0.030016695101
27616,0.03045669064
27617,0.030553633322
27618,0.029207220469
27619,0.030695418263
27620,0.028702254723
27621,0.028932225926
27622,0.029531343812
27623,0.037011350371
27624,0.033807216144
27625,0.036658628592
27626,0.03725355206
27627,0.038474058722
27628,0.035456289416
27629,0.036045979557
27630,0.036307363665
27631,0.032753079133
27632,0.033802124411
27633,0.032758945623
27634,0.027047343209
27635,0.026192864906
27636,0.02532837893
27637,0.025129852686
27638,0.025218933296
27639,0.027326639271
27640,0.025759927341
27641,0.019020672679
27642,0.019200290308
27643,0.02011890307
27644,0.020164374925
27645,0.02117881982
27646,0.025114332788
27647,0.027625677112
27648,0.027436215296
27649,0.026174024061
27650,0.028385422693
27651,0.027747451478
27652,0.026540827831
27653,0.028098306351
27654,0.030182038692
27655,0.030857491646
27656,0.031483376544
27657,0.035440823864
27658,0.041025337007
27659,0.042206837088
27660,0.044835952192
27661,0.033271396091
27662,0.032715933684
27663,0.044045651623
27664,0.038398107431
27665,0.048538821004
27666,0.04425040115
27667,0.028446880644
27668,0.031019455448
27669,0.029941951415
27670,0.034626067087
27671,0.025086073742
27672,0.029458586013
27673,0.027020845149
27674,0.025531251521
27675,0.024924568918
27676,0.02417572091
27677,0.023561857932
27678,0.025692346255
27679,0.024518614879
27680,0.023482480699
27681,0.021659594736
27682,0.020110272929
27683,0.21448139896
27684,0.21539676346
27685,0.20791653286
27686,0.18787015598
27687,0.15929242352
27688,0.14078627576
27689,0.11085864909
27690,0.077974767806
27691,0.085469232317
27692,0.087232879322
27693,0.074421677638
27694,0.057948615109
27695,0.056570211981
27696,0.056098674398
27697,0.053821700018
27698,0.056669502431
27699,0.031465486875
27700,0.030211373265
27701,0.029631048284
27702,0.031648196729
27703,0.030790163025
27704,0.030168943235
27705,0.030371972251
27706,0.033682943983
27707,0.035573515806
27708,0.037517491629
27709,0.038871414832
27710,0.039982205766
27711,0.1216293538
27712,0.18810581328
27713,0.063362063524
27714,0.06871586562
27715,0.072095678635
27716,0.070073723536
27717,0.085730203632
27718,0.17687343268
27719,0.062523471727
27720,0.039805998959
27721,0.03625292859
27722,0.036450684758
27723,0.038659296168
27724,0.041236870701
27725,0
27726,0.00036437484496
27727,0.00070322660443
27728,0.0015640476647
27729,0.001903438625
27730,0.0013479826302
27731,0.00089368298772
27732,0.0022968383464
27733,0.0027403740901
27734,0.0039773484174
27735,0.0032028904787
27736,0.0035449662278
27737,0.002865005472
27738,0.0043558414616
27739,0.0042206746059
27740,0.0043974374488
27741,0.0044923505874
27742,0.0045557934864
27743,0.0045327188487
27744,0.0041918536924
27745,0.0043486938896
27746,0.0045773497856
27747,0.0045135567852
27748,0.0044604647559
27749,0.0045193766328
27750,0.0045467101518
27751,0.004518836183
27752,0.004520418402
27753,0.0045333324662
27754,0.0046008242489
27755,0.0043308288347
27756,0.0040643859512
27757,0.0044415817848
27758,0.004334442005
27759,0.0044300614695
27760,0.0041056947107
27761,0.0040730900063
27762,0.0043296211339
27763,0.0044800589239
27764,0.0044929230074
27765,0.0042878645349
27766,0.0044805148291
27767,0.004423180517
27768,0.0046467775352
27769,0.0043569274187
27770,0.0099344712716
27771,0.010992099584
27772,0.011536604803
27773,0.011495878219
27774,0.011525880163
27775,0.011845992571
27776,0.011977137049
27777,0.0094085871766
27778,0.0084580455731
27779,0.0099730775787
27780,0.0061718888368
27781,0.0052168453453
27782,0.0058696319664
27783,0.0047855199775
27784,0.0047664460106
27785,0.0055873173232
27786,0.0090949632493
27787,0.0079002008946
27788,0.0071704842261
27789,0.0079993678924
27790,0.0076480227062
27791,0.010614722655
27792,0.0094314646188
27793,0.014326654157
27794,0.0068699140811
27795,0.006927265363
27796,0.0069988534746
27797,0.0071318602338
27798,0.0073465696177
27799,0.0075416246813
27800,0.0076942097005
27801,0.0077330268147
27802,0.0079648633469
27803,0.0079351511783
27804,0.0080117430751
27805,0.0082211447864
27806,0.0085647955597
27807,0.0086963022016
27808,0.0086296473027
27809,0.0078329745889
27810,0.008838553943
27811,0.0091106413465
27812,0.009214698829
27813,0.0089256122266
27814,0.0085640445289
27815,0.0082156326285
27816,0.0070430590693
27817,0.0069698567948
27818,0.0071994087432
27819,0.0069266836334
27820,0.0068977499204
27821,0.0064481417155
27822,0.0061692785954
27823,0.0061865932967
27824,0.005988313941
27825,0.0063026939893
27826,0.0062264628448
27827,0.0071715592948
27828,0.0066465654093
27829,0.0068650537793
27830,0.0075699708557
27831,0.006109049856
27832,0.0059742216018
27833,0.0059692700399
27834,0.0058778780618
27835,0.0058852684472
27836,0.005990736195
27837,0.005926160145
27838,0.0059575252681
27839,0.0060167987414
27840,0.0060536047108
27841,0.0063749280358
27842,0.0066562817627
27843,0.0069090353436
27844,0.0073147175948
27845,0.0071748083085
27846,0.0074116969584
27847,0.0075135185069
27848,0.031966959089
27849,0.032207878569
27850,0.032136552033
27851,0.029793257306
27852,0.03080894666
27853,0.031610357399
27854,0.030186665836
27855,0.030232418982
27856,0.031034875199
27857,0.037122800592
27858,0.040011943481
27859,0.036491067878
27860,0.037735544891
27861,0.037923185373
27862,0.038965746807
27863,0.039701576245
27864,0.035943368617
27865,0.03730422353
27866,0.036485953698
27867,0.028906637284
27868,0.028899466723
27869,0.028118011662
27870,0.027423398086
27871,0.027177721907
27872,0.027219307545
27873,0.029014124705
27874,0.027593224066
27875,0.030014056893
27876,0.030068982417
27877,0.029877798583
27878,0.030061213662
27879,0.029462210516
27880,0.02938190639
27881,0.03142477294
27882,0.032361601362
27883,0.033042978989
27884,0.033320047517
27885,0.046319708462
27886,0.047373247768
27887,0.048307335434
27888,0.053573627948
27889,0.051817226746
27890,0.035710425692
27891,0.038807678885
27892,0.044109085183
27893,0.044457531452
27894,0.060750495771
27895,0.05715106187
27896,0.032014106179
27897,0.038284360984
27898,0.038935647158
27899,0.035462335773
27900,0.026226323226
27901,0.031760969644
27902,0.028426200432
27903,0.027857817534
27904,0.027309274905
27905,0.027429247558
27906,0.026953982519
27907,0.22186981455
27908,0.22495138719
27909,0.21792611319
27910,0.20316201493
27911,0.17869260421
27912,0.15997025444
27913,0.1372445867
27914,0.093716014262
27915,0.076935298106
27916,0.12240733306
27917,0.12582776305
27918,0.12120152937
27919,0.05726125724
27920,0.063135324084
27921,0.058950925348
27922,0.056809634764
27923,0.064687122048
27924,0.068112147224
27925,0.068554207891
27926,0.065109545698
27927,0.028838501662
27928,0.030840020754
27929,0.031420866934
27930,0.03064798306
27931,0.030572668209
27932,0.031479282386
27933,0.034138915584
27934,0.038042368061
27935,0.038648114435
27936,0.041147112606
27937,0.043621278689
27938,0.045180819498
27939,0.073440719841
27940,0.074404277939
27941,0.077225389306
27942,0.0771365416
27943,0.095382991359
27944,0.20838184062
27945,0.037942717593
27946,0.047675304005
27947,0.052258584219
27948,0.052216473104
27949,0
27950,0.0004411535834
27951,0.0018498298162
27952,0.0010604415902
27953,0.0014864288607
27954,0.00063495585753
27955,0.0026296300654
27956,0.0021511915232
27957,0.0029189333698
27958,0.0028372802636
27959,0.0039284113049
27960,0.0031708092289
27961,0.0033496878744
27962,0.0035969314868
27963,0.0044369553831
27964,0.0045492601209
27965,0.0045553348341
27966,0.004679468081
27967,0.0047462808527
27968,0.0047809604115
27969,0.0041821030242
27970,0.0043994659264
27971,0.0047749256499
27972,0.0046370520961
27973,0.0045295428873
27974,0.0046645370981
27975,0.0047934226245
27976,0.0048066529397
27977,0.0048723009471
27978,0.0048042706049
27979,0.004801202291
27980,0.0045752475809
27981,0.0041996239354
27982,0.0042144396929
27983,0.0041191362865
27984,0.0041341856923
27985,0.0043567601434
27986,0.0042699714134
27987,0.0043527208067
27988,0.0046679642778
27989,0.0047239469494
27990,0.0045053505014
27991,0.0049513617167
27992,0.0046919197694
27993,0.0047015552378
27994,0.0048107775069
27995,0.0048106929869
27996,0.0049478572152
27997,0.0048709495021
27998,0.014066793113
27999,0.014730833007
28000,0.010755575961
28001,0.010271707463
28002,0.0067813604463
28003,0.0062381580332
28004,0.005464656922
28005,0.0052570233568
28006,0.0066792569833
28007,0.0064016459624
28008,0.012079991189
28009,0.0085642159103
28010,0.0080068542214
28011,0.014710346939
28012,0.0097117288705
28013,0.018365133541
28014,0.018455031218
28015,0.0069498408716
28016,0.0070176669185
28017,0.0071577006456
28018,0.0073019393396
28019,0.0074801482678
28020,0.0076106248562
28021,0.0077687047961
28022,0.007891020849
28023,0.0081647505218
28024,0.0081662766273
28025,0.0080905525981
28026,0.0082578890643
28027,0.0084711309271
28028,0.0088600865331
28029,0.0090210623244
28030,0.0089791118705
28031,0.0091877665128
28032,0.0079970647503
28033,0.0093221214202
28034,0.0094231613266
28035,0.0095623612021
28036,0.0093208208714
28037,0.0088591405582
28038,0.0084263095808
28039,0.0072879276175
28040,0.0071025110548
28041,0.0070005216586
28042,0.0075425510053
28043,0.0069735171854
28044,0.0064083141058
28045,0.0063744298344
28046,0.0065962487363
28047,0.0065471112946
28048,0.006408848379
28049,0.0072909124268
28050,0.0069467873191
28051,0.0066051935062
28052,0.0076451213605
28053,0.0062387646373
28054,0.0061654437503
28055,0.0060703548847
28056,0.0062500306282
28057,0.0061277647218
28058,0.0061444166725
28059,0.0061116288655
28060,0.0061986859387
28061,0.0065369525027
28062,0.0068138231629
28063,0.0070317669515
28064,0.0075747077546
28065,0.0074233858705
28066,0.0072413777809
28067,0.0078019064484
28068,0.0081739112585
28069,0.033377461862
28070,0.033402237391
28071,0.032686985493
28072,0.031745188001
28073,0.03298666317
28074,0.034570597386
28075,0.030486006676
28076,0.032018076893
28077,0.033528410715
28078,0.033906955642
28079,0.03930753604
28080,0.038991449091
28081,0.038547750274
28082,0.038931439134
28083,0.040367211288
28084,0.038115464245
28085,0.030000466554
28086,0.029984533537
28087,0.029744459571
28088,0.029156516824
28089,0.028885637417
28090,0.028794967347
28091,0.028629302593
28092,0.030197505242
28093,0.031122644335
28094,0.030874343724
28095,0.031557831513
28096,0.030693089518
28097,0.030863743059
28098,0.030500034441
28099,0.030261293834
28100,0.032347910132
28101,0.033996784349
28102,0.034838900329
28103,0.035114029957
28104,0.034118556606
28105,0.050683718936
28106,0.052099637385
28107,0.053511600731
28108,0.061975652872
28109,0.062160760346
28110,0.042516849965
28111,0.056573920648
28112,0.058788045486
28113,0.07151067903
28114,0.074326813965
28115,0.071388760842
28116,0.045511647795
28117,0.038232095667
28118,0.029226788883
28119,0.033294400695
28120,0.22615979741
28121,0.21526823666
28122,0.25566065922
28123,0.23663145235
28124,0.19335669175
28125,0.17362498405
28126,0.17026389948
28127,0.13589415766
28128,0.061771696507
28129,0.061371962976
28130,0.057779871358
28131,0.061745292368
28132,0.074435197916
28133,0.075505932716
28134,0.065207334754
28135,0.085570424716
28136,0.072819521871
28137,0.030356821789
28138,0.03163301306
28139,0.033103308528
28140,0.036490435942
28141,0.041876699654
28142,0.042723364375
28143,0.044732200161
28144,0.047181165501
28145,0.049078862688
28146,0.13857163391
28147,0.061181616377
28148,0.064515676451
28149,0.062925164931
28150,0
28151,0.00093714184997
28152,0.0013360507229
28153,0.00045970417208
28154,0.0024552797415
28155,0.0016818078474
28156,0.0030847144975
28157,0.0026233081276
28158,0.0022022148143
28159,0.0038605530088
28160,0.0033015413142
28161,0.0035436331314
28162,0.0038732918529
28163,0.0047416561155
28164,0.0047454278646
28165,0.0048313328021
28166,0.0048861789721
28167,0.0049730216568
28168,0.0050216850675
28169,0.0042900494792
28170,0.0039930832919
28171,0.0044918432958
28172,0.0049675542383
28173,0.0048218486201
28174,0.0046644824096
28175,0.0048451939029
28176,0.0050334233441
28177,0.0050898171669
28178,0.0050919801844
28179,0.0052232526455
28180,0.005002925162
28181,0.0056150399934
28182,0.0051945025725
28183,0.004761645215
28184,0.0044612380213
28185,0.0044073953636
28186,0.0044075158546
28187,0.0044128288226
28188,0.004747769611
28189,0.0046312953392
28190,0.0046662776172
28191,0.004931197215
28192,0.0049188225419
28193,0.0049543330381
28194,0.005543329441
28195,0.005081255117
28196,0.0050376835477
28197,0.0053210440224
28198,0.0054077983862
28199,0.0051463375961
28200,0.0054587619441
28201,0.017837271903
28202,0.012397972515
28203,0.0071537285036
28204,0.006005866861
28205,0.0055428518452
28206,0.0071273377433
28207,0.0067471333296
28208,0.014612139235
28209,0.0085571318065
28210,0.0084609920012
28211,0.021623431216
28212,0.0215336935
28213,0.020965532365
28214,0.021529630652
28215,0.007089203619
28216,0.0072000937181
28217,0.0072930372735
28218,0.0074116724437
28219,0.0075608151992
28220,0.0076681692294
28221,0.0078470228544
28222,0.0080109222543
28223,0.0082932084596
28224,0.008483159735
28225,0.0083607863401
28226,0.0086828378126
28227,0.0091403097989
28228,0.0093420222973
28229,0.0095060440302
28230,0.0095906792091
28231,0.0081468747944
28232,0.0096437546444
28233,0.0096931786458
28234,0.0098926082636
28235,0.0097665342116
28236,0.0090885290248
28237,0.009565877549
28238,0.0086078880852
28239,0.0073326169864
28240,0.0074933480251
28241,0.0071978589083
28242,0.0076684238952
28243,0.0077755998004
28244,0.0067555593442
28245,0.0067269949766
28246,0.0070520199615
28247,0.0070042570688
28248,0.0067518098572
28249,0.0065464190575
28250,0.0071454514105
28251,0.0068502241028
28252,0.0069664459202
28253,0.0078086242625
28254,0.0073739186957
28255,0.0064805161385
28256,0.0061023712613
28257,0.0065260624747
28258,0.0063078819334
28259,0.0062214388609
28260,0.0061051161833
28261,0.006190593718
28262,0.0060329674409
28263,0.0063951613274
28264,0.0067060842921
28265,0.006992118012
28266,0.0080399312405
28267,0.0077214850841
28268,0.0074916030421
28269,0.0072424156571
28270,0.0084097311588
28271,0.008686974538
28272,0.033868283792
28273,0.034566565532
28274,0.035017328215
28275,0.036833090813
28276,0.038574139663
28277,0.032690902953
28278,0.033964266549
28279,0.036007360409
28280,0.037661745588
28281,0.039139290805
28282,0.038976205974
28283,0.039775190519
28284,0.040378980044
28285,0.038153427948
28286,0.031317965014
28287,0.031334888795
28288,0.03133590799
28289,0.030925769445
28290,0.030688308523
28291,0.030923894973
28292,0.031387327625
28293,0.031514543828
28294,0.031080356165
28295,0.030966491329
28296,0.031981589633
28297,0.031167124642
28298,0.031769202176
28299,0.031557984498
28300,0.033018302499
28301,0.034344048088
28302,0.036671581967
28303,0.037094832951
28304,0.037570153764
28305,0.038203529805
28306,0.054978912634
28307,0.057395092883
28308,0.059892124272
28309,0.070537469364
28310,0.072855930182
28311,0.22493445106
28312,0.20966118097
28313,0.23371428768
28314,0.244414153
28315,0.18822429607
28316,0.1854834742
28317,0.18044900686
28318,0.066238814337
28319,0.06230400873
28320,0.058005641374
28321,0.081748759159
28322,0.088614631252
28323,0.08548894107
28324,0.082589640966
28325,0.1121992401
28326,0.076471684687
28327,0.10818895786
28328,0.04649905441
28329,0.045291802523
28330,0.048243694313
28331,0.050214500926
28332,0.052203025358
28333,0.077685303495
28334,0.073357032126
28335,0.076034834108
28336,0
28337,0.00078719427481
28338,0.0010731013668
28339,0.00035987195604
28340,0.0017183299055
28341,0.0012671266421
28342,0.0030516884297
28343,0.002714184613
28344,0.0022222926844
28345,0.0036144440585
28346,0.003360382799
28347,0.0038864051521
28348,0.0042159357876
28349,0.0041888457423
28350,0.0048981107572
28351,0.004940617078
28352,0.0050160231936
28353,0.0051019525728
28354,0.0052600036525
28355,0.0052572034361
28356,0.0043782309952
28357,0.0041816743967
28358,0.0045915791219
28359,0.0051594443747
28360,0.0050145290399
28361,0.0048121513548
28362,0.0050485186922
28363,0.0052373162728
28364,0.0053498179792
28365,0.0052415527627
28366,0.005399295607
28367,0.0055090491689
28368,0.0050473462831
28369,0.0051644762233
28370,0.0062682619842
28371,0.0062618258784
28372,0.005751004334
28373,0.0052083398378
28374,0.0051956308524
28375,0.0051103761366
28376,0.0048601547165
28377,0.004775720531
28378,0.0047786483827
28379,0.0048696753611
28380,0.0050733391167
28381,0.0049909730293
28382,0.0054066674946
28383,0.005389483123
28384,0.0057561590775
28385,0.0053183516156
28386,0.0052630629589
28387,0.0061709997947
28388,0.0057488481932
28389,0.0058214961099
28390,0.00580614219
28391,0.0059979572414
28392,0.0059980043846
28393,0.0066144068924
28394,0.0056301151686
28395,0.0060185075389
28396,0.0060725734127
28397,0.0057592666338
28398,0.022956423103
28399,0.023227910344
28400,0.022612346116
28401,0.0072767386694
28402,0.0073614048033
28403,0.0074915994271
28404,0.0076248053329
28405,0.0077110201495
28406,0.0078057216789
28407,0.007954896813
28408,0.0081072933643
28409,0.0083834504338
28410,0.0085965150815
28411,0.0089175561762
28412,0.0094141851883
28413,0.0096042210927
28414,0.009888627001
28415,0.0099510928003
28416,0.0099528410434
28417,0.0081734019147
28418,0.0099426923376
28419,0.010187485763
28420,0.010113383739
28421,0.0099982425446
28422,0.009249034918
28423,0.0086897198314
28424,0.009805416918
28425,0.007470714333
28426,0.0073745704521
28427,0.0075915173954
28428,0.0077479449748
28429,0.0077049284034
28430,0.0077039267775
28431,0.0077343830674
28432,0.0071529230717
28433,0.0073882857201
28434,0.0073437825755
28435,0.007164018176
28436,0.0074889028442
28437,0.0068334787642
28438,0.0071334118583
28439,0.0071759826797
28440,0.0074247514567
28441,0.0075807957347
28442,0.0074386127619
28443,0.0068384043212
28444,0.0063843780261
28445,0.006285451548
28446,0.006813813273
28447,0.0065094123656
28448,0.0062944454603
28449,0.0060564274897
28450,0.0059528319795
28451,0.0061702470858
28452,0.0062917488247
28453,0.0066711216293
28454,0.0069662543234
28455,0.0086097213956
28456,0.0082168156628
28457,0.007859249686
28458,0.0075850391747
28459,0.0073240586222
28460,0.0088982794327
28461,0.03951166532
28462,0.038915355619
28463,0.03463051166
28464,0.036017771241
28465,0.038449723332
28466,0.04246940383
28467,0.044612595481
28468,0.046793362675
28469,0.037972738041
28470,0.039221782919
28471,0.039920213755
28472,0.036879211993
28473,0.032259692157
28474,0.032416717757
28475,0.032577812197
28476,0.032419344362
28477,0.031950761193
28478,0.032315664436
28479,0.031779820132
28480,0.03247449579
28481,0.031020340668
28482,0.030890325373
28483,0.030784870955
28484,0.030988066455
28485,0.030711490326
28486,0.031786479799
28487,0.032997013428
28488,0.032868708595
28489,0.033456150393
28490,0.034354768919
28491,0.036097549575
28492,0.038433722156
28493,0.039055131207
28494,0.039251207274
28495,0.039547644647
28496,0.058999134188
28497,0.065372603763
28498,0.071909476441
28499,0.21929894731
28500,0.19249318194
28501,0.23990210777
28502,0.25392497235
28503,0.18872890004
28504,0.1918217322
28505,0.19455795655
28506,0.067002576533
28507,0.059965159064
28508,0.081447882328
28509,0.09274454071
28510,0.095152892387
28511,0.093102147353
28512,0.16399730096
28513,0.19049805363
28514,0.14817697188
28515,0.20989163431
28516,0.18560758021
28517,0.050496301597
28518,0.050873767314
28519,0.059125082129
28520,0.054463921197
28521,0.05349296599
28522,0.055654656116
28523,0.085639285364
28524,0.084762360208
28525,0.094029444635
28526,0
28527,0.00069147591706
28528,0.0010683796522
28529,0.00040567622458
28530,0.0015755768949
28531,0.0030368031544
28532,0.0026042580189
28533,0.001944722322
28534,0.0038230516053
28535,0.0035927847277
28536,0.003283440352
28537,0.0040418228209
28538,0.0043954507797
28539,0.0043868601371
28540,0.0043114103775
28541,0.0042056933209
28542,0.005071316027
28543,0.0052943628107
28544,0.005316401577
28545,0.005487427167
28546,0.005501236393
28547,0.005435455752
28548,0.0044707437905
28549,0.0043631170537
28550,0.0046577778349
28551,0.0053090806886
28552,0.0052026016494
28553,0.0049573563133
28554,0.0047973662602
28555,0.0052706303949
28556,0.0051445331184
28557,0.0055644764906
28558,0.0053975713615
28559,0.0055243630432
28560,0.0057102652678
28561,0.0056769389095
28562,0.0057189248642
28563,0.0056957509461
28564,0.0052051459881
28565,0.0069551520189
28566,0.0068288600313
28567,0.0065894506115
28568,0.0061234653689
28569,0.0055149568723
28570,0.0053904773831
28571,0.0057339385713
28572,0.0055020047044
28573,0.0053966256505
28574,0.0055304081002
28575,0.0050647560069
28576,0.0051739829457
28577,0.0051879430934
28578,0.0053124795957
28579,0.0053117776114
28580,0.0054619612554
28581,0.0055900825841
28582,0.0062392908461
28583,0.0057713959721
28584,0.0060835767963
28585,0.0066061102717
28586,0.0055964734616
28587,0.00583521863
28588,0.0056424317797
28589,0.006969654345
28590,0.0063046447638
28591,0.006851938389
28592,0.0069403555758
28593,0.0067174760676
28594,0.0075952105672
28595,0.0091278031852
28596,0.0078128443439
28597,0.0067843958829
28598,0.0074365334668
28599,0.0075612243915
28600,0.0076810505258
28601,0.0077531036874
28602,0.0078372812964
28603,0.0079236680845
28604,0.0080286270532
28605,0.0081550042995
28606,0.0083113196415
28607,0.0085017910169
28608,0.0086848122045
28609,0.008959962358
28610,0.009336282035
28611,0.00976060017
28612,0.0099016551254
28613,0.010107988967
28614,0.010296796419
28615,0.010301113714
28616,0.0102927447
28617,0.010192683715
28618,0.0079633589737
28619,0.010453512944
28620,0.010421217806
28621,0.010329722731
28622,0.010255063428
28623,0.0088600072096
28624,0.0093359536734
28625,0.0084410222929
28626,0.01019442933
28627,0.0098048625499
28628,0.0075152541034
28629,0.0076292899112
28630,0.007707781329
28631,0.0077616644069
28632,0.0077305792057
28633,0.010888175734
28634,0.0087363964863
28635,0.0080808706578
28636,0.0076257364618
28637,0.0077470351064
28638,0.0076195276229
28639,0.0072319613676
28640,0.0079568741391
28641,0.0073927488208
28642,0.0076036825826
28643,0.0079458139452
28644,0.0078371366389
28645,0.0076661017147
28646,0.0072325365477
28647,0.0066891464138
28648,0.0066700521998
28649,0.0071454412202
28650,0.0067073589099
28651,0.0063825504685
28652,0.0059836420995
28653,0.0059868833295
28654,0.0063119030927
28655,0.0061269464847
28656,0.0066341518017
28657,0.007031134963
28658,0.0091056729911
28659,0.0087920891107
28660,0.0083198898363
28661,0.0079336635411
28662,0.0076784714894
28663,0.0074106269124
28664,0.04944809476
28665,0.046588682655
28666,0.048545011876
28667,0.05022894434
28668,0.052615931698
28669,0.033295716155
28670,0.029164816923
28671,0.029524533116
28672,0.030098478608
28673,0.030401545492
28674,0.031127256413
28675,0.030054151631
28676,0.029218854355
28677,0.032745720974
28678,0.034087436476
28679,0.035632727063
28680,0.037574473634
28681,0.039789720124
28682,0.039864959598
28683,0.040066994889
28684,0.040244576718
28685,0.042271805984
28686,0.062780888703
28687,0.063113385888
28688,0.2295203368
28689,0.19469485151
28690,0.17984235378
28691,0.24981726082
28692,0.27524347497
28693,0.26469891855
28694,0.19297476614
28695,0.17941672514
28696,0.19506450012
28697,0.075716064448
28698,0.087139259019
28699,0.08651842711
28700,0.085678972073
28701,0.081546949018
28702,0.14324006768
28703,0.054225993905
28704,0.071369252717
28705,0.072451189481
28706,0.063929156428
28707,0.08417091409
28708,0.060366547349
28709,0.059421461657
28710,0.1004511699
28711,0.12043175359
28712,0
28713,0.00082353172289
28714,0.0013000008673
28715,0.00046100589965
28716,0.0029247716925
28717,0.0022861633612
28718,0.0026362965376
28719,0.001424123354
28720,0.0018644615008
28721,0.0039380508545
28722,0.0037727496674
28723,0.0035471691512
28724,0.0029923338519
28725,0.0032733209713
28726,0.004079910015
28727,0.0045209548819
28728,0.0045107029417
28729,0.0044844723584
28730,0.0044137156019
28731,0.0043226431011
28732,0.0042143576119
28733,0.0055500409562
28734,0.0054251249658
28735,0.0054620559711
28736,0.0056462814645
28737,0.0056844743193
28738,0.0056303144953
28739,0.0046079822436
28740,0.0044798114012
28741,0.005376879386
28742,0.0049729277806
28743,0.0047949604424
28744,0.0054593628486
28745,0.0053855764005
28746,0.005232722998
28747,0.005752060964
28748,0.005465449597
28749,0.0056781228022
28750,0.0057547594598
28751,0.0058274531126
28752,0.0060293270004
28753,0.0060014935845
28754,0.0059581853515
28755,0.0059379273585
28756,0.0059446870484
28757,0.0077603760587
28758,0.0074892100769
28759,0.0070492357517
28760,0.0064366586559
28761,0.0060401859248
28762,0.0059199846556
28763,0.006359758516
28764,0.005947222863
28765,0.0062209641547
28766,0.0059425188176
28767,0.0058012308492
28768,0.0062411201645
28769,0.0054767557006
28770,0.0056089836667
28771,0.0055521678282
28772,0.0057556141092
28773,0.0055618447717
28774,0.0055456574949
28775,0.0060245341041
28776,0.006080975949
28777,0.0069041744458
28778,0.0068812208338
28779,0.0062068691023
28780,0.0066284767845
28781,0.0071612634059
28782,0.0071187229475
28783,0.005866818343
28784,0.006182391315
28785,0.0060147458605
28786,0.0058416142902
28787,0.0079361359353
28788,0.0071874135516
28789,0.0078948326294
28790,0.0080549099869
28791,0.0092683003068
28792,0.010228125703
28793,0.0091687475472
28794,0.0073862488686
28795,0.0077856513728
28796,0.0078556395522
28797,0.0079467612592
28798,0.0080470594678
28799,0.0081680997875
28800,0.0083181289435
28801,0.0084270164395
28802,0.00857577822
28803,0.0087365372238
28804,0.0090344415728
28805,0.0093751670676
28806,0.0096669024082
28807,0.010149372881
28808,0.010381550801
28809,0.010490899988
28810,0.010616486693
28811,0.010603023497
28812,0.010643542479
28813,0.0082013169504
28814,0.0084488776987
28815,0.010743299504
28816,0.010624388717
28817,0.010513365497
28818,0.01056598983
28819,0.0087163910674
28820,0.0091288913335
28821,0.009615003842
28822,0.010494608989
28823,0.010129080165
28824,0.0099517781074
28825,0.007808605648
28826,0.0077887402674
28827,0.007808814833
28828,0.012946461426
28829,0.01196171801
28830,0.013687713264
28831,0.01071095309
28832,0.0093177981645
28833,0.0083002141089
28834,0.0080966236272
28835,0.0082574635926
28836,0.0081365672169
28837,0.0077106646082
28838,0.0084821443586
28839,0.007697178845
28840,0.0080033009287
28841,0.0085461311841
28842,0.00857942114
28843,0.0079740594031
28844,0.0082452954985
28845,0.0079671351233
28846,0.0077038686788
28847,0.0071282962714
28848,0.0070047308009
28849,0.0069974644995
28850,0.0077274104244
28851,0.0073871926662
28852,0.0065428230571
28853,0.0068155894018
28854,0.0063642258072
28855,0.006257864432
28856,0.0060823569105
28857,0.006229224591
28858,0.0065690967148
28859,0.0064570023099
28860,0.0068849061049
28861,0.0092698526246
28862,0.0088753584674
28863,0.008390963861
28864,0.0079992432332
28865,0.0077377427437
28866,0.007535673056
28867,0.050918003458
28868,0.052720700113
28869,0.054352294636
28870,0.028072447686
28871,0.02771944726
28872,0.027820207172
28873,0.02902236769
28874,0.030098293204
28875,0.031574220947
28876,0.029041021781
28877,0.030578920799
28878,0.027954290583
28879,0.040520802564
28880,0.040865795061
28881,0.043495930419
28882,0.042920434658
28883,0.045528708372
28884,0.065234839835
28885,0.24211058622
28886,0.19711538194
28887,0.16944072855
28888,0.1632275303
28889,0.28885761009
28890,0.2886448438
28891,0.2790147609
28892,0.18676747241
28893,0.16488903699
28894,0.19142169582
28895,0.090632692841
28896,0.10171984143
28897,0.088861472823
28898,0.12047887576
28899,0.16041442428
28900,0.090596227522
28901,0.084345828295
28902,0.073428402037
28903,0.080883609608
28904,0.074268244128
28905,0.10918806666
28906,0.10197568041
28907,0.1246732217
28908,0.13337611328
28909,0
28910,0.00095424627042
28911,0.00049118056332
28912,0.0022860274956
28913,0.0026815022948
28914,0.00099284310271
28915,0.0013940273095
28916,0.0018231478406
28917,0.0039273448365
28918,0.0037276306022
28919,0.0034632585296
28920,0.0029838694047
28921,0.0031567961447
28922,0.0040845287381
28923,0.0046482121589
28924,0.0046293570018
28925,0.0045857200749
28926,0.004519895155
28927,0.004437403497
28928,0.004342762572
28929,0.0042387319956
28930,0.0059193470417
28931,0.0057049129828
28932,0.0055359136376
28933,0.0057887360257
28934,0.0057718060083
28935,0.0058586401187
28936,0.0057529014107
28937,0.0056944857822
28938,0.00562926416
28939,0.0046446162684
28940,0.0046766222664
28941,0.0050277272284
28942,0.004900254246
28943,0.0059001601217
28944,0.0059213983226
28945,0.0057246756905
28946,0.0055778686675
28947,0.0054617772083
28948,0.0054739746132
28949,0.0052840510034
28950,0.0060158154042
28951,0.0059733296051
28952,0.0058136337518
28953,0.0060286412107
28954,0.0061745283481
28955,0.0063451584116
28956,0.0062191628822
28957,0.0062493501503
28958,0.006257370539
28959,0.0062608872634
28960,0.0084367522427
28961,0.0080936372246
28962,0.0075851256256
28963,0.0068060412032
28964,0.0069820974623
28965,0.0066543916171
28966,0.0071123722713
28967,0.0066974707099
28968,0.0065628520022
28969,0.0064856929868
28970,0.0062873479294
28971,0.0065467069993
28972,0.0067422033405
28973,0.0059223346582
28974,0.0059258295742
28975,0.0061848039286
28976,0.0063399581883
28977,0.0064836587429
28978,0.0067309369965
28979,0.0069792126316
28980,0.0073188612735
28981,0.0072698334416
28982,0.0065720744872
28983,0.0069315918989
28984,0.0076093752864
28985,0.0072859379421
28986,0.0064081448479
28987,0.0063311787464
28988,0.0068886645997
28989,0.0087889302869
28990,0.0084609052299
28991,0.0090571299746
28992,0.0078676480445
28993,0.0079458446032
28994,0.0080306500752
28995,0.0081639409453
28996,0.008289827241
28997,0.0084290408983
28998,0.0085951973794
28999,0.0087389972224
29000,0.0089030206567
29001,0.0091428210118
29002,0.0094567035502
29003,0.0098150407483
29004,0.010463302303
29005,0.010830387207
29006,0.010859636561
29007,0.010857048362
29008,0.011057532247
29009,0.010957786308
29010,0.010916151043
29011,0.010936979424
29012,0.0086070549006
29013,0.0089192420344
29014,0.011010217928
29015,0.010897234511
29016,0.010775608532
29017,0.010909056274
29018,0.010780335431
29019,0.0092996399294
29020,0.0098057993241
29021,0.010165281983
29022,0.010886626354
29023,0.0105794594
29024,0.010337364897
29025,0.007962319758
29026,0.0077995417208
29027,0.0078614599394
29028,0.013924218227
29029,0.014126957273
29030,0.01304837408
29031,0.012433244499
29032,0.011675914427
29033,0.014463037377
29034,0.010733911626
29035,0.0096258044216
29036,0.0086706415449
29037,0.0085625415992
29038,0.0088085293819
29039,0.0087817826296
29040,0.0083583255762
29041,0.0090158538197
29042,0.0084494546673
29043,0.0092589399357
29044,0.0094114697655
29045,0.0091354532129
29046,0.0083028127331
29047,0.0084712596235
29048,0.0087299941353
29049,0.008333249079
29050,0.0073601097731
29051,0.0072150951293
29052,0.0071689606462
29053,0.0084125320395
29054,0.007895796213
29055,0.0075679965801
29056,0.0066451247713
29057,0.0069594725984
29058,0.0067383078316
29059,0.0063024955475
29060,0.0064607044725
29061,0.0064458394711
29062,0.0067102385363
29063,0.0067586985193
29064,0.0070694906291
29065,0.007078770962
29066,0.0092394921477
29067,0.0089235655383
29068,0.0084782909737
29069,0.0081203321039
29070,0.0078484162783
29071,0.0076641448854
29072,0.055385867582
29073,0.057552328863
29074,0.058699866805
29075,0.026405240249
29076,0.024076377334
29077,0.02441772552
29078,0.027787138365
29079,0.030206277966
29080,0.02801550976
29081,0.031956073154
29082,0.030139958048
29083,0.025464883844
29084,0.044151172265
29085,0.046164620861
29086,0.046068052918
29087,0.047789932366
29088,0.050668406352
29089,0.18433653569
29090,0.16212352417
29091,0.15022976035
29092,0.1509325604
29093,0.30813449606
29094,0.3009432229
29095,0.29012649342
29096,0.17579116924
29097,0.16298323621
29098,0.15417863808
29099,0.17775307941
29100,0.1191631213
29101,0.11073691666
29102,0.11905737934
29103,0.18568182357
29104,0.10463851439
29105,0.099886271365
29106,0.099662703223
29107,0.092829748632
29108,0.09006543271
29109,0.11234268773
29110,0.1180400768
29111,0.10986756192
29112,0
29113,0.00049019504828
29114,0.0023047390358
29115,0.0026817548325
29116,0.00094202013378
29117,0.0013315992413
29118,0.0018095454492
29119,0.0039107517846
29120,0.0036796244392
29121,0.0031996889595
29122,0.0034416095373
29123,0.0029009463308
29124,0.0029197558713
29125,0.0041087617405
29126,0.0047976466154
29127,0.004882589663
29128,0.004730186526
29129,0.004651117043
29130,0.0045613367501
29131,0.0044730593645
29132,0.0043787222181
29133,0.004317529661
29134,0.006290464028
29135,0.0058912308046
29136,0.0061682043294
29137,0.0059337719791
29138,0.0058601700439
29139,0.006119744834
29140,0.0060168692866
29141,0.0059282707404
29142,0.0061223118231
29143,0.0048236778902
29144,0.0050168234347
29145,0.0051416103926
29146,0.0053746593546
29147,0.0051184921715
29148,0.0067631545706
29149,0.006760155184
29150,0.0063731097867
29151,0.0065378168073
29152,0.0063013494427
29153,0.0059506500705
29154,0.0055996913202
29155,0.0056333356446
29156,0.0062534003678
29157,0.0062138112668
29158,0.0061340342723
29159,0.0063452427014
29160,0.0063567451643
29161,0.0063685374271
29162,0.0064206372434
29163,0.0065335223148
29164,0.0065005222507
29165,0.0078697982216
29166,0.0078752612749
29167,0.0083877123867
29168,0.0078456969521
29169,0.0073460944552
29170,0.0084694208845
29171,0.0073283819347
29172,0.0070207238179
29173,0.0071055491485
29174,0.0066864528662
29175,0.0067914930321
29176,0.006646973157
29177,0.0070145819573
29178,0.0073584818645
29179,0.0072757649958
29180,0.0075863829384
29181,0.0068330673553
29182,0.0069593837731
29183,0.0067098784198
29184,0.0072939796377
29185,0.0082402285413
29186,0.0079118521521
29187,0.007968120923
29188,0.0081317917522
29189,0.0082636727471
29190,0.0084309353075
29191,0.0086005826244
29192,0.008733082859
29193,0.0088863776404
29194,0.0090062990832
29195,0.0091943429186
29196,0.0094944095418
29197,0.010010968125
29198,0.010725817644
29199,0.010979370368
29200,0.011182378295
29201,0.011177848454
29202,0.011114170235
29203,0.011337401859
29204,0.011249803633
29205,0.011167047165
29206,0.011122097387
29207,0.011132945562
29208,0.0091228445461
29209,0.009717880541
29210,0.011197321388
29211,0.011116324236
29212,0.011033589706
29213,0.011151786795
29214,0.011067081353
29215,0.010190943855
29216,0.010595074147
29217,0.010693556927
29218,0.01132437469
29219,0.011241439254
29220,0.010788871094
29221,0.011203633659
29222,0.00810119003
29223,0.0077998165602
29224,0.014714036935
29225,0.014722062909
29226,0.013909379057
29227,0.014730624115
29228,0.013147024862
29229,0.012406485325
29230,0.011618938769
29231,0.014791735805
29232,0.010722228211
29233,0.0098062192322
29234,0.009016005747
29235,0.0096176160815
29236,0.0095756924934
29237,0.009263016989
29238,0.0091036820686
29239,0.0089570261204
29240,0.010060732143
29241,0.010428172545
29242,0.0099086526052
29243,0.010824919347
29244,0.0094873861213
29245,0.010008387515
29246,0.0091136559586
29247,0.0075149358443
29248,0.0074001808443
29249,0.0073079924389
29250,0.0091226357732
29251,0.0085310390694
29252,0.0080567024656
29253,0.007708049569
29254,0.0070366234672
29255,0.0072930415667
29256,0.0074711875011
29257,0.0066608904967
29258,0.0065103284252
29259,0.0066549517717
29260,0.0069572733879
29261,0.007462949488
29262,0.0069190190798
29263,0.0080009940198
29264,0.0072825736742
29265,0.0093503225285
29266,0.0090417633184
29267,0.0086926004966
29268,0.008328259363
29269,0.0080025298075
29270,0.0078165201205
29271,0.059270555715
29272,0.060104548819
29273,0.021891051954
29274,0.02199234643
29275,0.023254910343
29276,0.027410689911
29277,0.027021171757
29278,0.042587132474
29279,0.031820135771
29280,0.03072958249
29281,0.020596236146
29282,0.052348463127
29283,0.05480352694
29284,0.053490157239
29285,0.053785822882
29286,0.15283475969
29287,0.14278364038
29288,0.14424366164
29289,0.14709617284
29290,0.32359659562
29291,0.30777717271
29292,0.30030179992
29293,0.16511318038
29294,0.15284324351
29295,0.14604274758
29296,0.16756399791
29297,0.12680141543
29298,0.12929192331
29299,0.166707154
29300,0.11324137134
29301,0.11264440836
29302,0.10542957711
29303,0.10404138841
29304,0.10749578476
29305,0.11528168717
29306,0
29307,0.0004467138852
29308,0.0022917148914
29309,0.0026252182846
29310,0.0008560952698
29311,0.0012873193437
29312,0.0018014877169
29313,0.0039859103425
29314,0.0038300618516
29315,0.0036425949009
29316,0.003179902491
29317,0.0029483474918
29318,0.0034104128851
29319,0.0026481044679
29320,0.0041370408995
29321,0.0049489155811
29322,0.005061389504
29323,0.0052081347184
29324,0.0048369646508
29325,0.0047161899635
29326,0.0046047025316
29327,0.0045379829835
29328,0.0045392684579
29329,0.004340060861
29330,0.0070925707094
29331,0.0073495387328
29332,0.00633406768
29333,0.0062262704437
29334,0.0070928274769
29335,0.0062655787091
29336,0.0068075951573
29337,0.0051100684157
29338,0.0052833315389
29339,0.005409030303
29340,0.0054152341315
29341,0.005819003682
29342,0.0056682992056
29343,0.0053690844835
29344,0.007577457424
29345,0.0070164513401
29346,0.0074903114105
29347,0.0069019831385
29348,0.0067515597876
29349,0.0066161102884
29350,0.0060718480041
29351,0.0058489994331
29352,0.0069048199471
29353,0.0092508090438
29354,0.0097212103757
29355,0.0096838243751
29356,0.010205369922
29357,0.0078253819392
29358,0.012795234201
29359,0.0078321630397
29360,0.0084315783896
29361,0.0084299682749
29362,0.0078149731059
29363,0.0086550607326
29364,0.0088496226172
29365,0.0073082984282
29366,0.0079147033985
29367,0.008071576041
29368,0.0082305936802
29369,0.0084119266181
29370,0.0085699642025
29371,0.0087161835507
29372,0.0088513199493
29373,0.0089885857528
29374,0.0091790174095
29375,0.0094528429849
29376,0.009861470012
29377,0.010447088385
29378,0.010923532059
29379,0.011103061696
29380,0.011248014121
29381,0.011356291892
29382,0.01137470951
29383,0.011427797125
29384,0.011310821574
29385,0.011490128339
29386,0.011550756557
29387,0.011455635427
29388,0.011370368357
29389,0.01130499101
29390,0.011275892756
29391,0.011296026497
29392,0.010553995952
29393,0.010824438404
29394,0.010989717826
29395,0.011370001437
29396,0.011305972212
29397,0.011241427203
29398,0.011408925071
29399,0.011370486981
29400,0.011473668391
29401,0.011269771635
29402,0.011157797836
29403,0.011618234756
29404,0.010976068856
29405,0.011304797408
29406,0.011676120805
29407,0.011763231342
29408,0.011837764509
29409,0.011109715819
29410,0.011894873214
29411,0.011517480531
29412,0.0083763737006
29413,0.015533139954
29414,0.015545854367
29415,0.015524854388
29416,0.014683631924
29417,0.013893675607
29418,0.015533697236
29419,0.013182426574
29420,0.012430350089
29421,0.011488307645
29422,0.015820138218
29423,0.010597503054
29424,0.0097536008737
29425,0.0091439866378
29426,0.011563771263
29427,0.011114107963
29428,0.010628106236
29429,0.010149222064
29430,0.0099282101067
29431,0.010778217761
29432,0.011450721139
29433,0.012787884519
29434,0.013865847854
29435,0.011390179772
29436,0.0098182335026
29437,0.0076845415539
29438,0.0076111259312
29439,0.0078290032447
29440,0.0096594017146
29441,0.0091591166997
29442,0.0086189627511
29443,0.0084059981649
29444,0.0085234619606
29445,0.0077786495473
29446,0.0084609796106
29447,0.0071513184933
29448,0.0068881307169
29449,0.0067655638493
29450,0.0069110758716
29451,0.0075150549591
29452,0.00815263433
29453,0.0080197953063
29454,0.0071292999355
29455,0.008718532724
29456,0.0086706800645
29457,0.0077407728069
29458,0.0075031147779
29459,0.009481867925
29460,0.0092231969279
29461,0.0089005789188
29462,0.0084229074908
29463,0.0081579680913
29464,0.0079738982906
29465,0.020340503091
29466,0.021770526236
29467,0.023539761355
29468,0.023320325208
29469,0.060330017042
29470,0.055561778194
29471,0.030409236974
29472,0.017392079341
29473,0.018969888405
29474,0.06201296457
29475,0.064675022812
29476,0.14316469987
29477,0.14213320438
29478,0.14335526866
29479,0.14049185239
29480,0.32789094775
29481,0.31384830766
29482,0.30559295822
29483,0.15884654841
29484,0.14482908821
29485,0.15028769485
29486,0.14133263246
29487,0.16866653997
29488,0.12581818041
29489,0.14113512668
29490,0.13848081807
29491,0.11525308024
29492,0.1126427603
29493,0.11188657784
29494,0.10965958151
29495,0.10938962976
29496,0.11205215117
29497,0.11331324241
29498,0
29499,0.00037760128537
29500,0.0022365295157
29501,0.0007931048239
29502,0.001304622269
29503,0.0017684620492
29504,0.0039538957911
29505,0.0037889707152
29506,0.003642429787
29507,0.0032343883324
29508,0.0029695986488
29509,0.0026641445483
29510,0.0034194979597
29511,0.0023090555468
29512,0.0041317922542
29513,0.0052295831365
29514,0.0050919102715
29515,0.0053148040064
29516,0.0055020493023
29517,0.0049293140208
29518,0.0047529832095
29519,0.0047645741284
29520,0.0047821079129
29521,0.0045651542112
29522,0.0043837136549
29523,0.0077259028802
29524,0.0078060230257
29525,0.0079109263936
29526,0.007097218269
29527,0.0053894426569
29528,0.0053753082889
29529,0.0055189477976
29530,0.0056269806936
29531,0.0056463208321
29532,0.005532622498
29533,0.0059618659187
29534,0.005897205648
29535,0.0055512833573
29536,0.0079043654902
29537,0.0074757236123
29538,0.011054711071
29539,0.01229021829
29540,0.011755084762
29541,0.01403488631
29542,0.016640973323
29543,0.0092353431963
29544,0.0101397023
29545,0.010094457762
29546,0.009577770472
29547,0.0080837560981
29548,0.0082726462175
29549,0.0084253189156
29550,0.0085634043253
29551,0.0086765030334
29552,0.00882365843
29553,0.0089656565493
29554,0.0091618600533
29555,0.009428423338
29556,0.0097201575291
29557,0.010166023491
29558,0.010679079898
29559,0.011043898712
29560,0.011203622887
29561,0.011338174975
29562,0.011444321588
29563,0.01150380193
29564,0.0115493536
29565,0.011618585947
29566,0.011645185505
29567,0.011685077314
29568,0.01161838129
29569,0.011540147896
29570,0.011471054959
29571,0.011428560011
29572,0.011421790655
29573,0.011459562255
29574,0.01231387644
29575,0.01173532994
29576,0.011512041397
29577,0.013823553488
29578,0.01157495805
29579,0.011515948952
29580,0.01146584963
29581,0.011743770598
29582,0.011803135031
29583,0.011723127547
29584,0.011741620509
29585,0.012351107672
29586,0.01206729531
29587,0.012529264138
29588,0.011177115659
29589,0.012618715857
29590,0.012246981196
29591,0.012550722415
29592,0.012755918534
29593,0.012622540397
29594,0.0087455286824
29595,0.016126574346
29596,0.015951260054
29597,0.015959609723
29598,0.016117097159
29599,0.015959063987
29600,0.01617796034
29601,0.016022648501
29602,0.015422756852
29603,0.014627143799
29604,0.013880640142
29605,0.016811425471
29606,0.013351336586
29607,0.012967074421
29608,0.012143412691
29609,0.011410985393
29610,0.018202052818
29611,0.010835327217
29612,0.010152751628
29613,0.0095112505336
29614,0.015520569459
29615,0.014184482307
29616,0.01300493637
29617,0.011736619948
29618,0.01092074618
29619,0.010621938222
29620,0.011981935473
29621,0.013069107964
29622,0.015474498518
29623,0.016032699554
29624,0.017237716291
29625,0.013075919754
29626,0.010387014532
29627,0.0078527512112
29628,0.0079195005205
29629,0.0085378595496
29630,0.0098538299608
29631,0.0091702594728
29632,0.009044149768
29633,0.0091909572491
29634,0.0091843756527
29635,0.0091242081907
29636,0.0091129502295
29637,0.0075871702425
29638,0.0074203602094
29639,0.0072905152851
29640,0.0073192069723
29641,0.0072638312692
29642,0.0079603433236
29643,0.0085812795705
29644,0.0084243971149
29645,0.0074348707744
29646,0.0091216771853
29647,0.0090565578894
29648,0.0085329674188
29649,0.0083350821307
29650,0.0082362993967
29651,0.0095502225179
29652,0.0093470954663
29653,0.0089398791549
29654,0.0084997430906
29655,0.0083033754262
29656,0.0081154506592
29657,0.020409760329
29658,0.023178661717
29659,0.019189320751
29660,0.072134356115
29661,0.06669403095
29662,0.064888395473
29663,0.016510037119
29664,0.01696170827
29665,0.018441086641
29666,0.072528221347
29667,0.14489315115
29668,0.14873347179
29669,0.1513146295
29670,0.13977602452
29671,0.33125756879
29672,0.31831392485
29673,0.30920851495
29674,0.15750721841
29675,0.14189421628
29676,0.14320878354
29677,0.15232568197
29678,0.14551038777
29679,0.16110949857
29680,0.16927262331
29681,0.12851546967
29682,0.13442227179
29683,0.15936489322
29684,0.11079634412
29685,0.11477946685
29686,0.11662199714
29687,0
29688,0.00035488685385
29689,0.0019091684241
29690,0.00077979125255
29691,0.0011302858151
29692,0.00149882769
29693,0.0038667883819
29694,0.0036912660121
29695,0.0032902287655
29696,0.0030654438568
29697,0.002628218926
29698,0.0028113398685
29699,0.0023342169059
29700,0.0034841435266
29701,0.0019803038555
29702,0.0039890372456
29703,0.0042499057277
29704,0.0055130113683
29705,0.0054035862718
29706,0.0052074841973
29707,0.0056786544661
29708,0.0049896291893
29709,0.0050015235882
29710,0.0049973510294
29711,0.0048033806588
29712,0.0045954963174
29713,0.0044365970197
29714,0.0055471996045
29715,0.0055797200248
29716,0.0056060421618
29717,0.013891930376
29718,0.015270269395
29719,0.013674910231
29720,0.016916710342
29721,0.018819971329
29722,0.01072252703
29723,0.011019827324
29724,0.012260522777
29725,0.011967275731
29726,0.009071736877
29727,0.00928589676
29728,0.0094118681306
29729,0.0087206509778
29730,0.0087826866761
29731,0.0089271636342
29732,0.009113492969
29733,0.0094249340321
29734,0.009790584131
29735,0.010317609178
29736,0.010804201188
29737,0.01115097001
29738,0.011293659733
29739,0.0114130353
29740,0.011525184842
29741,0.011594228579
29742,0.011636707926
29743,0.011680854162
29744,0.01172702866
29745,0.011730091286
29746,0.011731899218
29747,0.011771185432
29748,0.011730904751
29749,0.011676159383
29750,0.01161213224
29751,0.011564055129
29752,0.011544116559
29753,0.011558750213
29754,0.01164063495
29755,0.015024436412
29756,0.012807723521
29757,0.016204518228
29758,0.01682739198
29759,0.011880470685
29760,0.011828523573
29761,0.011767367559
29762,0.012072558815
29763,0.012055244188
29764,0.012088121262
29765,0.012383286958
29766,0.01320817053
29767,0.013040709151
29768,0.013398138492
29769,0.013472474072
29770,0.013813668833
29771,0.014030277847
29772,0.016723283173
29773,0.016358994266
29774,0.016385483344
29775,0.016366774252
29776,0.016149220541
29777,0.016946357245
29778,0.016491797252
29779,0.016381121901
29780,0.016222267056
29781,0.015916687516
29782,0.015390218127
29783,0.014460787604
29784,0.013797426733
29785,0.018985359821
29786,0.013509136899
29787,0.013265776081
29788,0.012794703172
29789,0.012101978941
29790,0.011509681491
29791,0.019750042072
29792,0.011065094828
29793,0.01045125414
29794,0.0098168420627
29795,0.018828225617
29796,0.018264971075
29797,0.01681582702
29798,0.013766482492
29799,0.011863294143
29800,0.011288245189
29801,0.011103516603
29802,0.013484613017
29803,0.014796625574
29804,0.01634998218
29805,0.017376741184
29806,0.017526769603
29807,0.018173112834
29808,0.018950103515
29809,0.015211907095
29810,0.01061133075
29811,0.0085267054613
29812,0.0096804052449
29813,0.0094305551874
29814,0.0096735664012
29815,0.0096546544194
29816,0.0095365960637
29817,0.0094738245835
29818,0.0094186565083
29819,0.0078510000852
29820,0.0076685709428
29821,0.0077860233322
29822,0.0079134086472
29823,0.0075113534727
29824,0.0078367449625
29825,0.0075894699168
29826,0.0082256361863
29827,0.0089028332314
29828,0.0086367305315
29829,0.0079667999294
29830,0.0094035828892
29831,0.0093051228389
29832,0.0090792811642
29833,0.0088436158817
29834,0.0091202622408
29835,0.0087534382792
29836,0.0087475529773
29837,0.0093063692939
29838,0.0092492325976
29839,0.0089056608322
29840,0.0086177107463
29841,0.0086002523497
29842,0.020517013336
29843,0.017713486055
29844,0.073478546237
29845,0.072097387074
29846,0.070531895231
29847,0.017592791717
29848,0.01582592689
29849,0.016457278106
29850,0.018193309622
29851,0.15605952146
29852,0.16257965783
29853,0.16543033525
29854,0.1385711184
29855,0.33352467062
29856,0.33417609754
29857,0.32894413989
29858,0.14053368973
29859,0.14160714812
29860,0.15317053834
29861,0.14526906844
29862,0.13947609355
29863,0.17195945486
29864,0.16987767552
29865,0.17309530903
29866,0.24261077285
29867,0.11272071022
29868,0.11163888383
29869,0
29870,0.00037351887801
29871,0.0015948956301
29872,0.00080906073966
29873,0.0012097538441
29874,0.0037311650356
29875,0.0033502756479
29876,0.0030839129795
29877,0.0028743779529
29878,0.002563528441
29879,0.0023555556212
29880,0.0026817110746
29881,0.002044053914
29882,0.0016559320132
29883,0.004084401029
29884,0.0043520826197
29885,0.0056576678514
29886,0.0054625667578
29887,0.0052125879526
29888,0.0051142132279
29889,0.005079276825
29890,0.0049854433352
29891,0.0047859218852
29892,0.0045651560166
29893,0.015809234372
29894,0.016796221821
29895,0.017581347715
29896,0.018275441017
29897,0.012255395753
29898,0.013486751358
29899,0.013819804894
29900,0.01292966063
29901,0.01007214989
29902,0.010266971174
29903,0.0095383828199
29904,0.0088960348004
29905,0.009050487915
29906,0.0091635876293
29907,0.0093554025405
29908,0.0098190927404
29909,0.01038903936
29910,0.010925103667
29911,0.011261323475
29912,0.011374352518
29913,0.011471011262
29914,0.011566393942
29915,0.011648413321
29916,0.011697568225
29917,0.011737016412
29918,0.011773542546
29919,0.01179873517
29920,0.011797231771
29921,0.011821846326
29922,0.011794101399
29923,0.011763613998
29924,0.011721576027
29925,0.0116668622
29926,0.011631708668
29927,0.011631789368
29928,0.011680189774
29929,0.011848393466
29930,0.016527341464
29931,0.017003730615
29932,0.013540240124
29933,0.017895678576
29934,0.01924624608
29935,0.012244480584
29936,0.012283542988
29937,0.012162781422
29938,0.012671151413
29939,0.012319851756
29940,0.013220199622
29941,0.014623912902
29942,0.013503753592
29943,0.013513841787
29944,0.014731862384
29945,0.01564079229
29946,0.016716532419
29947,0.017723836943
29948,0.016998450565
29949,0.016910185169
29950,0.013178495612
29951,0.012830813266
29952,0.012225459672
29953,0.011715657304
29954,0.011319098693
29955,0.010717398228
29956,0.021105577093
29957,0.02100933147
29958,0.021197252132
29959,0.016159800947
29960,0.017519473007
29961,0.018846036204
29962,0.018866325364
29963,0.019068974317
29964,0.019367288422
29965,0.017425108571
29966,0.009165642423
29967,0.0080014686494
29968,0.007973227325
29969,0.0082533256958
29970,0.0084369377595
29971,0.0074989706769
29972,0.008481484915
29973,0.0078678863479
29974,0.0083547255015
29975,0.0090749030422
29976,0.0087004632871
29977,0.0086001671039
29978,0.0096520231874
29979,0.0095546413101
29980,0.0090049133815
29981,0.0092018505734
29982,0.0095161646647
29983,0.0090053438384
29984,0.0090173100674
29985,0.0097925660924
29986,0.0099041673467
29987,0.0098551330503
29988,0.0088526720454
29989,0.0090151749697
29990,0.0093593074436
29991,0.018492176987
29992,0.073506486678
29993,0.019031107877
29994,0.018792447287
29995,0.017772660568
29996,0.017047117061
29997,0.016970218942
29998,0.16992671064
29999,0.17225483547
30000,0.33488375995
30001,0.1392719387
30002,0.13560936889
30003,0.33926840071
30004,0.34358806924
30005,0.33981256238
30006,0.15402898533
30007,0.1420619524
30008,0.13496529308
30009,0.13098392991
30010,0.2029084299
30011,0.31218973226
30012,0.099389143906
30013,0.095482694454
30014,0
30015,0.00042094709329
30016,0.001270620689
30017,0.00087035600253
30018,0.0033393095062
30019,0.003066585435
30020,0.0029474481341
30021,0.0028381608239
30022,0.0025629716036
30023,0.0023593979628
30024,0.0021810124638
30025,0.0027390679527
30026,0.0017964305643
30027,0.0019751850425
30028,0.0012916144461
30029,0.0015578142559
30030,0.017695942519
30031,0.010949128168
30032,0.010426444749
30033,0.0096977632021
30034,0.0098776346472
30035,0.010052992949
30036,0.0091979344008
30037,0.0097538475859
30038,0.010471004761
30039,0.011096097737
30040,0.011395347818
30041,0.0114480203
30042,0.011522663305
30043,0.011579974014
30044,0.011644862414
30045,0.011700319725
30046,0.011755361467
30047,0.0118119178
30048,0.011836344209
30049,0.011862106218
30050,0.011873536493
30051,0.011808267137
30052,0.011820964982
30053,0.011805078234
30054,0.011767449296
30055,0.011712451036
30056,0.011681280105
30057,0.011705299421
30058,0.011800494895
30059,0.011958823838
30060,0.018190141181
30061,0.018804657756
30062,0.019482975535
30063,0.020982575742
30064,0.013430632105
30065,0.014188074427
30066,0.012965967367
30067,0.015159528429
30068,0.013729706564
30069,0.018431488251
30070,0.019091143564
30071,0.016186946391
30072,0.01710905626
30073,0.017585971949
30074,0.013298885611
30075,0.013048774012
30076,0.012477691491
30077,0.011996461975
30078,0.011587442101
30079,0.022458454826
30080,0.022734438574
30081,0.022453554715
30082,0.018756118822
30083,0.02000923755
30084,0.020221733637
30085,0.020335498716
30086,0.02036154843
30087,0.0098201493795
30088,0.0080687089438
30089,0.0083494223233
30090,0.0087218105817
30091,0.0089216716036
30092,0.008704257489
30093,0.0089262190682
30094,0.0083630941463
30095,0.0102416242
30096,0.010093222165
30097,0.0099435298018
30098,0.0091987924707
30099,0.009465543503
30100,0.0098055557116
30101,0.0091483397569
30102,0.0092561582934
30103,0.010421325376
30104,0.010396509217
30105,0.010542446958
30106,0.0093193642406
30107,0.0095950141502
30108,0.010059430607
30109,0.019380879992
30110,0.019534850132
30111,0.019477349117
30112,0.019529477675
30113,0.019058362532
30114,0.018662588086
30115,0.018510340315
30116,0.13805186352
30117,0.13825791185
30118,0.34945420034
30119,0.35121665419
30120,0.34529890427
30121,0.19918839924
30122,0.14535967282
30123,0.13191358778
30124,0.14781497502
30125,0.13031293153
30126,0.13004549173
30127,0.09438192274
30128,0.08256380868
30129,0.090515469277
30130,0
30131,0.00046947811712
30132,0.00093978890305
30133,0.0036203766223
30134,0.0032958313621
30135,0.0030254016976
30136,0.0028853496469
30137,0.0026569390333
30138,0.0024417892483
30139,0.0021806348421
30140,0.0027903176961
30141,0.00174758135
30142,0.0020259646231
30143,0.0018854987256
30144,0.0010027732849
30145,0.0013103935219
30146,0.001554245318
30147,0.01116245793
30148,0.010595366065
30149,0.010780956316
30150,0.011018178396
30151,0.010262084247
30152,0.0095507642908
30153,0.010595769093
30154,0.011283215397
30155,0.01149487197
30156,0.011541825314
30157,0.011536983655
30158,0.011557979425
30159,0.011582919713
30160,0.011582705737
30161,0.011598054338
30162,0.011638684218
30163,0.011747657641
30164,0.011805744926
30165,0.011890879129
30166,0.011911708767
30167,0.01202845824
30168,0.012002015088
30169,0.011898530634
30170,0.011901870134
30171,0.01189697061
30172,0.011858070192
30173,0.011814137843
30174,0.011746671385
30175,0.011779784294
30176,0.01188516361
30177,0.019560826945
30178,0.020240456512
30179,0.021568767465
30180,0.024323622684
30181,0.014923220511
30182,0.016001166086
30183,0.016634765584
30184,0.017347595677
30185,0.019680736561
30186,0.020225957099
30187,0.020359695434
30188,0.013643350442
30189,0.013448066234
30190,0.01285483219
30191,0.012325059621
30192,0.011858182031
30193,0.023323276907
30194,0.023369901191
30195,0.023499528001
30196,0.020765508893
30197,0.021215844285
30198,0.021634366756
30199,0.02149178869
30200,0.010442265203
30201,0.0082889097371
30202,0.0086038452327
30203,0.009102564475
30204,0.0091921510818
30205,0.0089418715452
30206,0.0091375886205
30207,0.0088852652452
30208,0.0093090930472
30209,0.010785552521
30210,0.010620491103
30211,0.010497769399
30212,0.010207280032
30213,0.0093264287106
30214,0.0096751217905
30215,0.010018006336
30216,0.0094359134468
30217,0.0096581237335
30218,0.010723659671
30219,0.010713292962
30220,0.010709873204
30221,0.0097955097501
30222,0.010021820444
30223,0.010451012091
30224,0.010727432812
30225,0.019817599762
30226,0.01977963513
30227,0.019787717979
30228,0.019921672121
30229,0.019893900763
30230,0.019808468485
30231,0.01961618649
30232,0.13053671941
30233,0.13442801277
30234,0.35506249096
30235,0.35073852923
30236,0.35433483251
30237,0.17124666446
30238,0.17322439339
30239,0.13166229909
30240,0.13333271458
30241,0.13874937551
30242,0.13093215744
30243,0.1516796535
30244,0.13121147419
30245,0.078410333823
30246,0.075818800436
30247,0
30248,0.00067837676964
30249,0.00032198659512
30250,0.0041597524658
30251,0.0050195462686
30252,0.0035905801904
30253,0.0032159274191
30254,0.0029626198168
30255,0.0027596149121
30256,0.0025971589752
30257,0.0022766058162
30258,0.0024090221533
30259,0.0021212784188
30260,0.0017261503127
30261,0.0019880942342
30262,0.0018615460922
30263,0.00077286220195
30264,0.0010974000878
30265,0.00091298459448
30266,0.0014103419519
30267,0.0012313671612
30268,0.0015711188229
30269,0.011369523862
30270,0.011609167233
30271,0.011937084305
30272,0.01141086743
30273,0.010623207112
30274,0.011615192085
30275,0.011634585213
30276,0.011643958918
30277,0.011660948218
30278,0.011617887733
30279,0.01158118673
30280,0.011589993002
30281,0.011663203723
30282,0.012142166858
30283,0.012202062987
30284,0.012136702628
30285,0.01208612596
30286,0.022719633869
30287,0.02520966968
30288,0.026439280187
30289,0.017913959367
30290,0.014110711666
30291,0.01400731592
30292,0.01330734764
30293,0.01267307364
30294,0.012141379491
30295,0.023743064828
30296,0.023754639684
30297,0.023802670749
30298,0.023485967842
30299,0.023869004446
30300,0.011019652296
30301,0.0094131294884
30302,0.0093430058192
30303,0.0090795822296
30304,0.0093716978155
30305,0.0096044993967
30306,0.01129865622
30307,0.011086567206
30308,0.010974839017
30309,0.010982238654
30310,0.010636122506
30311,0.010363547828
30312,0.0095700380605
30313,0.0096312856048
30314,0.0099015459345
30315,0.0097243737003
30316,0.010152446039
30317,0.0097346846412
30318,0.0097790751494
30319,0.0098061928268
30320,0.0098209260601
30321,0.010654401248
30322,0.010770046397
30323,0.010571933839
30324,0.010214271627
30325,0.010620801796
30326,0.01103122253
30327,0.011301928429
30328,0.019878319
30329,0.0198612656
30330,0.019852253581
30331,0.019963074532
30332,0.020277512205
30333,0.02053837343
30334,0.020539319777
30335,0.16332977478
30336,0.35320814246
30337,0.14438661567
30338,0.15241815592
30339,0.13185903047
30340,0.1321602602
30341,0.14332328795
30342,0.14533155562
30343,0.16872786636
30344,0.13514590375
30345,0.073033842156
30346,0.070347303627
30347,0.068359369741
30348,0
30349,0.00053220267177
30350,0.0002355057047
30351,0.0051289787744
30352,0.0042383379735
30353,0.0067111461922
30354,0.0036500314919
30355,0.0032762353303
30356,0.0029928968239
30357,0.0027243469822
30358,0.0025609675024
30359,0.0022231438859
30360,0.0023327113647
30361,0.0020679426575
30362,0.0017313185733
30363,0.0019677959202
30364,0.0019088378544
30365,0.0018118822027
30366,0.0007332471671
30367,0.0010242965002
30368,0.00086040043522
30369,0.0013653336281
30370,0.0011505226182
30371,0.0016706105052
30372,0.001494345653
30373,0.01247239237
30374,0.012890114366
30375,0.012430581519
30376,0.011917196315
30377,0.011710303423
30378,0.011729490427
30379,0.011735153612
30380,0.011761763722
30381,0.011726651193
30382,0.011661824058
30383,0.011790166018
30384,0.0118911318
30385,0.026457971771
30386,0.027276736439
30387,0.027821927275
30388,0.015161159641
30389,0.014769534936
30390,0.013720325401
30391,0.013023765888
30392,0.011562310843
30393,0.0096867631073
30394,0.0096327093318
30395,0.0099136167576
30396,0.0099586214507
30397,0.011779186586
30398,0.011516858992
30399,0.011315637134
30400,0.011339193765
30401,0.011375545743
30402,0.011069858453
30403,0.010714013148
30404,0.010456449418
30405,0.0097394524056
30406,0.009858767797
30407,0.0098316979938
30408,0.0099390969621
30409,0.010229630671
30410,0.0099553120595
30411,0.009904452714
30412,0.0098379374261
30413,0.009914245884
30414,0.010986425979
30415,0.01079696269
30416,0.011192119089
30417,0.011034441072
30418,0.011434876783
30419,0.011632344025
30420,0.011847280933
30421,0.019875110839
30422,0.019751461931
30423,0.019636119656
30424,0.019686959871
30425,0.020271756632
30426,0.02088738382
30427,0.021116538952
30428,0.19548821618
30429,0.14893542093
30430,0.16062608905
30431,0.15038602545
30432,0.15182269336
30433,0.15610504273
30434,0.15160924637
30435,0.1575617132
30436,0.14654282754
30437,0.16042919726
30438,0.06273143496
30439,0.062958836806
30440,0.063248675884
30441,0
30442,0.00036792075088
30443,0.00056453235019
30444,0.00017434559524
30445,0.0061321386769
30446,0.0050652837079
30447,0.0042022314806
30448,0.008176887373
30449,0.0073763637631
30450,0.0036374546624
30451,0.0032948784334
30452,0.0030057450698
30453,0.0027455333515
30454,0.0025780129132
30455,0.002142761971
30456,0.0020064544258
30457,0.00074735381104
30458,0.00088859420825
30459,0.0012808738707
30460,0.0010638356174
30461,0.013438328648
30462,0.013993137235
30463,0.013478470856
30464,0.012986670874
30465,0.011798084621
30466,0.011776090653
30467,0.02932429391
30468,0.029101112006
30469,0.017507499664
30470,0.01506579137
30471,0.013919324154
30472,0.01205627768
30473,0.0099704268246
30474,0.010686573305
30475,0.010317672255
30476,0.010737035297
30477,0.012236708162
30478,0.011955997529
30479,0.011659076353
30480,0.011706505462
30481,0.011698927151
30482,0.011432534587
30483,0.011019187476
30484,0.011334053737
30485,0.010747779731
30486,0.01052395537
30487,0.010055659756
30488,0.010060775985
30489,0.010008900041
30490,0.010304524908
30491,0.010056829037
30492,0.010164475811
30493,0.010102796808
30494,0.010033490812
30495,0.011415895371
30496,0.011293206872
30497,0.01155608929
30498,0.012032660211
30499,0.01217775805
30500,0.012346600122
30501,0.019575531026
30502,0.019333495956
30503,0.019156522782
30504,0.019160033972
30505,0.019910376771
30506,0.020846051033
30507,0.021512684654
30508,0.19403170718
30509,0.15617765319
30510,0.16715847785
30511,0.14350160812
30512,0.16503837416
30513,0.14093518108
30514,0.16880170926
30515,0.16043556184
30516,0.15076832995
30517,0.18471998217
30518,0.15967240637
30519,0.054162729152
30520,0.054709663784
30521,0.056092396727
30522,0
30523,0.00031543498354
30524,0.00068223549035
30525,0.00051088824185
30526,0.00011681499129
30527,0.0068542186982
30528,0.0059076477004
30529,0.0050153926667
30530,0.0041941795235
30531,0.0093149514003
30532,0.008582183778
30533,0.0078318915592
30534,0.0036337338194
30535,0.0033322125287
30536,0.0030685622611
30537,0.0028486982028
30538,0.00089082441606
30539,0.00068629098204
30540,0.00075110012406
30541,0.014600660999
30542,0.015114920176
30543,0.014271477209
30544,0.013884451735
30545,0.030214374614
30546,0.022972087758
30547,0.018946886252
30548,0.016342389947
30549,0.012521011604
30550,0.010251413016
30551,0.011099876716
30552,0.010681335819
30553,0.010979458524
30554,0.010610834361
30555,0.011203824512
30556,0.012680528345
30557,0.01240519336
30558,0.012109000161
30559,0.012023900851
30560,0.01166607862
30561,0.011961460673
30562,0.010985474193
30563,0.011282266981
30564,0.011528196177
30565,0.010793968908
30566,0.010586808889
30567,0.010236777427
30568,0.010227461521
30569,0.010221525755
30570,0.010275644459
30571,0.010389008972
30572,0.010214931905
30573,0.010346726948
30574,0.010325114286
30575,0.011767288271
30576,0.011665725279
30577,0.012505969866
30578,0.012652645593
30579,0.012823362175
30580,0.019242391949
30581,0.018656426043
30582,0.0184047003
30583,0.018365724155
30584,0.019289313801
30585,0.02041822886
30586,0.021337276954
30587,0.021645704016
30588,0.17007598635
30589,0.17231321747
30590,0.17468142799
30591,0.141381503
30592,0.15673107537
30593,0.14033202696
30594,0.14519358922
30595,0.13954816766
30596,0.13112800258
30597,0.041582307037
30598,0.047758519598
30599,0.047374801881
30600,0
30601,0.00031968489018
30602,0.00017821030224
30603,0.00055426826966
30604,0.00039431255378
30605,6.0479227668e-05
30606,0.0075655159296
30607,0.0066104563425
30608,0.0058786511432
30609,0.0050216074081
30610,0.0041699857957
30611,0.0094900840001
30612,0.010101750973
30613,0.0088100964227
30614,0.0036583969322
30615,0.0033732745757
30616,0.0031659742467
30617,0.017128256275
30618,0.027006106762
30619,0.023545792369
30620,0.020055964372
30621,0.012979812868
30622,0.010516346158
30623,0.011452440149
30624,0.011460196042
30625,0.010952915925
30626,0.0109992454
30627,0.010922061772
30628,0.011606736718
30629,0.013109907308
30630,0.012831889003
30631,0.012583925612
30632,0.012397115071
30633,0.012268223323
30634,0.011923192509
30635,0.011768294189
30636,0.012188940561
30637,0.011098853314
30638,0.01159870155
30639,0.011421247587
30640,0.01085264676
30641,0.01065603694
30642,0.010371667523
30643,0.010347084449
30644,0.010355779119
30645,0.010353120554
30646,0.010387989168
30647,0.010403166977
30648,0.010489834024
30649,0.010548158439
30650,0.01052448756
30651,0.011880357286
30652,0.012922225652
30653,0.013136833958
30654,0.013306292862
30655,0.018498589738
30656,0.017567068007
30657,0.017380632005
30658,0.017526995211
30659,0.018510081507
30660,0.019761047439
30661,0.021399677003
30662,0.15741709495
30663,0.18562000378
30664,0.17687160166
30665,0.20135134815
30666,0.16588247694
30667,0.13606346156
30668,0.16962327712
30669,0.14901559189
30670,0.14947934865
30671,0.13145195575
30672,0.13193322342
30673,0.1337998176
30674,0.028370411707
30675,0.032118580631
30676,0.03997099936
30677,0.037153521741
30678,0
30679,0.000213330011
30680,7.9761630124e-05
30681,2.2265420312e-05
30682,0.0081093249527
30683,0.0070971321403
30684,0.006505746491
30685,0.0059610988357
30686,0.0048384363268
30687,0.0039505437702
30688,0.010259155581
30689,0.01115492233
30690,0.0092933864912
30691,0.0036028277877
30692,0.0033940124292
30693,0.0265015053
30694,0.023864904381
30695,0.013425192235
30696,0.010980420139
30697,0.011805602062
30698,0.011467753056
30699,0.01196996172
30700,0.011432195231
30701,0.011408130325
30702,0.011993123193
30703,0.01351580846
30704,0.013225908325
30705,0.012977060714
30706,0.012770863651
30707,0.012613316412
30708,0.012426296546
30709,0.012031917669
30710,0.011877403122
30711,0.012419704421
30712,0.012289710177
30713,0.011096011722
30714,0.011326200021
30715,0.011710887192
30716,0.011519859981
30717,0.010944243552
30718,0.010700785151
30719,0.010440833516
30720,0.010418667332
30721,0.010438092581
30722,0.010475143577
30723,0.010506158153
30724,0.010497979232
30725,0.010604268111
30726,0.010687044711
30727,0.010814942415
30728,0.010545184127
30729,0.010859726762
30730,0.013491986301
30731,0.01366101347
30732,0.013761001499
30733,0.01792484116
30734,0.016477145472
30735,0.016144251711
30736,0.017326151095
30737,0.01908501189
30738,0.019512801517
30739,0.02041661613
30740,0.17384735128
30741,0.20189499797
30742,0.19750715214
30743,0.18592232646
30744,0.14653486188
30745,0.13244805671
30746,0.18194409553
30747,0.24550823692
30748,0.17903797799
30749,0.2251992856
30750,0.12976084676
30751,0.1316810771
30752,0.13259674071
30753,0.13767491957
30754,0.13899076964
30755,0.022446433453
30756,0.02363614193
30757,0.026492089963
30758,0.033866127228
30759,0.029464075088
30760,0.031108104414
30761,0
30762,0.0067268448066
30763,0.0065748357638
30764,0.011481758933
30765,0.010830880758
30766,0.012411104216
30767,0.026105210771
30768,0.013829054482
30769,0.012023745744
30770,0.011725397816
30771,0.012200301341
30772,0.012217203608
30773,0.012377254359
30774,0.012133643327
30775,0.012372508591
30776,0.013893714381
30777,0.013594093115
30778,0.01332438319
30779,0.013101986249
30780,0.012931727064
30781,0.012851994693
30782,0.012636800084
30783,0.012144752091
30784,0.012002653255
30785,0.012550562193
30786,0.012402558283
30787,0.011290375366
30788,0.011501484974
30789,0.011648625079
30790,0.011845152717
30791,0.010753881706
30792,0.010458621387
30793,0.010449890435
30794,0.010488238533
30795,0.010563432571
30796,0.010556976776
30797,0.010555539251
30798,0.010627733968
30799,0.010697622757
30800,0.010818260236
30801,0.014078727481
30802,0.014117755051
30803,0.014161821312
30804,0.016999865201
30805,0.01623800295
30806,0.016359079421
30807,0.016656524006
30808,0.020227395068
30809,0.021952183259
30810,0.19540386768
30811,0.25634803304
30812,0.13933550476
30813,0.18926747804
30814,0.14388566854
30815,0.1349166837
30816,0.13671864086
30817,0.16780847812
30818,0.13246350642
30819,0.13092424448
30820,0.13465742279
30821,0.1479939016
30822,0.14508622549
30823,0.1503950046
30824,0.021776944025
30825,0.021353765089
30826,0.023042899614
30827,0.021382788513
30828,0.025300121128
30829,0.022926408758
30830,0.0067266219914
30831,0.011926057956
30832,0.01250696384
30833,0.012860632243
30834,0.014210777199
30835,0.012777149857
30836,0.012786467694
30837,0.012609862709
30838,0.012750425716
30839,0.012830994357
30840,0.012678433818
30841,0.01424844627
30842,0.013940972182
30843,0.013647487783
30844,0.0133922313
30845,0.013187392005
30846,0.013044585936
30847,0.012840755194
30848,0.013031059874
30849,0.012758558675
30850,0.012284372504
30851,0.012158255253
30852,0.012725889483
30853,0.012633956546
30854,0.012561398279
30855,0.014493995319
30856,0.014525251764
30857,0.014556968486
30858,0.017357446923
30859,0.017486617683
30860,0.017561923311
30861,0.017745673172
30862,0.017354507337
30863,0.016480208795
30864,0.14528434159
30865,0.14493570567
30866,0.14167385556
30867,0.13931986788
30868,0.16786807197
30869,0.21234901318
30870,0.13087433334
30871,0.13172342301
30872,0.13653699639
30873,0.13344860649
30874,0.1561818131
30875,0.15264276219
30876,0.15843077169
30877,0.020741175763
30878,0.020540849082
30879,0.020448116545
30880,0.021901717396
30881,0.020502015311
30882,0.020752896138
30883,0.014577806141
30884,0.01316121143
30885,0.013155183031
30886,0.013061133325
30887,0.013116302078
30888,0.013286650123
30889,0.01457654967
30890,0.014259719159
30891,0.013954106049
30892,0.013671449821
30893,0.013427148919
30894,0.013223919598
30895,0.012932536804
30896,0.013225988749
30897,0.013083978554
30898,0.012870091422
30899,0.012500600606
30900,0.012829120473
30901,0.012798521241
30902,0.012797346233
30903,0.014917136419
30904,0.0149234181
30905,0.014923077671
30906,0.019508272675
30907,0.018422897338
30908,0.018338940644
30909,0.018324354436
30910,0.018357865875
30911,0.017904946965
30912,0.017447442197
30913,0.1435556937
30914,0.14629916681
30915,0.15589246456
30916,0.17607760451
30917,0.20025824479
30918,0.19623175558
30919,0.12852053338
30920,0.13004815492
30921,0.13566713487
30922,0.13255784858
30923,0.16048787475
30924,0.15879338283
30925,0.1612377272
30926,0.019907444465
30927,0.019836400834
30928,0.019657694246
30929,0.019848576869
30930,0.019767210392
30931,0.014906707461
30932,0.013288560779
30933,0.013362257047
30934,0.014880346215
30935,0.014560393532
30936,0.014245119427
30937,0.013943039434
30938,0.013663678222
30939,0.013421981547
30940,0.01299785502
30941,0.013378544748
30942,0.013201184266
30943,0.013071949485
30944,0.012974193138
30945,0.012969523307
30946,0.012970447416
30947,0.015266777164
30948,0.015249221628
30949,0.015228085259
30950,0.019650380555
30951,0.019240703124
30952,0.019108872708
30953,0.019108350994
30954,0.01883468266
30955,0.018377058452
30956,0.17358932638
30957,0.19536410798
30958,0.1887022151
30959,0.13732197973
30960,0.20144028001
30961,0.13059596963
30962,0.13388019173
30963,0.13157579286
30964,0.14875262224
30965,0.16034357524
30966,0.16260258286
30967,0.16311937282
30968,0.1666697681
30969,0.01909601081
30970,0.018722745296
30971,0.01519591659
30972,0.015162190221
30973,0.01485523397
30974,0.014539446989
30975,0.014222285916
30976,0.013915844773
30977,0.013626483888
30978,0.01302171017
30979,0.013258596467
30980,0.013520721212
30981,0.013023416036
30982,0.013039480921
30983,0.01305068654
30984,0.01554181018
30985,0.015524386989
30986,0.015494139271
30987,0.22965536216
30988,0.19058687604
30989,0.16103814343
30990,0.29893028556
30991,0.27516123568
30992,0.13381788463
30993,0.13492413106
30994,0.13592052709
30995,0.13781990362
30996,0.18097999269
30997,0.17950256492
30998,0.16494210456
30999,0.1641189429
31000,0.17118007324
31001,0.16707507131
31002,0.015457479613
31003,0.0154173279
31004,0.015132177937
31005,0.014835189869
31006,0.01452109831
31007,0.014202048605
31008,0.01387877959
31009,0.013836052328
31010,0.015812442076
31011,0.015780209071
31012,0.015741388645
31013,0.31615726639
31014,0.2991404833
31015,0.27816907411
31016,0.3515073639
31017,0.14355068629
31018,0.13973532838
31019,0.15459727479
31020,0.17288871225
31021,0.27318461809
31022,0.36476745
31023,0.16383189459
31024,0.16807431254
31025,0.1728432214
31026,0.015693746686
31027,0.015643350272
31028,0.015378714942
31029,0.015106953526
31030,0.014819139256
31031,0.014509626106
31032,0.014184073874
31033,0.01417134071
31034,0.016057787515
31035,0.016020823128
31036,0.015962633571
31037,0.14796913348
31038,0.14371723575
31039,0.14527939639
31040,0.21693986972
31041,0.1694618526
31042,0.17270650778
31043,0.17574478382
31044,0.015903460179
31045,0.015848615372
31046,0.015601382642
31047,0.015351201907
31048,0.0150929522
31049,0.014815506508
31050,0.014508039682
31051,0.014524728707
31052,0.016303014137
31053,0.01623523333
31054,0.016160005249
31055,0.16275312225
31056,0.14585625673
31057,0.14550958917
31058,0.14523445128
31059,0.15993534785
31060,0.1736893367
31061,0.17477627995
31062,0.17656218083
31063,0.016093391486
31064,0.01603984954
31065,0.015812530245
31066,0.01558073745
31067,0.015343465539
31068,0.015092425801
31069,0.014822482349
31070,0.014851907886
31071,0.016524026946
31072,0.016435521571
31073,0.016346156207
31074,0.16427320291
31075,0.14292902671
31076,0.14299787291
31077,0.14571398887
31078,0.17621374208
31079,0.17724942776
31080,0.19019992765
31081,0.016274702008
31082,0.016236276492
31083,0.016023019393
31084,0.015812166679
31085,0.015590424064
31086,0.015355022674
31087,0.015110097192
31088,0.015134370174
31089,0.016714240095
31090,0.016606890503
31091,0.016525773982
31092,0.14780971214
31093,0.13915695524
31094,0.13980703322
31095,0.13712959808
31096,0.14574001984
31097,0.14291675212
31098,0.23805835633
31099,0.016476404959
31100,0.01647329004
31101,0.016255772098
31102,0.016048558305
31103,0.015841732185
31104,0.015614202501
31105,0.015382029632
31106,0.015414564802
31107,0.016908865579
31108,0.016822659177
31109,0.016760983358
31110,0.13892473174
31111,0.13486663363
31112,0.13560035499
31113,0.13328777635
31114,0.1381504427
31115,0.14523420778
31116,0.15887562787
31117,0.14779249335
31118,0.14946799076
31119,0.016748866928
31120,0.016768060997
31121,0.016551789028
31122,0.016338307404
31123,0.01612359349
31124,0.01588476865
31125,0.015656293634
31126,0.015717268989
31127,0.017189666703
31128,0.017143307225
31129,0.017084109213
31130,0.14270212634
31131,0.14024944263
31132,0.1434697623
31133,0.1302569672
31134,0.13496691144
31135,0.1315406818
31136,0.12928236017
31137,0.19002479852
31138,0.17762247286
31139,0.18420781452
31140,0.19526819786
31141,0.017050207167
31142,0.017069195067
31143,0.01688962337
31144,0.016702873372
31145,0.01647661942
31146,0.016216803581
31147,0.015964659575
31148,0.016078382715
31149,0.017646098088
31150,0.017562506221
31151,0.017394634696
31152,0.20124229196
31153,0.32502031332
31154,0.16058955645
31155,0.13680392295
31156,0.1456181118
31157,0.12962292397
31158,0.19836919771
31159,0.19695153875
31160,0.26647625045
31161,0.017267225985
31162,0.017231221968
31163,0.01720566589
31164,0.01712059392
31165,0.016922032117
31166,0.016654813715
31167,0.016357597307
31168,0.016524245981
31169,0.018209737403
31170,0.017913532982
31171,0.01761201712
31172,0.16810965518
31173,0.19542029994
31174,0.14110003427
31175,0.13448299178
31176,0.13621869333
31177,0.17144505742
31178,0.017204477497
31179,0.017389636184
31180,0.017514966987
31181,0.017545933908
31182,0.01740739738
31183,0.01718097921
31184,0.016875214747
31185,0.017067378879
31186,0.018666755321
31187,0.018155757914
31188,0.017493200487
31189,0.1505139961
31190,0.13445125296
31191,0.15022848871
31192,0.13770609771
31193,0.13588742263
31194,0.017062897866
31195,0.017166276919
31196,0.017858303781
31197,0.01795233998
31198,0.017918658035
31199,0.01770983768
31200,0.017427556005
31201,0.017612727444
31202,0.019221342784
31203,0.018158534863
31204,0.017482348051
31205,0.017064016816
31206,0.13389089628
31207,0.1296992674
31208,0.12986938866
31209,0.1295325781
31210,0.12354911394
31211,0.1237029528
31212,0.016604266313
31213,0.01843869475
31214,0.018498348607
31215,0.01845479659
31216,0.018248676852
31217,0.017964983768
31218,0.018141368008
31219,0.019182840518
31220,0.018239717353
31221,0.016651588547
31222,0.017460603707
31223,0.016866852725
31224,0.13152175885
31225,0.12911994694
31226,0.14713771817
31227,0.1346059951
31228,0.11823193957
31229,0.12128018244
31230,0.01935863003
31231,0.019129186283
31232,0.018836783913
31233,0.01849327517
31234,0.018652112984
31235,0.019320460222
31236,0.017950211129
31237,0.016909776368
31238,0.015876818963
31239,0.12656872525
31240,0.11919540284
31241,0.16606265696
31242,0.18104002207
31243,0.12340735023
31244,0.13142112754
31245,0.16123383852
31246,0.13583930806
31247,0.09994536177
31248,0.020421647218
31249,0.019885057651
31250,0.019465896532
31251,0.019060894005
31252,0.019152422992
31253,0.019345067453
31254,0.018166201696
31255,0.017217529346
31256,0.016506094189
31257,0.016665928773
31258,0.10774685531
31259,0.19747070042
31260,0.23806193781
31261,0.2129043668
31262,0.17114169483
31263,0.11513247855
31264,0.14910382345
31265,0.13734866413
31266,0.1282142357
31267,0.020307645171
31268,0.020135292892
31269,0.019880873791
31270,0.019614781321
31271,0.019667307139
31272,0.01875989994
31273,0.017811384341
31274,0.016922341297
31275,0.016704220861
31276,0.016862269531
31277,0.22600738469
31278,0.24042514707
31279,0.1986976995
31280,0.16108116584
31281,0.17995747553
31282,0.18227649209
31283,0.020522737805
31284,0.021826118765
31285,0.019837061106
31286,0.019880344289
31287,0.019968382178
31288,0.018293244308
31289,0.01779065383
31290,0.017446258542
31291,0.017569857733
31292,0.018398587955
31293,0.21461413177
31294,0.19269080724
31295,0.20289996238
31296,0.20538389972
31297,0.2267008573
31298,0.02356934912
31299,0.021717138689
31300,0.025137831678
31301,0.019881023476
31302,0.018408167511
31303,0.017643502388
31304,0.018340563043
31305,0.019977538303
31306,0.22135176191
31307,0.20516617763
31308,0.21191464248
31309,0.21802604193
31310,0.2225646313
31311,0.2362152166
31312,0.027405389655
31313,0.02725592422
31314,0.028175611307
31315,0.018557953804
31316,0.020870095538
31317,0.028208888651
31318,0.032139115336
31319,0.20390396144
31320,0.21116226821
31321,0.21793905554
31322,0.23866614523
31323,0.25073859615
31324,0.029965181311
31325,0.030410762798
31326,0.030308445597
31327,0.037397892414
31328,0.036887103613
31329,0.038905763028
31330,0.21982767718
31331,0.23697602133
31332,0.24046067517
31333,0.26903448593
31334,0.32928264942
31335,0.031663895581
31336,0.031771191449
31337,0.033083645617
31338,0.031768704514
31339,0.041295185591
31340,0.040248319211
31341,0.040980375475
31342,0.039984614517
31343,0.042619070538
31344,0.043712662834
31345,0.24481934323
31346,0.26474347541
31347,0.24785473043
31348,0.32640015652
31349,0.032952539705
31350,0.033255022172
31351,0.034746841945
31352,0.033419226176
31353,0.043937043243
31354,0.042453260733
31355,0.043832017983
31356,0.043394406685
31357,0.045026119048
31358,0.0468080955
31359,0.22554190791
31360,0.30114226745
31361,0.28328769683
31362,0.034258999802
31363,0.035240464446
31364,0.034858988435
31365,0.04548756458
31366,0.044614335078
31367,0.045026754146
31368,0.04522897589
31369,0.045737690308
31370,0.047451457117
31371,0.047940027958
31372,0.048472849554
31373,0.1956502625
31374,0.23622171822
31375,0.035564986491
31376,0.045555881869
31377,0.045433756513
31378,0.045809337885
31379,0.046137209309
31380,0.04707547331
31381,0.048912217834
31382,0.049326104363
31383,0.049616945369
31384,0.049899874057
31385,0.19038450897
31386,0.21257249281
31387,0.21312966408
31388,0.045710346132
31389,0.045866548389
31390,0.046307092447
31391,0.047297381478
31392,0.048588768016
31393,0.050214063037
31394,0.05089298839
31395,0.051308745988
31396,0.051285129103
31397,0.051399213592
31398,0.23533274993
31399,0.19226960761
31400,0.20025353882
31401,0.1852209207
31402,0.21117050429
31403,0.052363317465
31404,0.053051467133
31405,0.053015046272
31406,0.052328657684
31407,0.22409413702
31408,0.23555708434
31409,0.24078852022
31410,0.31023681765
31411,0.054927477094
31412,0.055545589279
31413,0.055370954421
31414,0.2531889875
31415,0.25091407801
31416,0.25919882437
31417,0.30163238009
31418,0.057836903274
31419,0.05861751249
31420,0.059778674375
31421,0.26594315266
31422,0.31710233944
31423,0.29852242187
31424,0.060418327196
31425,0.061103447871
31426,0.060997158953
31427,0.062272298133
31428,0.062843908385
31429,0.062111803944
31430,0.063422497721
31431,0.063753485178
31432,0.063508901046
31433,0.064224818954
31434,0.064347541524
31435,0.064655573472
