1,0.050864742417
2,0.050338732647
3,0.049641985666
4,0.049462293598
5,0.05014774893
6,0.048466961763
7,0.049966139956
8,0.047735288701
9,0.048473793255
10,0.047495548768
11,0.048042670404
12,0.046078656734
13,0.046164100603
14,0.048727277932
15,0.04594061605
16,0.046620233548
17,0.045723990501
18,0.047485165056
19,0.046177737309
20,0.044837637733
21,0.044627097292
22,0.044780210004
23,0.047428092519
24,0.044717376976
25,0.045340125282
26,0.044676043675
27,0.046698822286
28,0.045508326155
29,0.044694397016
30,0.044015504525
31,0.043984810674
32,0.043750508539
33,0.043634982655
34,0.043927482844
35,0.046897466406
36,0.043882401161
37,0.04462753362
38,0.04403822541
39,0.046119037086
40,0.044941038115
41,0.044403622894
42,0.043891908844
43,0.043228433406
44,0.043442528125
45,0.042975835487
46,0.042974921725
47,0.043325696108
48,0.046366476146
49,0.043066160138
50,0.043951313081
51,0.043206501639
52,0.045562984939
53,0.044069484688
54,0.0442748554
55,0.043513824926
56,0.042845465219
57,0.042437569239
58,0.042357625081
59,0.042345859716
60,0.042802933189
61,0.046360610719
62,0.042310192199
63,0.042876474095
64,0.042546705534
65,0.045243719719
66,0.043303507173
67,0.044113750343
68,0.043174592647
69,0.042348570067
70,0.041963853815
71,0.041977410005
72,0.042049258716
73,0.041953819018
74,0.042624675745
75,0.042357492448
76,0.047945733418
77,0.046359777822
78,0.042010700995
79,0.041942016816
80,0.04252440747
81,0.042292020356
82,0.045258109076
83,0.044035445726
84,0.04321339189
85,0.0423716117
86,0.041986631052
87,0.041745493238
88,0.041643093072
89,0.041640142484
90,0.041884076432
91,0.041772394187
92,0.042216666303
93,0.050724783876
94,0.047638195574
95,0.041941875374
96,0.041807170158
97,0.041843007132
98,0.041793084463
99,0.042099289498
100,0.045557187176
101,0.044266487478
102,0.042987551595
103,0.042249900774
104,0.041882561597
105,0.041846054436
106,0.041568860325
107,0.041656261965
108,0.041564591426
109,0.041388408099
110,0.041424816367
111,0.041337287666
112,0.04165590928
113,0.054332799519
114,0.051144451906
115,0.04783580261
116,0.041906090627
117,0.041784702297
118,0.04167744334
119,0.041717330853
120,0.046216510706
121,0.044807675194
122,0.043583626958
123,0.042796236977
124,0.042282673948
125,0.041882324711
126,0.041433022898
127,0.041528032992
128,0.041193161136
129,0.041556237721
130,0.041447696937
131,0.041342789142
132,0.041219867552
133,0.041187763298
134,0.041033088067
135,0.041627394094
136,0.0415622624
137,0.057319661289
138,0.054880663153
139,0.049681715793
140,0.041687923124
141,0.04166028972
142,0.041571121044
143,0.046828524944
144,0.04482424286
145,0.043762145699
146,0.043474081642
147,0.04274060117
148,0.042428105758
149,0.042047275809
150,0.04160921624
151,0.041126047078
152,0.041050991826
153,0.041232303557
154,0.040798102679
155,0.041496626025
156,0.041435453893
157,0.04137646646
158,0.041289904735
159,0.041202252259
160,0.041109121917
161,0.041037129158
162,0.04087104864
163,0.040745564643
164,0.041501712678
165,0.057525221055
166,0.053945133654
167,0.049766792808
168,0.041596008221
169,0.04170349051
170,0.041522785044
171,0.046618662003
172,0.044288237042
173,0.043282732159
174,0.042842331558
175,0.042485278404
176,0.042295672006
177,0.041897646846
178,0.041623110814
179,0.041271877066
180,0.040752275391
181,0.040769408619
182,0.040981489904
183,0.040429610205
184,0.040368582307
185,0.041460107307
186,0.041380864154
187,0.041311392837
188,0.041236260925
189,0.041162371324
190,0.041053320896
191,0.040979611971
192,0.040847528224
193,0.040639949034
194,0.040618988506
195,0.057150981021
196,0.053322702215
197,0.049468255327
198,0.041655392375
199,0.041561641179
200,0.041975108923
201,0.041506333588
202,0.047541591475
203,0.045232339365
204,0.043579240706
205,0.042920224868
206,0.042615260337
207,0.042573315066
208,0.042282738086
209,0.041997160075
210,0.041835998558
211,0.041522319977
212,0.041135513016
213,0.040958491509
214,0.040465247918
215,0.0406722652
216,0.04037670013
217,0.040397360537
218,0.040034517901
219,0.040098363927
220,0.040129842848
221,0.039958697915
222,0.041458490405
223,0.041417403303
224,0.041373836486
225,0.041329239571
226,0.041255907118
227,0.041192892328
228,0.041108736978
229,0.040995818915
230,0.040958744359
231,0.040861514002
232,0.040676369405
233,0.040431256553
234,0.05640461754
235,0.051320024877
236,0.041754235968
237,0.041576082402
238,0.041914307746
239,0.048225758158
240,0.045917212286
241,0.044500347373
242,0.043617248952
243,0.042988095828
244,0.042844668935
245,0.042601256832
246,0.042467920783
247,0.042209329602
248,0.042311515592
249,0.04195682507
250,0.041838305445
251,0.041425040282
252,0.04102041374
253,0.040734135424
254,0.040349250357
255,0.039929392844
256,0.04015554875
257,0.039761861256
258,0.039667235001
259,0.039841352381
260,0.039641029234
261,0.041525990055
262,0.041488049186
263,0.041409372068
264,0.041333786289
265,0.041268509893
266,0.041229605176
267,0.041165341155
268,0.041137150668
269,0.04107700244
270,0.041020235367
271,0.04094433358
272,0.040897562211
273,0.0408741765
274,0.040793839877
275,0.040667839863
276,0.04046604426
277,0.04022525676
278,0.056690180857
279,0.051393252902
280,0.041697172061
281,0.041840231199
282,0.042187853509
283,0.048639610454
284,0.046409705018
285,0.044652089974
286,0.043636044218
287,0.043207401542
288,0.042988230708
289,0.042977288053
290,0.042575314005
291,0.042694615915
292,0.042637198998
293,0.042506368324
294,0.042232787382
295,0.042365376952
296,0.041385509706
297,0.040682823207
298,0.040334398257
299,0.04006970776
300,0.039725704334
301,0.039441242134
302,0.039914035353
303,0.039388022528
304,0.03950272493
305,0.039266867141
306,0.039600878429
307,0.039208225591
308,0.041656371334
309,0.041626175692
310,0.041608136706
311,0.041430054589
312,0.041328577455
313,0.041248665069
314,0.041195306837
315,0.041145013944
316,0.04108762091
317,0.041047403521
318,0.040996144941
319,0.040968086935
320,0.040922675468
321,0.040845299071
322,0.040782306517
323,0.040734836828
324,0.04064715027
325,0.04055198643
326,0.040406570319
327,0.040270589809
328,0.040074570061
329,0.055543912087
330,0.053144367738
331,0.041946596766
332,0.042250295795
333,0.049446978606
334,0.04710314084
335,0.045577821206
336,0.044348823867
337,0.043713984538
338,0.043624081081
339,0.043596850036
340,0.042960345088
341,0.043161563177
342,0.043389417056
343,0.043635428519
344,0.043552901917
345,0.045170360551
346,0.043535060922
347,0.042439311821
348,0.041026372977
349,0.040623081164
350,0.040278977461
351,0.040064786423
352,0.03980334837
353,0.039219178604
354,0.038926481897
355,0.03982577124
356,0.039657672673
357,0.038963073327
358,0.039124158964
359,0.039275353634
360,0.038796416543
361,0.039410143134
362,0.041965791247
363,0.042059409712
364,0.042218700692
365,0.041444475319
366,0.041374670589
367,0.041206709547
368,0.041150613018
369,0.041111747248
370,0.041063768095
371,0.041010844679
372,0.040976138694
373,0.040935581692
374,0.040871477319
375,0.040794889671
376,0.040692050281
377,0.040599485727
378,0.040495051039
379,0.040344857862
380,0.040282773566
381,0.040162090693
382,0.040012076024
383,0.057757599211
384,0.056792800246
385,0.042756395986
386,0.051591261599
387,0.047333851067
388,0.046069742814
389,0.044795190443
390,0.04430391231
391,0.044472051509
392,0.045016999786
393,0.044044198665
394,0.045330505113
395,0.045560060714
396,0.047780663243
397,0.048947533705
398,0.046639208592
399,0.046890538688
400,0.049348158245
401,0.043506806224
402,0.044893362488
403,0.042339413669
404,0.042436781473
405,0.040294049285
406,0.040139001721
407,0.039940957079
408,0.039082882034
409,0.038557111709
410,0.038445061633
411,0.039889663838
412,0.039681353154
413,0.039549273965
414,0.03855811617
415,0.038702534845
416,0.038905671502
417,0.039094513573
418,0.038149136155
419,0.039270625264
420,0.043584632157
421,0.043004560217
422,0.043009726535
423,0.041888678397
424,0.041377396789
425,0.041217265689
426,0.041158992952
427,0.04114639679
428,0.041044649769
429,0.041021438939
430,0.040947994123
431,0.040890942427
432,0.040847194087
433,0.040817216916
434,0.040774191319
435,0.040710703164
436,0.040619560253
437,0.04055770377
438,0.040468046472
439,0.040384281156
440,0.040263665834
441,0.040230665117
442,0.040095246165
443,0.065882473557
444,0.061039876849
445,0.054713892445
446,0.048777542505
447,0.047269128357
448,0.045248615302
449,0.046121879516
450,0.047409287732
451,0.048930175023
452,0.048417988093
453,0.051172472298
454,0.054332789012
455,0.051017229484
456,0.053733718413
457,0.058101853758
458,0.056337015296
459,0.051290918419
460,0.05306288937
461,0.045506578588
462,0.046217465989
463,0.044798866537
464,0.043758503001
465,0.041992117374
466,0.03957596605
467,0.038491357954
468,0.037917383341
469,0.037741624603
470,0.039945070249
471,0.039780509353
472,0.039585092514
473,0.039445306251
474,0.038188273636
475,0.038482004955
476,0.038727703184
477,0.038951484601
478,0.037483534173
479,0.037731908577
480,0.039169203221
481,0.041554604388
482,0.04132194398
483,0.041249957027
484,0.041205279142
485,0.041126857858
486,0.041080556823
487,0.041010979355
488,0.040904687232
489,0.040853048829
490,0.040819479292
491,0.040792306375
492,0.040748688334
493,0.040671285292
494,0.040621714583
495,0.040595328562
496,0.040528532265
497,0.040472447483
498,0.040402635457
499,0.040335736995
500,0.040275110431
501,0.040165539825
502,0.04003931279
503,0.074073419334
504,0.064121257268
505,0.056589951341
506,0.051247745888
507,0.049143733158
508,0.051043943358
509,0.053027570817
510,0.057182751137
511,0.061583937253
512,0.057656631545
513,0.060152503157
514,0.061779377638
515,0.05936403709
516,0.056387390557
517,0.054015290696
518,0.050538355976
519,0.048230570424
520,0.045672334826
521,0.043588041303
522,0.042180002451
523,0.039566063992
524,0.037876671556
525,0.037172631407
526,0.036203560003
527,0.036773406451
528,0.039933699723
529,0.039874299355
530,0.039751214898
531,0.039601118833
532,0.039411822221
533,0.03802009854
534,0.037649574931
535,0.038328714631
536,0.038599988574
537,0.038833192178
538,0.036829567422
539,0.037165182374
540,0.039245679021
541,0.039008824256
542,0.04133521522
543,0.04126415615
544,0.041257136951
545,0.041273039113
546,0.041015954093
547,0.040949579798
548,0.040878665197
549,0.040884055552
550,0.040864756806
551,0.040845878837
552,0.040734052444
553,0.040677072757
554,0.040659437603
555,0.040555754561
556,0.040505002485
557,0.040422908538
558,0.04035349389
559,0.040307105983
560,0.040240562795
561,0.040163544017
562,0.04004187874
563,0.077622850441
564,0.074097693484
565,0.069774753747
566,0.06378584363
567,0.058034243432
568,0.05351649952
569,0.057065058681
570,0.060732187751
571,0.063913838797
572,0.066392906703
573,0.065230859795
574,0.062913535003
575,0.064189479345
576,0.064972653523
577,0.063141993845
578,0.059813491426
579,0.055243394953
580,0.052083990484
581,0.051390923944
582,0.047132929358
583,0.045010141581
584,0.0432489299
585,0.040724424278
586,0.040057341359
587,0.03750592757
588,0.036308671723
589,0.036543012629
590,0.035631959431
591,0.035818778257
592,0.039966214652
593,0.03981784633
594,0.039691043664
595,0.039555226793
596,0.039426611535
597,0.037906881733
598,0.037568223274
599,0.037232611407
600,0.038229557417
601,0.038551691933
602,0.038713423797
603,0.036251003787
604,0.036511904689
605,0.036690773331
606,0.039313895006
607,0.039140973257
608,0.038945001849
609,0.04091867362
610,0.040923957205
611,0.040895131923
612,0.040826363363
613,0.040792545474
614,0.040743565416
615,0.040602423663
616,0.040565073303
617,0.040450745798
618,0.040365796001
619,0.040306961869
620,0.040289407693
621,0.040226030227
622,0.040185403572
623,0.040103892784
624,0.079083212976
625,0.078725630661
626,0.077047400474
627,0.07508393728
628,0.068051398769
629,0.065676171469
630,0.06185625932
631,0.062890185339
632,0.065045453963
633,0.066378843984
634,0.068280855107
635,0.070099776059
636,0.068443123183
637,0.06663499332
638,0.066649850288
639,0.066575175885
640,0.065448901482
641,0.064470085851
642,0.062840349964
643,0.05887784294
644,0.054491993736
645,0.050206567112
646,0.046657283662
647,0.044524351992
648,0.04291986388
649,0.043215091823
650,0.037603951875
651,0.035723180213
652,0.037445345046
653,0.035961317953
654,0.034859883152
655,0.03528294085
656,0.04005403104
657,0.039924129907
658,0.039769044561
659,0.039648440217
660,0.039519445977
661,0.039439713539
662,0.037795984215
663,0.037455967761
664,0.037089541444
665,0.038381853454
666,0.038059867333
667,0.038748959784
668,0.038494646759
669,0.035942845968
670,0.036185913148
671,0.036573170316
672,0.036112760307
673,0.039383997076
674,0.039239673559
675,0.039091118627
676,0.038946052014
677,0.040856647584
678,0.040868077928
679,0.040830900666
680,0.040714738195
681,0.040648809121
682,0.040511490558
683,0.040409525686
684,0.040348156727
685,0.040322943102
686,0.040274967807
687,0.040231484504
688,0.040243370586
689,0.040174344113
690,0.040123716403
691,0.080419522363
692,0.079550376724
693,0.079089831728
694,0.078834944116
695,0.068853067109
696,0.06703273159
697,0.065443694885
698,0.0671672469
699,0.068372742391
700,0.069012847496
701,0.070654136356
702,0.072006972612
703,0.072596557133
704,0.071793351269
705,0.069768973246
706,0.068222427298
707,0.067413674503
708,0.067408546549
709,0.067096156252
710,0.065933310942
711,0.06472966473
712,0.064344258693
713,0.061693159911
714,0.057513064976
715,0.052892990402
716,0.04918658109
717,0.046135714295
718,0.043936756094
719,0.044010050137
720,0.039037433562
721,0.034976620027
722,0.035373593118
723,0.037480322162
724,0.036032348726
725,0.034938863274
726,0.034410762022
727,0.034789301494
728,0.034363121125
729,0.040115249224
730,0.04005546074
731,0.040066183766
732,0.039943756164
733,0.039835783755
734,0.03973701046
735,0.039666442791
736,0.039609573702
737,0.039565115754
738,0.039509154399
739,0.039458449882
740,0.037712137557
741,0.037385000515
742,0.036996507996
743,0.038251766968
744,0.038007622904
745,0.038795593085
746,0.038578148151
747,0.038313350945
748,0.03571019075
749,0.036514239951
750,0.036041085947
751,0.035508312346
752,0.039413839392
753,0.039312788934
754,0.039190849857
755,0.039080716117
756,0.039009107182
757,0.040799345965
758,0.040772137903
759,0.040513817528
760,0.040449915045
761,0.040374238878
762,0.040335081951
763,0.040324952218
764,0.04030387064
765,0.040235710303
766,0.040180377399
767,0.081367189388
768,0.080626779075
769,0.079455678279
770,0.079112664616
771,0.081672918691
772,0.06927131283
773,0.070437145626
774,0.070222732416
775,0.071134034484
776,0.073653915037
777,0.073954690226
778,0.073500066469
779,0.072040032227
780,0.069497118448
781,0.070395371243
782,0.070428318102
783,0.070302946388
784,0.069494191409
785,0.069133817187
786,0.067346379673
787,0.066579139823
788,0.066321385939
789,0.064545981682
790,0.061115105178
791,0.057543036901
792,0.054387566403
793,0.050656802699
794,0.047540667148
795,0.045572706367
796,0.043727048254
797,0.040221308524
798,0.034525932455
799,0.034413562705
800,0.034812229067
801,0.035180865976
802,0.038319498944
803,0.03639781643
804,0.035334556055
805,0.034351876655
806,0.034018578436
807,0.033730185698
808,0.034029808237
809,0.040177906395
810,0.040129699207
811,0.040172700259
812,0.040103509664
813,0.040014135319
814,0.039871618017
815,0.039811526743
816,0.03975440293
817,0.039703930731
818,0.039656114522
819,0.03961533994
820,0.039597533364
821,0.039543593134
822,0.039478142759
823,0.037690145021
824,0.037351056242
825,0.036958002374
826,0.038022674167
827,0.038952417144
828,0.038776502931
829,0.038539801813
830,0.038280389811
831,0.036036918419
832,0.036509455528
833,0.035550179072
834,0.035011233562
835,0.035081088439
836,0.03945177243
837,0.03938582773
838,0.039316260565
839,0.039250446586
840,0.039164226496
841,0.039112031291
842,0.040710751821
843,0.040496889022
844,0.040425671604
845,0.040425876905
846,0.040408050731
847,0.040442683783
848,0.040287249037
849,0.040217369622
850,0.073035868557
851,0.073986837625
852,0.071924515883
853,0.070401791342
854,0.070451923287
855,0.068609200282
856,0.068051617149
857,0.068089260113
858,0.066745635277
859,0.064529625568
860,0.061576163652
861,0.057872559071
862,0.054558629451
863,0.051990183671
864,0.04823064496
865,0.046952443457
866,0.04539864498
867,0.042651833189
868,0.039780664283
869,0.033821442292
870,0.034253636713
871,0.034675674075
872,0.037807371806
873,0.036351446839
874,0.035246652394
875,0.03398606294
876,0.033931755427
877,0.033708572716
878,0.033466784817
879,0.033033747935
880,0.033437671842
881,0.040277858989
882,0.040229767835
883,0.04027944131
884,0.040296800524
885,0.040170495643
886,0.040212739253
887,0.039939528439
888,0.039821116491
889,0.039765156619
890,0.039695198111
891,0.039648545205
892,0.039630310882
893,0.039584815526
894,0.039540335008
895,0.039501785954
896,0.037732166784
897,0.037359748325
898,0.03698782655
899,0.038126367292
900,0.039069223027
901,0.038932647824
902,0.038804351558
903,0.038634835917
904,0.03841580075
905,0.036033024062
906,0.035588195446
907,0.036690115304
908,0.036351530717
909,0.035129537644
910,0.034639264296
911,0.034681051779
912,0.039496973975
913,0.039447825441
914,0.03939216333
915,0.03933885019
916,0.03926185324
917,0.03921206113
918,0.039215584446
919,0.039158698867
920,0.040971592137
921,0.040622087994
922,0.040728532185
923,0.040555299715
924,0.040429943058
925,0.069203172173
926,0.069773532043
927,0.069272293218
928,0.066759665878
929,0.064541578709
930,0.061236017994
931,0.059045077323
932,0.055098770818
933,0.052164225205
934,0.048369493342
935,0.045919352111
936,0.044530101777
937,0.043713986586
938,0.040986683785
939,0.038905410772
940,0.033180938467
941,0.03360707231
942,0.034181426829
943,0.036909159383
944,0.035371564836
945,0.034725095914
946,0.033849867663
947,0.03306094725
948,0.032820087144
949,0.032931645086
950,0.032460943209
951,0.032230822262
952,0.032738670757
953,0.040391443411
954,0.040763068294
955,0.041541478973
956,0.041041870387
957,0.040989152107
958,0.040260779525
959,0.040039693895
960,0.039871191112
961,0.039805115558
962,0.039701795702
963,0.039773182609
964,0.039659211526
965,0.039652212977
966,0.039588226532
967,0.039534318179
968,0.037931320117
969,0.037676046165
970,0.037371091102
971,0.037039565515
972,0.038364700985
973,0.038169689958
974,0.039163626889
975,0.039139070428
976,0.039043853774
977,0.038992837891
978,0.038907182004
979,0.03883048931
980,0.038714636186
981,0.038556659893
982,0.036076093732
983,0.035648737481
984,0.035190073948
985,0.036779105151
986,0.036461198311
987,0.034747548417
988,0.034209489958
989,0.03428141901
990,0.039507683713
991,0.039466959424
992,0.039433079859
993,0.039397514784
994,0.039290283472
995,0.039319128906
996,0.039233657343
997,0.041079587506
998,0.041071784116
999,0.040715764234
1000,0.040482009076
1001,0.053424361734
1002,0.048438167918
1003,0.045784861279
1004,0.043668623417
1005,0.042051781756
1006,0.041726823715
1007,0.040018782547
1008,0.037741125184
1009,0.032515817762
1010,0.032991380596
1011,0.033680522929
1012,0.033083882996
1013,0.036350799041
1014,0.034434893353
1015,0.034321364965
1016,0.034460258482
1017,0.033877693792
1018,0.033677532088
1019,0.032472290736
1020,0.031806154343
1021,0.031907244173
1022,0.031703517957
1023,0.031572435756
1024,0.032013399772
1025,0.040659474264
1026,0.041303669142
1027,0.041814147702
1028,0.042498312507
1029,0.04281406925
1030,0.043328332815
1031,0.040538953308
1032,0.039859846393
1033,0.039742747754
1034,0.03977977069
1035,0.03977663395
1036,0.039784060189
1037,0.039677444952
1038,0.03960676312
1039,0.039552985196
1040,0.037994652596
1041,0.037686748735
1042,0.037403872801
1043,0.037044842709
1044,0.038530829292
1045,0.038388462922
1046,0.038255567826
1047,0.039229588522
1048,0.039219196348
1049,0.039152545436
1050,0.039090430792
1051,0.039051678772
1052,0.038968380858
1053,0.038918615241
1054,0.038880485419
1055,0.038781598203
1056,0.038667296696
1057,0.035752114424
1058,0.036215620057
1059,0.035289526489
1060,0.034838327379
1061,0.036656862891
1062,0.034388364127
1063,0.033768468775
1064,0.033892466039
1065,0.039505817328
1066,0.039474304994
1067,0.039466626171
1068,0.039464454282
1069,0.039385703725
1070,0.039465024222
1071,0.03944646264
1072,0.039313439495
1073,0.041022865853
1074,0.045686868545
1075,0.043036127096
1076,0.0422091783
1077,0.041632768743
1078,0.041096244942
1079,0.039983507673
1080,0.038275160479
1081,0.031725856172
1082,0.032475192439
1083,0.033198754864
1084,0.032578377657
1085,0.037066834133
1086,0.035032978203
1087,0.03493126807
1088,0.035206931369
1089,0.034961716723
1090,0.033803426551
1091,0.033635174052
1092,0.033041166536
1093,0.03113795219
1094,0.030351427899
1095,0.0310345783
1096,0.031105187652
1097,0.031006702018
1098,0.031120116135
1099,0.039780375571
1100,0.039851595531
1101,0.039990447557
1102,0.03998708949
1103,0.039751425602
1104,0.039671962522
1105,0.039688263805
1106,0.038275446215
1107,0.03814769045
1108,0.037914867628
1109,0.037490928357
1110,0.037187007087
1111,0.036888920272
1112,0.038658793537
1113,0.038560390452
1114,0.038449243732
1115,0.039394263046
1116,0.039339591643
1117,0.039382801364
1118,0.039225101887
1119,0.039132028916
1120,0.039097513755
1121,0.039024142596
1122,0.038975143484
1123,0.038944139428
1124,0.038878611547
1125,0.038822563012
1126,0.038754154133
1127,0.035853994011
1128,0.035446063748
1129,0.036534941207
1130,0.036174813979
1131,0.034961757751
1132,0.034515050777
1133,0.034038060961
1134,0.033329490683
1135,0.033489540807
1136,0.039663872874
1137,0.039589741238
1138,0.03954161558
1139,0.039545291396
1140,0.039580725148
1141,0.039655863005
1142,0.039474799577
1143,0.043530835747
1144,0.042159593996
1145,0.041183469379
1146,0.04068650207
1147,0.039516215581
1148,0.038937908513
1149,0.030937451428
1150,0.031891352358
1151,0.031127512726
1152,0.032714849409
1153,0.032067434787
1154,0.038582705885
1155,0.037526085937
1156,0.036146392423
1157,0.035224396079
1158,0.034147285554
1159,0.035508205489
1160,0.036213437125
1161,0.03643200942
1162,0.034248317264
1163,0.032977579147
1164,0.030500067094
1165,0.029927239062
1166,0.027320463116
1167,0.027885855164
1168,0.029692524933
1169,0.029799437209
1170,0.030336729535
1171,0.030258501701
1172,0.040190136548
1173,0.040144702433
1174,0.039856756243
1175,0.040070683639
1176,0.038476159136
1177,0.038350692263
1178,0.03822129352
1179,0.038134701318
1180,0.037824828288
1181,0.037507259461
1182,0.037136804959
1183,0.036774393495
1184,0.038749927199
1185,0.038697369529
1186,0.038640019806
1187,0.038613651292
1188,0.039649118851
1189,0.039559755695
1190,0.039682577204
1191,0.039585704712
1192,0.039436004542
1193,0.039245633328
1194,0.039189426686
1195,0.039166319198
1196,0.039077187713
1197,0.039041206224
1198,0.039006732002
1199,0.038978279688
1200,0.038901047539
1201,0.038837252953
1202,0.038820814297
1203,0.035704959119
1204,0.035168802454
1205,0.036521317803
1206,0.036326396993
1207,0.036054473806
1208,0.034668288444
1209,0.034208911215
1210,0.033678144923
1211,0.032871024537
1212,0.033093862103
1213,0.040182926415
1214,0.040208122436
1215,0.040094719256
1216,0.039953789499
1217,0.039913423438
1218,0.039959401468
1219,0.042340589788
1220,0.040360280474
1221,0.040148941325
1222,0.039323767992
1223,0.030356395629
1224,0.031363228114
1225,0.03052892666
1226,0.032228985443
1227,0.03158310337
1228,0.038470364992
1229,0.038066314967
1230,0.037117252116
1231,0.03689501581
1232,0.036241050594
1233,0.035646971838
1234,0.03526643032
1235,0.034035799412
1236,0.035574230412
1237,0.037074191321
1238,0.036994591128
1239,0.034317212285
1240,0.032597493299
1241,0.030541770213
1242,0.030247306974
1243,0.026376916555
1244,0.024992008583
1245,0.023789942801
1246,0.025555326693
1247,0.028628578135
1248,0.028141019925
1249,0.028181259965
1250,0.029465912616
1251,0.029482703356
1252,0.040893599226
1253,0.040416404077
1254,0.040650583696
1255,0.038674565556
1256,0.038577831829
1257,0.038447682115
1258,0.038465769759
1259,0.038348368318
1260,0.038093085077
1261,0.037876984231
1262,0.037573762301
1263,0.0373549442
1264,0.036805647935
1265,0.037139601006
1266,0.038826257529
1267,0.038799257977
1268,0.038815564438
1269,0.038767274959
1270,0.038764767893
1271,0.038729041755
1272,0.038720411724
1273,0.039862497311
1274,0.04237783836
1275,0.041051474338
1276,0.039890298993
1277,0.039508750867
1278,0.039400185137
1279,0.039350900952
1280,0.039301501204
1281,0.03913205182
1282,0.039106573606
1283,0.039092449227
1284,0.039092402955
1285,0.038977208014
1286,0.038888909352
1287,0.038883472208
1288,0.035422808105
1289,0.035860768225
1290,0.034928371223
1291,0.036578715382
1292,0.036431303887
1293,0.036229670219
1294,0.034388909165
1295,0.033865672504
1296,0.033308432385
1297,0.032384743925
1298,0.032733983729
1299,0.040999001087
1300,0.041411934821
1301,0.042323720046
1302,0.043274371826
1303,0.043779662281
1304,0.043942179534
1305,0.039608220493
1306,0.03940560985
1307,0.029698721493
1308,0.030912091474
1309,0.029815917761
1310,0.030347533501
1311,0.03174120253
1312,0.031116606048
1313,0.039273906528
1314,0.03913295243
1315,0.037738049495
1316,0.037739595022
1317,0.037315713479
1318,0.036765602596
1319,0.036880675991
1320,0.036222889032
1321,0.034327680768
1322,0.034608853862
1323,0.035549986282
1324,0.03686747963
1325,0.038120851601
1326,0.037004076668
1327,0.035371548334
1328,0.033273924871
1329,0.032416157061
1330,0.031217391566
1331,0.028890662805
1332,0.026663805487
1333,0.023786151293
1334,0.021544618726
1335,0.022511614595
1336,0.025532540478
1337,0.02638796024
1338,0.026831673239
1339,0.028412939906
1340,0.028744566451
1341,0.04163457078
1342,0.04289898141
1343,0.038791396392
1344,0.038904075006
1345,0.038774396613
1346,0.03875274158
1347,0.038683932491
1348,0.038840388909
1349,0.038927284631
1350,0.038715459185
1351,0.038758326654
1352,0.038276947966
1353,0.038254854169
1354,0.038089303206
1355,0.037781220288
1356,0.037472057754
1357,0.036839192063
1358,0.0373161643
1359,0.037040137257
1360,0.038869386914
1361,0.038857661602
1362,0.038877667206
1363,0.038866998331
1364,0.038859088481
1365,0.038851363523
1366,0.038835670588
1367,0.044208184858
1368,0.042232099632
1369,0.041172212262
1370,0.041003074606
1371,0.039492251044
1372,0.039373295094
1373,0.03932290882
1374,0.03924679143
1375,0.039206855003
1376,0.039193621441
1377,0.039209078107
1378,0.039093960305
1379,0.038972006641
1380,0.038960257479
1381,0.035289995573
1382,0.035658273895
1383,0.03606858107
1384,0.034600288876
1385,0.035030980627
1386,0.036758168449
1387,0.036575156687
1388,0.0365022803
1389,0.036375424987
1390,0.034061445942
1391,0.033478811982
1392,0.032933316738
1393,0.031808166908
1394,0.032216028998
1395,0.032383390908
1396,0.04307777247
1397,0.043506564831
1398,0.044120406352
1399,0.044697231151
1400,0.044987222254
1401,0.045006498951
1402,0.029134980168
1403,0.030521507253
1404,0.029337694805
1405,0.029930641991
1406,0.031255647711
1407,0.03068762776
1408,0.039166348503
1409,0.038782967229
1410,0.038811115101
1411,0.038054889935
1412,0.038689732103
1413,0.038478888004
1414,0.038526420655
1415,0.038035005509
1416,0.035945737561
1417,0.036372174394
1418,0.039003000783
1419,0.039766391879
1420,0.036842229388
1421,0.03886342851
1422,0.039472881784
1423,0.035811781533
1424,0.034093221435
1425,0.03253447176
1426,0.031685001034
1427,0.031553352971
1428,0.028427731438
1429,0.026821370313
1430,0.025232658998
1431,0.024397360041
1432,0.022464376287
1433,0.021571703001
1434,0.020790683035
1435,0.022151402144
1436,0.023934302199
1437,0.025159479607
1438,0.026028938458
1439,0.027585908891
1440,0.02829394004
1441,0.03900871218
1442,0.039179576283
1443,0.039260426237
1444,0.039058489582
1445,0.038978134652
1446,0.038988425092
1447,0.039046701674
1448,0.039183561616
1449,0.03937897858
1450,0.039268784719
1451,0.03935797211
1452,0.039530479471
1453,0.039520939493
1454,0.038955541155
1455,0.038736358209
1456,0.038227296551
1457,0.037731861036
1458,0.037582748838
1459,0.037336150828
1460,0.037168212793
1461,0.036958738383
1462,0.038907394377
1463,0.039002521507
1464,0.038964988535
1465,0.038965412769
1466,0.038999661995
1467,0.03908320174
1468,0.04101771483
1469,0.040697106748
1470,0.041013821038
1471,0.040950083988
1472,0.039338999082
1473,0.039407417959
1474,0.039498753117
1475,0.039605089469
1476,0.039254420889
1477,0.039114887187
1478,0.039131629907
1479,0.039049656239
1480,0.035472102441
1481,0.035909744412
1482,0.036299281601
1483,0.034693761572
1484,0.035259078259
1485,0.03681818736
1486,0.036690037633
1487,0.036718806784
1488,0.036616657478
1489,0.036585134562
1490,0.033627834404
1491,0.03433826421
1492,0.03308117642
1493,0.032545832251
1494,0.03134557915
1495,0.031880552619
1496,0.032013132906
1497,0.028715792981
1498,0.030098173455
1499,0.028978273863
1500,0.029459524534
1501,0.030809851266
1502,0.03026725927
1503,0.040940958647
1504,0.03977141265
1505,0.04028618324
1506,0.040447942323
1507,0.040248831215
1508,0.040425036496
1509,0.03817987291
1510,0.041682745671
1511,0.04272655791
1512,0.045281602502
1513,0.041988272522
1514,0.038450923681
1515,0.039633434652
1516,0.036979863155
1517,0.03239429913
1518,0.033230297365
1519,0.032716406516
1520,0.031662494403
1521,0.030651347943
1522,0.029572501196
1523,0.02831242375
1524,0.027577559164
1525,0.025957560589
1526,0.025440186528
1527,0.023950018222
1528,0.022830072568
1529,0.02217873186
1530,0.021418343918
1531,0.021055072773
1532,0.020529374345
1533,0.022252678956
1534,0.023631172418
1535,0.024297566478
1536,0.02509918537
1537,0.026954344819
1538,0.026338507314
1539,0.027658994385
1540,0.028076340926
1541,0.039237375923
1542,0.039393486153
1543,0.039602056154
1544,0.039402799867
1545,0.039409231813
1546,0.039423389787
1547,0.039499525673
1548,0.039393046282
1549,0.039497569842
1550,0.039822732033
1551,0.039818374092
1552,0.03974225683
1553,0.039957934667
1554,0.040062789787
1555,0.039967466762
1556,0.040288742722
1557,0.03974880202
1558,0.039614366199
1559,0.039725700038
1560,0.039131997992
1561,0.039242022436
1562,0.038083591941
1563,0.037991102619
1564,0.037563502342
1565,0.037267694505
1566,0.037021176913
1567,0.039143353177
1568,0.039250594197
1569,0.039231403545
1570,0.039119176532
1571,0.039173761488
1572,0.039372132717
1573,0.039407317375
1574,0.041490957126
1575,0.041707596656
1576,0.041977088041
1577,0.04073556268
1578,0.040437004511
1579,0.040363549743
1580,0.040512000355
1581,0.039783953476
1582,0.039386797314
1583,0.039341924019
1584,0.035766962217
1585,0.036245752775
1586,0.036605293007
1587,0.035016222295
1588,0.035643015413
1589,0.036929744593
1590,0.036866463063
1591,0.036805153357
1592,0.036803891897
1593,0.036893268833
1594,0.03681847438
1595,0.036831479446
1596,0.033339996153
1597,0.034086024727
1598,0.034783290367
1599,0.032678949779
1600,0.032145355375
1601,0.03084344434
1602,0.03140497033
1603,0.031535638391
1604,0.028481991161
1605,0.029705529839
1606,0.028874413635
1607,0.029170759334
1608,0.030390990076
1609,0.02997037937
1610,0.042008158717
1611,0.04187532893
1612,0.042432435453
1613,0.041860786205
1614,0.043682270857
1615,0.04469498489
1616,0.047231277916
1617,0.050936258679
1618,0.049910512313
1619,0.045539832091
1620,0.040676960289
1621,0.038185386733
1622,0.034149554088
1623,0.035364189737
1624,0.035217216562
1625,0.033756964512
1626,0.033213616155
1627,0.031120788431
1628,0.029533339666
1629,0.028466853355
1630,0.028178892711
1631,0.026642615406
1632,0.025681467126
1633,0.024657298042
1634,0.023718352004
1635,0.022606463205
1636,0.023642271877
1637,0.021411517093
1638,0.024600888909
1639,0.020394935591
1640,0.020852632452
1641,0.020482110762
1642,0.019933531016
1643,0.020778702251
1644,0.022598653366
1645,0.023681337224
1646,0.025339857821
1647,0.027359032532
1648,0.027238635101
1649,0.026791509453
1650,0.027875400258
1651,0.039664361146
1652,0.039933418128
1653,0.04026861508
1654,0.039766835707
1655,0.039835207713
1656,0.039851744579
1657,0.040160499335
1658,0.039974164247
1659,0.040361912955
1660,0.040273044871
1661,0.040385132994
1662,0.040155402012
1663,0.040425860535
1664,0.040733058803
1665,0.040385422108
1666,0.041017609957
1667,0.04130443663
1668,0.040423644534
1669,0.040568958894
1670,0.040619195362
1671,0.040477954988
1672,0.039853480749
1673,0.040576440593
1674,0.040572275781
1675,0.039364472891
1676,0.039747701104
1677,0.038773280569
1678,0.038629696948
1679,0.037927897611
1680,0.037473904043
1681,0.03984251609
1682,0.039501220503
1683,0.039719253256
1684,0.039421481401
1685,0.039728610156
1686,0.040030589896
1687,0.039863285992
1688,0.041575554122
1689,0.041369458097
1690,0.041440080222
1691,0.041634124598
1692,0.040840810322
1693,0.040071036712
1694,0.039816615179
1695,0.03620436861
1696,0.036666396629
1697,0.037005665835
1698,0.035507219402
1699,0.036220126441
1700,0.037045293827
1701,0.036922883955
1702,0.036917873293
1703,0.036971857289
1704,0.037000078699
1705,0.03706544434
1706,0.037072952647
1707,0.033134789338
1708,0.033918538677
1709,0.034565376123
1710,0.035405740309
1711,0.032449878853
1712,0.031865139459
1713,0.030411285622
1714,0.030790592417
1715,0.031113507556
1716,0.028333045923
1717,0.029243220746
1718,0.029544678516
1719,0.028734757063
1720,0.028957759649
1721,0.029841479671
1722,0.055043587617
1723,0.052248245164
1724,0.045133915556
1725,0.03875061862
1726,0.036360208393
1727,0.037831365512
1728,0.036890879178
1729,0.036041195261
1730,0.035262411389
1731,0.03522752158
1732,0.032795153623
1733,0.030762042152
1734,0.029427433053
1735,0.028750754553
1736,0.027295683816
1737,0.026013768087
1738,0.025555784391
1739,0.024905103852
1740,0.023482493427
1741,0.023377078826
1742,0.023022870904
1743,0.022737308441
1744,0.022344869271
1745,0.023759228101
1746,0.024191269326
1747,0.026267121438
1748,0.022583860797
1749,0.020212692479
1750,0.020282105129
1751,0.019978913541
1752,0.01964138727
1753,0.020956195956
1754,0.022182085714
1755,0.022262609469
1756,0.024229673623
1757,0.025911395611
1758,0.027760650645
1759,0.027176144681
1760,0.027779630006
1761,0.04011375622
1762,0.040389716212
1763,0.040789492936
1764,0.041060610784
1765,0.040333471792
1766,0.040381329023
1767,0.040771067438
1768,0.040687232778
1769,0.040631431766
1770,0.040865585009
1771,0.040762115551
1772,0.041226340137
1773,0.041645973097
1774,0.041978370584
1775,0.042276479607
1776,0.041227752425
1777,0.04216967732
1778,0.041655078136
1779,0.041248468749
1780,0.041239103463
1781,0.041139242826
1782,0.041655279114
1783,0.041412405918
1784,0.04184085507
1785,0.041657277278
1786,0.040655445063
1787,0.040620034239
1788,0.041168209042
1789,0.040908145911
1790,0.040063535341
1791,0.040110991982
1792,0.039229537566
1793,0.038491033898
1794,0.037856426588
1795,0.040317523022
1796,0.040546581646
1797,0.040159041332
1798,0.040590718251
1799,0.040118818564
1800,0.040379599101
1801,0.040660236569
1802,0.040289758006
1803,0.042020589049
1804,0.041198705173
1805,0.036759833305
1806,0.03705808814
1807,0.037291982785
1808,0.037466199366
1809,0.036312843928
1810,0.03709813849
1811,0.037144969551
1812,0.036953960201
1813,0.037020878364
1814,0.037282022702
1815,0.037068745862
1816,0.037037955462
1817,0.037114272835
1818,0.037384294454
1819,0.037382292226
1820,0.032809109062
1821,0.033818335911
1822,0.03480002441
1823,0.035908047971
1824,0.036605885927
1825,0.031403643572
1826,0.03211977883
1827,0.030000257452
1828,0.030705883423
1829,0.028334269353
1830,0.028871425618
1831,0.029116953489
1832,0.029211513585
1833,0.028742773679
1834,0.02957049481
1835,0.054548120568
1836,0.049390988198
1837,0.03981713404
1838,0.03931163736
1839,0.040005135007
1840,0.03821520999
1841,0.037456552743
1842,0.037344666578
1843,0.036593811065
1844,0.036423847035
1845,0.036008541248
1846,0.035112099753
1847,0.032898666057
1848,0.031482563811
1849,0.030335296786
1850,0.028701170602
1851,0.026931079151
1852,0.02651897322
1853,0.025178741528
1854,0.025267848227
1855,0.023598553835
1856,0.023130577765
1857,0.022839080954
1858,0.022689512718
1859,0.022472334049
1860,0.02209722826
1861,0.023384441639
1862,0.027900433035
1863,0.024971089636
1864,0.028866262868
1865,0.024359085393
1866,0.022417079948
1867,0.022720020972
1868,0.020656741121
1869,0.019451170258
1870,0.020360151251
1871,0.021332327911
1872,0.023225850344
1873,0.025031711923
1874,0.027074102026
1875,0.028554652075
1876,0.028244957834
1877,0.028310195129
1878,0.040479303613
1879,0.040960169434
1880,0.041525529288
1881,0.042111708992
1882,0.040937414581
1883,0.041754486526
1884,0.041234113943
1885,0.04134734791
1886,0.041219104628
1887,0.041893524309
1888,0.041569237356
1889,0.042285429927
1890,0.042830813613
1891,0.043036508224
1892,0.042994754873
1893,0.043237126589
1894,0.042813540779
1895,0.041969263589
1896,0.041829278117
1897,0.042393419685
1898,0.042754833413
1899,0.042849348545
1900,0.042787070254
1901,0.041594604879
1902,0.041586071127
1903,0.04213470117
1904,0.042211070549
1905,0.041466980123
1906,0.041051003452
1907,0.041498372591
1908,0.040640473299
1909,0.039900779191
1910,0.039089886028
1911,0.038584217015
1912,0.037930966756
1913,0.041384098711
1914,0.041430919426
1915,0.041467809199
1916,0.040685835316
1917,0.041020778332
1918,0.041383792903
1919,0.040913699201
1920,0.042321477447
1921,0.03756437413
1922,0.037770862549
1923,0.038538441376
1924,0.038800991689
1925,0.037644900932
1926,0.03860902887
1927,0.037656879354
1928,0.037232972874
1929,0.037050130258
1930,0.037032295837
1931,0.037030222293
1932,0.037873335092
1933,0.038166328027
1934,0.037045697107
1935,0.037318266283
1936,0.037009513399
1937,0.037317532121
1938,0.037486113518
1939,0.037376273181
1940,0.037954078675
1941,0.032911217523
1942,0.033877800702
1943,0.03468934609
1944,0.036013170132
1945,0.037375621375
1946,0.038540303669
1947,0.031054861713
1948,0.031633305091
1949,0.032335813084
1950,0.029837671772
1951,0.030378899002
1952,0.028624237549
1953,0.028901161929
1954,0.029134086115
1955,0.029041585748
1956,0.029231827237
1957,0.029471070635
1958,0.049405052501
1959,0.039730747059
1960,0.040280238382
1961,0.03896592396
1962,0.038752882751
1963,0.039516529821
1964,0.037780857325
1965,0.037046105977
1966,0.036874244218
1967,0.035646376968
1968,0.032549153538
1969,0.031240440915
1970,0.030806768814
1971,0.030676127154
1972,0.03100238717
1973,0.029748000515
1974,0.02802695517
1975,0.027602338032
1976,0.026350127622
1977,0.027587454644
1978,0.024744846624
1979,0.02377165062
1980,0.023280855929
1981,0.023011864502
1982,0.022878247932
1983,0.022716584726
1984,0.022163368578
1985,0.022511287927
1986,0.022160574081
1987,0.02172218529
1988,0.023810866615
1989,0.026507612927
1990,0.028259111505
1991,0.029081116436
1992,0.032356311831
1993,0.026703999155
1994,0.028366809632
1995,0.027880853374
1996,0.026494071953
1997,0.02732610931
1998,0.02376781114
1999,0.020718107487
2000,0.019325771207
2001,0.021618905621
2002,0.023583681495
2003,0.025153731701
2004,0.02786437731
2005,0.029374362766
2006,0.030100459527
2007,0.029583629895
2008,0.029179943597
2009,0.041679487569
2010,0.042531905207
2011,0.04303801185
2012,0.043098686053
2013,0.042435910597
2014,0.042217485426
2015,0.043277709215
2016,0.042848552253
2017,0.04386191986
2018,0.044187319968
2019,0.044290206219
2020,0.043890031917
2021,0.043928115
2022,0.042928997503
2023,0.042455539257
2024,0.043450907031
2025,0.044632571668
2026,0.044255599324
2027,0.044018677994
2028,0.043738170458
2029,0.042581767016
2030,0.043257901891
2031,0.043709635788
2032,0.042654007426
2033,0.042245144278
2034,0.042929820028
2035,0.041775455851
2036,0.041271876518
2037,0.040757510005
2038,0.03969870326
2039,0.038840700489
2040,0.038305187858
2041,0.04277182883
2042,0.043180291168
2043,0.04326140222
2044,0.042116683598
2045,0.042426958291
2046,0.039463610587
2047,0.03890300351
2048,0.040601462766
2049,0.040523741795
2050,0.039794573789
2051,0.040853657832
2052,0.038162979751
2053,0.037926262094
2054,0.03756348379
2055,0.03751044757
2056,0.037071623112
2057,0.036932109707
2058,0.039060633707
2059,0.038534238189
2060,0.039041377707
2061,0.037621567885
2062,0.037942388142
2063,0.038393975724
2064,0.038419690929
2065,0.038478189249
2066,0.038471167735
2067,0.038223790968
2068,0.038373542336
2069,0.033894039466
2070,0.035462555864
2071,0.035166693669
2072,0.037412105245
2073,0.038726661603
2074,0.04015247276
2075,0.041442269621
2076,0.03075730848
2077,0.031464107167
2078,0.032152729818
2079,0.033502421561
2080,0.02960242405
2081,0.030091829293
2082,0.029382068129
2083,0.029519375252
2084,0.029205900052
2085,0.029538312035
2086,0.02912993484
2087,0.029267129366
2088,0.039820342032
2089,0.040544919737
2090,0.041083368387
2091,0.040500143222
2092,0.038627770902
2093,0.037012364427
2094,0.036346176817
2095,0.034765922346
2096,0.033118567878
2097,0.031784989051
2098,0.031912313507
2099,0.031391498099
2100,0.030524112162
2101,0.029130409923
2102,0.028056758666
2103,0.027905365592
2104,0.024763095967
2105,0.025667534929
2106,0.023742666607
2107,0.023706336668
2108,0.022853698422
2109,0.022840246836
2110,0.022311079962
2111,0.022035196319
2112,0.02238868248
2113,0.021884309875
2114,0.02269410529
2115,0.021353872608
2116,0.022673558919
2117,0.025540094614
2118,0.02694809658
2119,0.026319779896
2120,0.026526962986
2121,0.026256157506
2122,0.031409804638
2123,0.035659182643
2124,0.036273265123
2125,0.030857244876
2126,0.031650872923
2127,0.033744468971
2128,0.034225917616
2129,0.03534384828
2130,0.028720672545
2131,0.023480221958
2132,0.020554670935
2133,0.022148083282
2134,0.025075210221
2135,0.027051910544
2136,0.030477982367
2137,0.03118237975
2138,0.031668535734
2139,0.031364724586
2140,0.030289632266
2141,0.030164171638
2142,0.04273712138
2143,0.043518575672
2144,0.043785233246
2145,0.043835418496
2146,0.044096168109
2147,0.043737407741
2148,0.043831864481
2149,0.044489093019
2150,0.044634799143
2151,0.045376946867
2152,0.045644329674
2153,0.045655575698
2154,0.046841329838
2155,0.04544567653
2156,0.045038589343
2157,0.046325983144
2158,0.045974408303
2159,0.045792039545
2160,0.045039241303
2161,0.0445013322
2162,0.044491721097
2163,0.044409780069
2164,0.043445653545
2165,0.044289930221
2166,0.044140812751
2167,0.043201073139
2168,0.042342778715
2169,0.041883365269
2170,0.042158650277
2171,0.040905370776
2172,0.039950004175
2173,0.039170012021
2174,0.038647120818
2175,0.043271801518
2176,0.043371079254
2177,0.041925624102
2178,0.040148691989
2179,0.042075632385
2180,0.042928970479
2181,0.041236635571
2182,0.042465410739
2183,0.043402032681
2184,0.038485395145
2185,0.038241607929
2186,0.037799608278
2187,0.037923707556
2188,0.037976529835
2189,0.037569528289
2190,0.037710304617
2191,0.039608798325
2192,0.038626514465
2193,0.038344318211
2194,0.039100552097
2195,0.038363274283
2196,0.03841085279
2197,0.038699357801
2198,0.03871624264
2199,0.039216287464
2200,0.039145198507
2201,0.03933255482
2202,0.039385407967
2203,0.039819873852
2204,0.03950427736
2205,0.039589822727
2206,0.039196641203
2207,0.039151241304
2208,0.039316086547
2209,0.038962291392
2210,0.035810506821
2211,0.035178143287
2212,0.036552725979
2213,0.036963115037
2214,0.038706590876
2215,0.040950339165
2216,0.042803226946
2217,0.044124012663
2218,0.044285790473
2219,0.030410299591
2220,0.031242251277
2221,0.032116246716
2222,0.033349499006
2223,0.034946783758
2224,0.029756805386
2225,0.029324158128
2226,0.030048072412
2227,0.030282676044
2228,0.029328327406
2229,0.029960077888
2230,0.029070326892
2231,0.028987853235
2232,0.042100789912
2233,0.040411528153
2234,0.038884390888
2235,0.038088056686
2236,0.03716485041
2237,0.035629636575
2238,0.033113087963
2239,0.031819957719
2240,0.031094842462
2241,0.030852995327
2242,0.029659308689
2243,0.027522804528
2244,0.026979140027
2245,0.026278828109
2246,0.028055211273
2247,0.027489354206
2248,0.024742030394
2249,0.022895358852
2250,0.022077895288
2251,0.022023688736
2252,0.022298575527
2253,0.021922206486
2254,0.021619991397
2255,0.021605119729
2256,0.022644035239
2257,0.021057296229
2258,0.022974832172
2259,0.023767682815
2260,0.023067502975
2261,0.025032707247
2262,0.024616874282
2263,0.026409892054
2264,0.028659359753
2265,0.032643653471
2266,0.034625691122
2267,0.036190199856
2268,0.045391601218
2269,0.047926687342
2270,0.037387868362
2271,0.040067173151
2272,0.047075193553
2273,0.047496442449
2274,0.04733237061
2275,0.035664002253
2276,0.028421259867
2277,0.024141665597
2278,0.021311280484
2279,0.021783854173
2280,0.025755138362
2281,0.02889713967
2282,0.030498096222
2283,0.033880778162
2284,0.034043263362
2285,0.034162999497
2286,0.033795254728
2287,0.031341672163
2288,0.033055378521
2289,0.030865610285
2290,0.044198352744
2291,0.044640728379
2292,0.045229626484
2293,0.045979081896
2294,0.04637348132
2295,0.047222916677
2296,0.046827416234
2297,0.047690692011
2298,0.047844582419
2299,0.047247454947
2300,0.04695860805
2301,0.047669176394
2302,0.046864665799
2303,0.046637838824
2304,0.046302977067
2305,0.045279624182
2306,0.044815237936
2307,0.044591863185
2308,0.044687816143
2309,0.044734652693
2310,0.043870628779
2311,0.04502329364
2312,0.042829955245
2313,0.043273654903
2314,0.043142159161
2315,0.041992674617
2316,0.040832687971
2317,0.040119731593
2318,0.039274168474
2319,0.044573136846
2320,0.040154022899
2321,0.042104611273
2322,0.043460584362
2323,0.04445843832
2324,0.040369811548
2325,0.040849051881
2326,0.045313740449
2327,0.045701628582
2328,0.038910670708
2329,0.038737562406
2330,0.038325847334
2331,0.038584667079
2332,0.038203740075
2333,0.038313056021
2334,0.039386817306
2335,0.038207852747
2336,0.03877549901
2337,0.038537451661
2338,0.038552008335
2339,0.038816567885
2340,0.03901633156
2341,0.038824850554
2342,0.039135491094
2343,0.039347058843
2344,0.039913605823
2345,0.039844128777
2346,0.039881736203
2347,0.039999379973
2348,0.040241839364
2349,0.040722314523
2350,0.040426739514
2351,0.040242475351
2352,0.040188730958
2353,0.039956189696
2354,0.039795670373
2355,0.039746501136
2356,0.039755639898
2357,0.039490773313
2358,0.039067584625
2359,0.037346157179
2360,0.038153119443
2361,0.036957162437
2362,0.039728380646
2363,0.041819623365
2364,0.044552235012
2365,0.044725803883
2366,0.046136347493
2367,0.046882550366
2368,0.047381472127
2369,0.048496813113
2370,0.046952769845
2371,0.030047751637
2372,0.030943309034
2373,0.033559835181
2374,0.032415685882
2375,0.035113178747
2376,0.036625728616
2377,0.029505776583
2378,0.028990977431
2379,0.03136263503
2380,0.030733381124
2381,0.029420399178
2382,0.030643789072
2383,0.029906449725
2384,0.029033698009
2385,0.028820172286
2386,0.028736222611
2387,0.043585332542
2388,0.041393350778
2389,0.039797081773
2390,0.039981950872
2391,0.037978471023
2392,0.035188695267
2393,0.033428862252
2394,0.031275947632
2395,0.030411663356
2396,0.030094485117
2397,0.027694383206
2398,0.026354503546
2399,0.023460946943
2400,0.027710483014
2401,0.027015533287
2402,0.022819419278
2403,0.02191591766
2404,0.02248891999
2405,0.022202432834
2406,0.022461930314
2407,0.021777109108
2408,0.021263937976
2409,0.021497201036
2410,0.022644433615
2411,0.021266505901
2412,0.021636226853
2413,0.022055292422
2414,0.02129675793
2415,0.02398122704
2416,0.023337309446
2417,0.025123076514
2418,0.024832093068
2419,0.024303978748
2420,0.027516582756
2421,0.032180543293
2422,0.033799109078
2423,0.035483073971
2424,0.040444292739
2425,0.044975270074
2426,0.051883738947
2427,0.048571333931
2428,0.04647752232
2429,0.05185423599
2430,0.069373358701
2431,0.074325764717
2432,0.068929785657
2433,0.080051144134
2434,0.052606211627
2435,0.036928889776
2436,0.033054922865
2437,0.028098744295
2438,0.026158842503
2439,0.029131498817
2440,0.03161503933
2441,0.033329266725
2442,0.038261220238
2443,0.037677121495
2444,0.037663030652
2445,0.036799895897
2446,0.03592729523
2447,0.032245581921
2448,0.034077227696
2449,0.047945133952
2450,0.044334801937
2451,0.045107165958
2452,0.044195787584
2453,0.043094759963
2454,0.042430854399
2455,0.041191152673
2456,0.040329714759
2457,0.039616611552
2458,0.046502353997
2459,0.048105295993
2460,0.038926729374
2461,0.039482105992
2462,0.041138807283
2463,0.042580914821
2464,0.044617398727
2465,0.039753910776
2466,0.040017630834
2467,0.049172414723
2468,0.049177246852
2469,0.039392097638
2470,0.038987358115
2471,0.039401530781
2472,0.039184137123
2473,0.038757723743
2474,0.039066243118
2475,0.038253852877
2476,0.037772179524
2477,0.038873814255
2478,0.038705913947
2479,0.03776831759
2480,0.039472170106
2481,0.039510343277
2482,0.03922891218
2483,0.039706348469
2484,0.039840388321
2485,0.040037828956
2486,0.040578853697
2487,0.040555546482
2488,0.040392117776
2489,0.040524664977
2490,0.040573692419
2491,0.040978291955
2492,0.041530431955
2493,0.041443529581
2494,0.040855216038
2495,0.040790086012
2496,0.040416299603
2497,0.040330708718
2498,0.040272972538
2499,0.040171433427
2500,0.040033027862
2501,0.039285286042
2502,0.039924347794
2503,0.040339257909
2504,0.040096786214
2505,0.041378903987
2506,0.038969424125
2507,0.042528233677
2508,0.045424514456
2509,0.04815361319
2510,0.049109503358
2511,0.049916025433
2512,0.051450458408
2513,0.0515804146
2514,0.054666642494
2515,0.054464495163
2516,0.02992565587
2517,0.030576581922
2518,0.031430103764
2519,0.035627944931
2520,0.03327507252
2521,0.03767536002
2522,0.029301396209
2523,0.028526688198
2524,0.028771815416
2525,0.032822874589
2526,0.031547382439
2527,0.029196287524
2528,0.031394282403
2529,0.030444975248
2530,0.029713980212
2531,0.028649890703
2532,0.028532306463
2533,0.044974155423
2534,0.043702758521
2535,0.039786920518
2536,0.040298697094
2537,0.038646544658
2538,0.035554822718
2539,0.032155743882
2540,0.02931022996
2541,0.029069926382
2542,0.027331461552
2543,0.028702899995
2544,0.027140488574
2545,0.027283922255
2546,0.024155402734
2547,0.023490882011
2548,0.021848462545
2549,0.022019310513
2550,0.025351226996
2551,0.02338124944
2552,0.025051857883
2553,0.021522316572
2554,0.022049776353
2555,0.021232159929
2556,0.02424339062
2557,0.021527250629
2558,0.02408885161
2559,0.024010097424
2560,0.023619414465
2561,0.023235788561
2562,0.023672727653
2563,0.024108625589
2564,0.025297868527
2565,0.025152391073
2566,0.02849241065
2567,0.03013957936
2568,0.034555176684
2569,0.036770144902
2570,0.038958789811
2571,0.043555628367
2572,0.04903656799
2573,0.050952975702
2574,0.054641069863
2575,0.061182950284
2576,0.070223911077
2577,0.064931217139
2578,0.061156520554
2579,0.055788382461
2580,0.066805207147
2581,0.1033846802
2582,0.097509241737
2583,0.12088252944
2584,0.11413680017
2585,0.11255764924
2586,0.19408728109
2587,0.10398475347
2588,0.054383945675
2589,0.048835671039
2590,0.043358455506
2591,0.059162444379
2592,0.040961449255
2593,0.037685852253
2594,0.038554636038
2595,0.045442992255
2596,0.043269715158
2597,0.04219760668
2598,0.041154879571
2599,0.038731402265
2600,0.038832877488
2601,0.036167381845
2602,0.03449870505
2603,0.044722911355
2604,0.043824332437
2605,0.043018046104
2606,0.041419428483
2607,0.040360597738
2608,0.047054792885
2609,0.050789782655
2610,0.053602568511
2611,0.037873456087
2612,0.038594270565
2613,0.038922832796
2614,0.041511782536
2615,0.042192700638
2616,0.043559974094
2617,0.045846971936
2618,0.039310992624
2619,0.039710966728
2620,0.040827874214
2621,0.055344759988
2622,0.040112029574
2623,0.040408039394
2624,0.039945344153
2625,0.039585244736
2626,0.039691928016
2627,0.038269961211
2628,0.038161903462
2629,0.037562771363
2630,0.039226805887
2631,0.038822788596
2632,0.037540032596
2633,0.040207465764
2634,0.040170896391
2635,0.040408162723
2636,0.040504426889
2637,0.041072972479
2638,0.041404276241
2639,0.04120247396
2640,0.041169845075
2641,0.041617911231
2642,0.042335171906
2643,0.042034733096
2644,0.042241787409
2645,0.042250912679
2646,0.041529861456
2647,0.041600523551
2648,0.040920226376
2649,0.040898858447
2650,0.040799122007
2651,0.040463207442
2652,0.040560576799
2653,0.039958348591
2654,0.041049843531
2655,0.042764163739
2656,0.044487121073
2657,0.04212760247
2658,0.043893117643
2659,0.045280298644
2660,0.041093208775
2661,0.049887978637
2662,0.053281017973
2663,0.053337154486
2664,0.055316995269
2665,0.055854689339
2666,0.057463001762
2667,0.062107011973
2668,0.06120828286
2669,0.058553077311
2670,0.029640631118
2671,0.030710301452
2672,0.030306073352
2673,0.031291690138
2674,0.032205152397
2675,0.039158048216
2676,0.03652593379
2677,0.038237183745
2678,0.034132454106
2679,0.029078635192
2680,0.028315326109
2681,0.02844601645
2682,0.028222640439
2683,0.028594907153
2684,0.032303578012
2685,0.03374141323
2686,0.029219197269
2687,0.028672614236
2688,0.032243527774
2689,0.03113781568
2690,0.029873125282
2691,0.028318851597
2692,0.028252219396
2693,0.048025126708
2694,0.049023263976
2695,0.033954105471
2696,0.034060227095
2697,0.03012821752
2698,0.029468393354
2699,0.02769962838
2700,0.027104345092
2701,0.025278989616
2702,0.03508850242
2703,0.025684555575
2704,0.022263008222
2705,0.02178741157
2706,0.02482007136
2707,0.02361517008
2708,0.030965260413
2709,0.021410321661
2710,0.021465891509
2711,0.025045515951
2712,0.022747439914
2713,0.021703996369
2714,0.023775058227
2715,0.026600181382
2716,0.022283517586
2717,0.025438523704
2718,0.024646543114
2719,0.025443998742
2720,0.025000052669
2721,0.02478126039
2722,0.024465748716
2723,0.02900029595
2724,0.025601418183
2725,0.025698657975
2726,0.030545235229
2727,0.033528795798
2728,0.037145524159
2729,0.040948440088
2730,0.043555730656
2731,0.048051673159
2732,0.053220931345
2733,0.058436005165
2734,0.064083556839
2735,0.07116230332
2736,0.085616771329
2737,0.095183799891
2738,0.082365249468
2739,0.073490424424
2740,0.072916343481
2741,0.11720807058
2742,0.17171751682
2743,0.18927676966
2744,0.16128826476
2745,0.22235719725
2746,0.20778363255
2747,0.50818777216
2748,0.61423099256
2749,0.29121808002
2750,0.17603437584
2751,0.093708472622
2752,0.06924486947
2753,0.089289321056
2754,0.090807433243
2755,0.10661919697
2756,0.089498677565
2757,0.067788029036
2758,0.051061398479
2759,0.061444663384
2760,0.051571649629
2761,0.047354403022
2762,0.04545660747
2763,0.044525902374
2764,0.041969375082
2765,0.041486136712
2766,0.038404327142
2767,0.03573052825
2768,0.044337857717
2769,0.043893277859
2770,0.042578863935
2771,0.041439737895
2772,0.048882956072
2773,0.055540150552
2774,0.053075377568
2775,0.060207412713
2776,0.038539371414
2777,0.038463757937
2778,0.039211843436
2779,0.042366388767
2780,0.043632503775
2781,0.044696862016
2782,0.045174549457
2783,0.04668191338
2784,0.049502116038
2785,0.04078072857
2786,0.042252754936
2787,0.062030619099
2788,0.041455337798
2789,0.041267378061
2790,0.041007788224
2791,0.040724283067
2792,0.040205709899
2793,0.039734399392
2794,0.038523574168
2795,0.04030518821
2796,0.039128365683
2797,0.040962444592
2798,0.040861012182
2799,0.041211057261
2800,0.04114578467
2801,0.041786175468
2802,0.042434170624
2803,0.042237348423
2804,0.042119715538
2805,0.04302429751
2806,0.043139237486
2807,0.042665366516
2808,0.042850575736
2809,0.04323903157
2810,0.042396163778
2811,0.042785136346
2812,0.04167570499
2813,0.041697483695
2814,0.041453663235
2815,0.041020648525
2816,0.041861493469
2817,0.041161713862
2818,0.042308525068
2819,0.042327077157
2820,0.04685208367
2821,0.048998186331
2822,0.049173254856
2823,0.043713435583
2824,0.045399667611
2825,0.047437723211
2826,0.041366095606
2827,0.042931916523
2828,0.05288361368
2829,0.054582048616
2830,0.056567281977
2831,0.057623850528
2832,0.056717514097
2833,0.058440704939
2834,0.05988012675
2835,0.059090729096
2836,0.065604485638
2837,0.067177651073
2838,0.06280769123
2839,0.066011991636
2840,0.029588336089
2841,0.031300323042
2842,0.031066714672
2843,0.030256729488
2844,0.03093075436
2845,0.032160545447
2846,0.031772390776
2847,0.033095569561
2848,0.040105643505
2849,0.036732332966
2850,0.039738941426
2851,0.038467048387
2852,0.034854638649
2853,0.029029761605
2854,0.02813417136
2855,0.028281229628
2856,0.028067199677
2857,0.027989760583
2858,0.028739467095
2859,0.02842740941
2860,0.03459317076
2861,0.033024698063
2862,0.029299940894
2863,0.027974133493
2864,0.031353147561
2865,0.030278520339
2866,0.029059419387
2867,0.028037246582
2868,0.027840258966
2869,0.051401139814
2870,0.051206800504
2871,0.031371037777
2872,0.031583165518
2873,0.02779313515
2874,0.026402200724
2875,0.02604493302
2876,0.024896781371
2877,0.034507067861
2878,0.023732753921
2879,0.022705015783
2880,0.02613273554
2881,0.024120514682
2882,0.022238352621
2883,0.030018688537
2884,0.039559707626
2885,0.022351126925
2886,0.025247589133
2887,0.024151143453
2888,0.023390213093
2889,0.022928092957
2890,0.023125525675
2891,0.025577153019
2892,0.027132123284
2893,0.026601895362
2894,0.022478872672
2895,0.022783222419
2896,0.026187720697
2897,0.028128372582
2898,0.02755965895
2899,0.030061725943
2900,0.026094380177
2901,0.026140505243
2902,0.032488633293
2903,0.03423832965
2904,0.027406538344
2905,0.0353424373
2906,0.036292234591
2907,0.04424781361
2908,0.050101851948
2909,0.054795572117
2910,0.059602111097
2911,0.063622852494
2912,0.075576609326
2913,0.083076508602
2914,0.093210251693
2915,0.10661647051
2916,0.09954150385
2917,0.12703986721
2918,0.11180459174
2919,0.099515446118
2920,0.11820792189
2921,0.20046181062
2922,0.2423481003
2923,0.32776134383
2924,0.3133726684
2925,0.3680236566
2926,0.56180329637
2927,0.41753334586
2928,0.64281558715
2929,0.64560510995
2930,0.63602084886
2931,0.63182964706
2932,0.38080497496
2933,0.18247395009
2934,0.10923839711
2935,0.17346716999
2936,0.14002198001
2937,0.11233962983
2938,0.11246844575
2939,0.10805336384
2940,0.10626978677
2941,0.085707134723
2942,0.088908854001
2943,0.063991737874
2944,0.052766020772
2945,0.049542422592
2946,0.048302354355
2947,0.04485216534
2948,0.042745141689
2949,0.039984236721
2950,0.036449231477
2951,0.042720059092
2952,0.042884769797
2953,0.051465273889
2954,0.057972871099
2955,0.053387996093
2956,0.064712895803
2957,0.062849627892
2958,0.039800278617
2959,0.040143916045
2960,0.040216609564
2961,0.043970995637
2962,0.045779050502
2963,0.047225178809
2964,0.047740447202
2965,0.048593730289
2966,0.050030548088
2967,0.052988327352
2968,0.056360746657
2969,0.041030154671
2970,0.04175061902
2971,0.043342167584
2972,0.042126650704
2973,0.041835385681
2974,0.042062529193
2975,0.041648163756
2976,0.041995596006
2977,0.04206848668
2978,0.040217364558
2979,0.041514696723
2980,0.042388206335
2981,0.040588753802
2982,0.041865224553
2983,0.042171551288
2984,0.041973314517
2985,0.04265729376
2986,0.043222988521
2987,0.043049203667
2988,0.042964786778
2989,0.04351261823
2990,0.043729492094
2991,0.04367573468
2992,0.043307796769
2993,0.043537037381
2994,0.044365302391
2995,0.043371922874
2996,0.044356132161
2997,0.044287878234
2998,0.042767468376
2999,0.043992608245
3000,0.043097030323
3001,0.042494416382
3002,0.042096433126
3003,0.042809660641
3004,0.042733569174
3005,0.042863410899
3006,0.043231080874
3007,0.050235727633
3008,0.050056702374
3009,0.052133702752
3010,0.052240277052
3011,0.044555778617
3012,0.046295618674
3013,0.048958044377
3014,0.041444904765
3015,0.042568631249
3016,0.044255296974
3017,0.055653188988
3018,0.055907959785
3019,0.057592104187
3020,0.059090663485
3021,0.058742510582
3022,0.060675399038
3023,0.05884791552
3024,0.060790143067
3025,0.061928215321
3026,0.064331879276
3027,0.06215393607
3028,0.068493102571
3029,0.067007390551
3030,0.069078164284
3031,0.067003359161
3032,0.068133848244
3033,0.029622250245
3034,0.031830380809
3035,0.031608557669
3036,0.03167989344
3037,0.031548615841
3038,0.030825651182
3039,0.030346219418
3040,0.031318560116
3041,0.031679957923
3042,0.032444547451
3043,0.03337812369
3044,0.032373164527
3045,0.038792194016
3046,0.03762109513
3047,0.040427915553
3048,0.041632659919
3049,0.035354082762
3050,0.029131441815
3051,0.027920158975
3052,0.028088136805
3053,0.027861300272
3054,0.027743043804
3055,0.028718246871
3056,0.028501301148
3057,0.028269735058
3058,0.032918645382
3059,0.030593393515
3060,0.03060185091
3061,0.029732472009
3062,0.035417725633
3063,0.027444976306
3064,0.029659017922
3065,0.031328899167
3066,0.027756909231
3067,0.027639643807
3068,0.053725553752
3069,0.053710369859
3070,0.029959075897
3071,0.028291672955
3072,0.035293221064
3073,0.028399390304
3074,0.028345861447
3075,0.032902037192
3076,0.024364275071
3077,0.025178761422
3078,0.028333662202
3079,0.043313566432
3080,0.042797826785
3081,0.02436019652
3082,0.024746481243
3083,0.025286562707
3084,0.023999287051
3085,0.023774950986
3086,0.02361081988
3087,0.02793325716
3088,0.029641121956
3089,0.029026752761
3090,0.027386494626
3091,0.024147878276
3092,0.023387977151
3093,0.025487102822
3094,0.034419786946
3095,0.035236429912
3096,0.034134754731
3097,0.034454727665
3098,0.044976315417
3099,0.039350271434
3100,0.061525913864
3101,0.043834465038
3102,0.052960756873
3103,0.05910591191
3104,0.061992251749
3105,0.068371946774
3106,0.074226897013
3107,0.097223589903
3108,0.09788145742
3109,0.10814983407
3110,0.11682726735
3111,0.12738210673
3112,0.18089300238
3113,0.17970251774
3114,0.15276158758
3115,0.20183775817
3116,0.31103031116
3117,0.37379550657
3118,0.47781984216
3119,0.58241572273
3120,0.50873160049
3121,0.52817640004
3122,0.61958874227
3123,0.64515154546
3124,0.6332944207
3125,0.38540573829
3126,0.3372365199
3127,0.24329347791
3128,0.48335954543
3129,0.65611412498
3130,0.61440092929
3131,0.31036043281
3132,0.27193170151
3133,0.26019071258
3134,0.18416118229
3135,0.14981578819
3136,0.12455236584
3137,0.13657206202
3138,0.11682564959
3139,0.11273965383
3140,0.074858372718
3141,0.055252661796
3142,0.044429871826
3143,0.0436190348
3144,0.045267589045
3145,0.033263482326
3146,0.033677577447
3147,0.035196348439
3148,0.031188987722
3149,0.042425609184
3150,0.059309965681
3151,0.057399754373
3152,0.060226832126
3153,0.062253333726
3154,0.040721844061
3155,0.041071999303
3156,0.040927534683
3157,0.045457883116
3158,0.047459096114
3159,0.049918007177
3160,0.049573189088
3161,0.052461493698
3162,0.056712465627
3163,0.060747234863
3164,0.062196662586
3165,0.042219566111
3166,0.042318646281
3167,0.042919006265
3168,0.042621589616
3169,0.043140293203
3170,0.042702325743
3171,0.043651597776
3172,0.042989551234
3173,0.041514792213
3174,0.041345991366
3175,0.042917506223
3176,0.042803918562
3177,0.043518990638
3178,0.04386345931
3179,0.043671932858
3180,0.043432530541
3181,0.043910398981
3182,0.044025474843
3183,0.044420810276
3184,0.044218173695
3185,0.044211553398
3186,0.045145907682
3187,0.045093310769
3188,0.045172219797
3189,0.045161065388
3190,0.043710407292
3191,0.044349572575
3192,0.043923724879
3193,0.043477906512
3194,0.043056192009
3195,0.052238152338
3196,0.051418913659
3197,0.0551439419
3198,0.054850041788
3199,0.04593200457
3200,0.045928156231
3201,0.047945715152
3202,0.048464027644
3203,0.050980615599
3204,0.043266959789
3205,0.046668932425
3206,0.058183220421
3207,0.0583970689
3208,0.059447735672
3209,0.060840846484
3210,0.059904645514
3211,0.063275765579
3212,0.059642197225
3213,0.064257834493
3214,0.066587670165
3215,0.069346419614
3216,0.06637894456
3217,0.068816737838
3218,0.065971955848
3219,0.067475919503
3220,0.070246304725
3221,0.070831488683
3222,0.070114302404
3223,0.029758532614
3224,0.032305766008
3225,0.03251366894
3226,0.032258857309
3227,0.032290605645
3228,0.032103802656
3229,0.031301462189
3230,0.030648743714
3231,0.031937914359
3232,0.03244695829
3233,0.033101654496
3234,0.034207022867
3235,0.033315240512
3236,0.040955023408
3237,0.037192812293
3238,0.04060818739
3239,0.043715083
3240,0.035651978509
3241,0.029419819699
3242,0.029056173744
3243,0.028073917242
3244,0.027863845285
3245,0.027676426867
3246,0.027590963262
3247,0.02764445361
3248,0.02874698011
3249,0.028382438523
3250,0.02830463576
3251,0.025452889607
3252,0.027472146451
3253,0.029892137788
3254,0.026548646949
3255,0.041689060622
3256,0.03864654176
3257,0.027413179172
3258,0.026856515638
3259,0.027853489289
3260,0.038666727443
3261,0.027677738715
3262,0.027768059937
3263,0.05454393347
3264,0.054110976379
3265,0.032391017288
3266,0.0284431028
3267,0.039750517467
3268,0.02526669603
3269,0.026828870129
3270,0.037274131485
3271,0.036074290231
3272,0.032435465944
3273,0.023660573382
3274,0.024672040477
3275,0.02550495538
3276,0.024408693941
3277,0.023513304259
3278,0.023105939747
3279,0.022592387387
3280,0.023116523105
3281,0.027470587835
3282,0.032659581035
3283,0.034901401356
3284,0.032946653731
3285,0.025608563769
3286,0.025627948976
3287,0.025944500325
3288,0.024222178934
3289,0.025785640335
3290,0.045865822648
3291,0.044692957718
3292,0.044735290418
3293,0.039007681759
3294,0.037160747168
3295,0.043568270268
3296,0.055673172377
3297,0.058131196075
3298,0.074169986956
3299,0.079460260865
3300,0.078466755847
3301,0.081221704476
3302,0.092352825223
3303,0.28974711415
3304,0.2491369726
3305,0.35944538805
3306,0.51367668871
3307,0.56556694646
3308,0.58685080129
3309,0.5985392703
3310,0.60921327541
3311,0.62129541373
3312,0.4983620058
3313,0.56046938495
3314,0.36057865292
3315,0.22336042967
3316,0.16760184743
3317,0.16204521261
3318,0.12186618628
3319,0.16457393135
3320,0.2619166224
3321,0.47472938687
3322,0.68585141476
3323,0.48299145254
3324,0.39724192369
3325,0.24851114465
3326,0.24473104713
3327,0.19566363035
3328,0.22391570852
3329,0.21425844321
3330,0.2111002643
3331,0.14948652835
3332,0.14641150581
3333,0.14586448608
3334,0.13444526889
3335,0.13303511732
3336,0.11114923103
3337,0.073076926775
3338,0.081879056404
3339,0.055764383017
3340,0.048920815117
3341,0.046546456557
3342,0.043768968643
3343,0.037502214578
3344,0.04061277515
3345,0.035823106411
3346,0.025666508714
3347,0.028882376199
3348,0.023668391989
3349,0.023961042367
3350,0.064707331516
3351,0.065624633372
3352,0.059095082667
3353,0.065686704066
3354,0.066855571961
3355,0.061000804093
3356,0.053059812532
3357,0.0567451254
3358,0.060160622161
3359,0.062116874719
3360,0.063428868462
3361,0.064123588091
3362,0.043464393536
3363,0.043879437296
3364,0.043499361646
3365,0.043735479725
3366,0.043375677209
3367,0.043907282456
3368,0.04436342692
3369,0.044261771973
3370,0.044261187512
3371,0.044871751345
3372,0.054860207938
3373,0.05662877294
3374,0.058501288477
3375,0.059499345728
3376,0.048553042302
3377,0.050562702416
3378,0.055251834451
3379,0.057483427291
3380,0.060249209432
3381,0.048114444373
3382,0.050270561438
3383,0.060312968622
3384,0.061860631915
3385,0.061712393405
3386,0.061792984181
3387,0.061779799793
3388,0.066127676367
3389,0.062745400416
3390,0.06911591686
3391,0.07078330222
3392,0.072671323443
3393,0.07377711644
3394,0.068023785369
3395,0.069256103296
3396,0.069114395415
3397,0.064422093566
3398,0.067038543744
3399,0.069032212239
3400,0.073399191083
3401,0.075353485358
3402,0.074314571434
3403,0.072908027014
3404,0.029979158741
3405,0.032969035775
3406,0.0330893332
3407,0.032890656839
3408,0.03262123746
3409,0.033252699896
3410,0.032281752662
3411,0.031860045148
3412,0.031200818603
3413,0.032604393233
3414,0.033101760738
3415,0.033342031483
3416,0.034620960271
3417,0.03376781366
3418,0.044856353502
3419,0.037245364349
3420,0.03873308239
3421,0.041580444982
3422,0.045334667857
3423,0.036016195911
3424,0.029438988488
3425,0.029121138034
3426,0.027933151286
3427,0.028199120165
3428,0.027725526534
3429,0.027602369742
3430,0.027615702184
3431,0.027685912884
3432,0.027819442176
3433,0.027804067514
3434,0.028764951172
3435,0.028498589755
3436,0.028767682988
3437,0.027176943939
3438,0.031550758689
3439,0.025192217134
3440,0.024436566781
3441,0.025825213375
3442,0.040616960282
3443,0.037747947046
3444,0.026565741733
3445,0.02759081946
3446,0.026895077829
3447,0.02611020987
3448,0.037105268763
3449,0.041381135746
3450,0.028065988557
3451,0.034263951716
3452,0.03046353943
3453,0.041090742125
3454,0.038057029736
3455,0.037852137397
3456,0.048125891238
3457,0.023120814071
3458,0.023019561138
3459,0.026239199475
3460,0.023599196127
3461,0.02373598247
3462,0.023751756596
3463,0.024268649863
3464,0.024337815506
3465,0.027765966319
3466,0.030283428652
3467,0.035912776708
3468,0.036819379632
3469,0.057763071098
3470,0.046394119299
3471,0.025456551763
3472,0.026616616836
3473,0.024972693231
3474,0.025459345798
3475,0.072260233847
3476,0.066443310723
3477,0.056866855422
3478,0.051685367496
3479,0.054272531021
3480,0.046379183669
3481,0.041891397189
3482,0.043907350528
3483,0.049682135942
3484,0.059441669817
3485,0.082515679137
3486,0.11783443687
3487,0.10780634432
3488,0.47211822992
3489,0.54417450716
3490,0.5628388934
3491,0.57025729234
3492,0.58037932467
3493,0.58510371558
3494,0.56734431652
3495,0.59815078522
3496,0.38920502076
3497,0.25035286453
3498,0.25188601366
3499,0.31038700979
3500,0.21296785788
3501,0.14431228426
3502,0.095694138285
3503,0.095525087594
3504,0.088535939565
3505,0.091939846369
3506,0.11590083878
3507,0.12549337001
3508,0.16674551201
3509,0.22115013707
3510,0.28710674777
3511,0.35719349239
3512,0.49485767687
3513,0.61406970159
3514,0.42084835441
3515,0.23497820422
3516,0.20954949474
3517,0.18541990001
3518,0.19141807925
3519,0.2031211979
3520,0.23670895519
3521,0.30175712821
3522,0.30984302236
3523,0.33073291434
3524,0.34041259563
3525,0.2197358188
3526,0.20022072482
3527,0.16510901414
3528,0.14497253146
3529,0.13534909085
3530,0.11953290084
3531,0.10194632391
3532,0.049295755993
3533,0.085883660976
3534,0.061336893772
3535,0.045567663963
3536,0.041437305692
3537,0.041343168504
3538,0.041617207171
3539,0.044456382157
3540,0.03543735967
3541,0.033042520562
3542,0.031735835112
3543,0.026824869384
3544,0.030109076165
3545,0.030597489377
3546,0.033877636063
3547,0.065536626255
3548,0.067624625708
3549,0.070027741982
3550,0.065576132199
3551,0.069541242445
3552,0.069944215633
3553,0.067170134285
3554,0.066498074492
3555,0.061541710903
3556,0.044042578875
3557,0.044219986723
3558,0.061019540456
3559,0.061339733542
3560,0.063687175697
3561,0.068852386111
3562,0.051730604669
3563,0.057327215334
3564,0.062575549023
3565,0.046434629094
3566,0.047232001351
3567,0.047797293621
3568,0.063107115415
3569,0.065282546167
3570,0.065610114457
3571,0.067985428356
3572,0.066192819079
3573,0.073561321895
3574,0.077605494003
3575,0.073739879846
3576,0.067941402029
3577,0.071059994396
3578,0.071860911846
3579,0.073212543185
3580,0.075264368232
3581,0.077967423258
3582,0.069091390394
3583,0.071661523178
3584,0.068443367489
3585,0.070103334553
3586,0.072671051832
3587,0.077945668136
3588,0.080197766912
3589,0.077939352162
3590,0.075739723936
3591,0.030446581793
3592,0.029906464085
3593,0.033731560826
3594,0.034034229453
3595,0.033943265046
3596,0.034457996718
3597,0.033091059431
3598,0.032789638384
3599,0.033172721189
3600,0.032108814383
3601,0.034051705532
3602,0.034408479108
3603,0.034888098752
3604,0.03810562228
3605,0.039209700207
3606,0.04092813276
3607,0.046172245951
3608,0.047047907588
3609,0.036258687324
3610,0.029601790377
3611,0.029256955821
3612,0.027997457267
3613,0.028403561751
3614,0.027698621124
3615,0.028101671837
3616,0.027765401005
3617,0.02819268451
3618,0.028126994803
3619,0.028344241678
3620,0.029016328675
3621,0.029038863077
3622,0.033810802027
3623,0.028042929962
3624,0.02713026482
3625,0.026065873019
3626,0.023591758422
3627,0.024354690254
3628,0.022772264065
3629,0.024767630781
3630,0.042071760193
3631,0.03837004368
3632,0.030332774422
3633,0.021285848418
3634,0.028098612655
3635,0.027233209076
3636,0.026252337759
3637,0.025805078021
3638,0.03067019138
3639,0.039841281049
3640,0.02882885546
3641,0.04580823053
3642,0.036215612298
3643,0.038764893447
3644,0.038911018437
3645,0.02283945322
3646,0.023659938498
3647,0.022250026156
3648,0.023359239554
3649,0.025974195189
3650,0.023634977508
3651,0.023231025053
3652,0.021875232995
3653,0.022651034671
3654,0.022885283485
3655,0.024581119467
3656,0.025086862655
3657,0.026587588994
3658,0.030442671239
3659,0.03922903874
3660,0.047344405886
3661,0.082793299812
3662,0.093738640807
3663,0.031955770228
3664,0.037417320781
3665,0.032560164491
3666,0.15653709805
3667,0.1099837311
3668,0.083438890731
3669,0.065939208535
3670,0.069882579541
3671,0.064488505679
3672,0.056161380828
3673,0.049263518998
3674,0.049636505584
3675,0.056428226976
3676,0.067658074995
3677,0.27339935165
3678,0.18807295789
3679,0.56817676466
3680,0.56579471717
3681,0.50595777946
3682,0.3454162114
3683,0.39192106068
3684,0.23218954117
3685,0.15181894594
3686,0.16741072175
3687,0.19538396065
3688,0.15479944159
3689,0.12643924855
3690,0.10451169856
3691,0.075522376112
3692,0.071151681503
3693,0.074903163799
3694,0.072455401238
3695,0.0732643077
3696,0.094873371806
3697,0.10770971945
3698,0.13157254121
3699,0.14985376424
3700,0.18025257247
3701,0.21472569851
3702,0.27458057036
3703,0.34149572436
3704,0.39930449029
3705,0.39810955021
3706,0.14018138397
3707,0.23241712563
3708,0.26508598591
3709,0.22781295161
3710,0.21065539001
3711,0.25172918489
3712,0.30460273871
3713,0.3649524936
3714,0.40041604178
3715,0.39644642337
3716,0.4510379913
3717,0.42930639204
3718,0.50323964463
3719,0.36963549573
3720,0.27643166322
3721,0.23723087366
3722,0.19445338892
3723,0.15543312927
3724,0.13072515027
3725,0.1197546198
3726,0.11861450695
3727,0.12419272578
3728,0.10975953514
3729,0.035503472562
3730,0.088749031586
3731,0.069948888314
3732,0.05425219802
3733,0.04640018484
3734,0.038270489279
3735,0.038646216862
3736,0.036433795496
3737,0.037395602141
3738,0.037924131071
3739,0.036825966004
3740,0.034543946996
3741,0.031406307789
3742,0.03278761327
3743,0.03099082424
3744,0.029014691626
3745,0.032917606525
3746,0.03366390731
3747,0.037117352341
3748,0.037288953529
3749,0.071888512953
3750,0.069838339564
3751,0.072697659129
3752,0.070731835815
3753,0.069119916773
3754,0.070228703181
3755,0.069558354434
3756,0.067333183016
3757,0.083996900508
3758,0.079568753565
3759,0.044365719705
3760,0.048065346931
3761,0.051236123035
3762,0.064027102322
3763,0.073619236568
3764,0.065525292096
3765,0.064533001946
3766,0.069137790653
3767,0.075667308595
3768,0.086303650446
3769,0.087355634934
3770,0.076421953768
3771,0.070713176356
3772,0.07109055186
3773,0.072756494624
3774,0.076801434565
3775,0.081814735943
3776,0.080686484546
3777,0.030180137638
3778,0.030085492154
3779,0.034832807548
3780,0.035205485626
3781,0.035948345188
3782,0.033559297128
3783,0.035269186484
3784,0.034991059449
3785,0.038983000725
3786,0.035768525067
3787,0.038395259073
3788,0.041117976889
3789,0.040862323558
3790,0.042049977142
3791,0.043907763704
3792,0.02982272337
3793,0.029904543336
3794,0.028326987147
3795,0.028033737359
3796,0.02945759829
3797,0.028921422016
3798,0.028208608744
3799,0.029002354583
3800,0.02881635812
3801,0.029282056991
3802,0.030295187241
3803,0.030166868784
3804,0.028388468336
3805,0.033486577383
3806,0.019781747771
3807,0.021000559474
3808,0.015478002417
3809,0.021649463887
3810,0.023013175149
3811,0.021906887388
3812,0.02462405634
3813,0.026316264526
3814,0.041089467275
3815,0.039042476492
3816,0.036296132167
3817,0.020023468187
3818,0.020639200024
3819,0.019945419269
3820,0.029519821185
3821,0.028384950457
3822,0.027116152903
3823,0.027042421779
3824,0.028097181912
3825,0.028139779751
3826,0.030372717228
3827,0.070161778727
3828,0.039615137771
3829,0.04329799647
3830,0.03475504658
3831,0.02304210499
3832,0.023660182944
3833,0.02249724925
3834,0.024382318506
3835,0.022078450416
3836,0.022934059134
3837,0.023243549829
3838,0.022639808766
3839,0.023309927799
3840,0.024017689462
3841,0.023511886383
3842,0.024010057283
3843,0.023017250897
3844,0.024713556975
3845,0.027446637052
3846,0.031112980351
3847,0.026095642167
3848,0.033132413553
3849,0.050971179691
3850,0.06506862157
3851,0.12947251721
3852,0.15451026903
3853,0.030418506206
3854,0.043693676976
3855,0.29994413238
3856,0.47859337065
3857,0.26044981887
3858,0.16140409129
3859,0.095094902315
3860,0.096035961183
3861,0.079476570143
3862,0.070924183855
3863,0.058697132414
3864,0.056950903547
3865,0.05465034164
3866,0.072089464614
3867,0.57676376679
3868,0.21754379809
3869,0.14604676809
3870,0.13175185317
3871,0.12558250295
3872,0.13778339144
3873,0.13567424
3874,0.13794506838
3875,0.11092679794
3876,0.092926076067
3877,0.083233609472
3878,0.069699170994
3879,0.059369143342
3880,0.062445875944
3881,0.065399837215
3882,0.065435854915
3883,0.061717318753
3884,0.061729636837
3885,0.06153143677
3886,0.067797924244
3887,0.07893041075
3888,0.088347023197
3889,0.096478042886
3890,0.11874823573
3891,0.1456569374
3892,0.17566227603
3893,0.20338320779
3894,0.26700269209
3895,0.38923625939
3896,0.28831782605
3897,0.15183162125
3898,0.2759355033
3899,0.37289466433
3900,0.33976414795
3901,0.37317751512
3902,0.27961704152
3903,0.29623264795
3904,0.37782906069
3905,0.45488707805
3906,0.52040130928
3907,0.48753192179
3908,0.54849626163
3909,0.54112153781
3910,0.68127303307
3911,0.69208855496
3912,0.54438219389
3913,0.41952941199
3914,0.35620542858
3915,0.28768286052
3916,0.24300941248
3917,0.18347314445
3918,0.13434046033
3919,0.11274870785
3920,0.12557398739
3921,0.13644972065
3922,0.12763249131
3923,0.10957756767
3924,0.044218197273
3925,0.037961563835
3926,0.092089077658
3927,0.071738073791
3928,0.062911937564
3929,0.055073211155
3930,0.050523101096
3931,0.034599518921
3932,0.036462755195
3933,0.037510188333
3934,0.039098112232
3935,0.036555256676
3936,0.039481465854
3937,0.036683182901
3938,0.041176149766
3939,0.038109780222
3940,0.034059121647
3941,0.037750735209
3942,0.035838360143
3943,0.032067819508
3944,0.037250512985
3945,0.041967392666
3946,0.037689579075
3947,0.037983285096
3948,0.088943410299
3949,0.090649466259
3950,0.087538378927
3951,0.089196658248
3952,0.057537814639
3953,0.070881885743
3954,0.049513271791
3955,0.029958454637
3956,0.037177620949
3957,0.03787395477
3958,0.037789302222
3959,0.043133824164
3960,0.045632710302
3961,0.03858095385
3962,0.039891084839
3963,0.042052663891
3964,0.044573780316
3965,0.045266585073
3966,0.051351662574
3967,0.03199547324
3968,0.028237896583
3969,0.029068844235
3970,0.028936865781
3971,0.029729799493
3972,0.0309137107
3973,0.030530199375
3974,0.023776713878
3975,0.036269288802
3976,0.029916350747
3977,0.015364114173
3978,0.015247534699
3979,0.015352301419
3980,0.015469781445
3981,0.01535737512
3982,0.023331015224
3983,0.026143110585
3984,0.029498717229
3985,0.038102284651
3986,0.028188120104
3987,0.030565820491
3988,0.024138600377
3989,0.032681910086
3990,0.0191258029
3991,0.023358933634
3992,0.020345166907
3993,0.031240295677
3994,0.029980309911
3995,0.028302869225
3996,0.028871088517
3997,0.029208881264
3998,0.030692751933
3999,0.015462082897
4000,0.032459625448
4001,0.023260596897
4002,0.023764582227
4003,0.022565154169
4004,0.024702641374
4005,0.02222452794
4006,0.021917601323
4007,0.021761556319
4008,0.021520811067
4009,0.023381434164
4010,0.025325378956
4011,0.022364864315
4012,0.020883869385
4013,0.024504240874
4014,0.023295395523
4015,0.024942834637
4016,0.02799518261
4017,0.028293588648
4018,0.026041478601
4019,0.030776372347
4020,0.040820038587
4021,0.069919805028
4022,0.10986250403
4023,0.28361169263
4024,0.3034543351
4025,0.043467118999
4026,0.49214320792
4027,0.51027196673
4028,0.52722181213
4029,0.53545709661
4030,0.39953001797
4031,0.28113849437
4032,0.15772064489
4033,0.12149239336
4034,0.12624165316
4035,0.099378575812
4036,0.084297071397
4037,0.07780841595
4038,0.068488015859
4039,0.11465766226
4040,0.11776058294
4041,0.12005730346
4042,0.10681124722
4043,0.094927069775
4044,0.081800868536
4045,0.073253713223
4046,0.066164301869
4047,0.060226278539
4048,0.057634597365
4049,0.060232386608
4050,0.060484625908
4051,0.060039934028
4052,0.056886761355
4053,0.056503410994
4054,0.055197085638
4055,0.05587552892
4056,0.05356158155
4057,0.059410305079
4058,0.064927382943
4059,0.074704571398
4060,0.083583823716
4061,0.087012213527
4062,0.10243438417
4063,0.12456744192
4064,0.17751415783
4065,0.16289819752
4066,0.21234862277
4067,0.34308522118
4068,0.16503927329
4069,0.16481016476
4070,0.20194381296
4071,0.25190341057
4072,0.34492970236
4073,0.38812627764
4074,0.43574037616
4075,0.43022094799
4076,0.34555044519
4077,0.40863950695
4078,0.4764879869
4079,0.57331361564
4080,0.66083612748
4081,0.59318341552
4082,0.65255436973
4083,0.85890641839
4084,0.8594979704
4085,0.86577323625
4086,0.7461891668
4087,0.58462667594
4088,0.51496910221
4089,0.44369347801
4090,0.33449005641
4091,0.24179627961
4092,0.15261904864
4093,0.12010884369
4094,0.13787153759
4095,0.14589315515
4096,0.1426495738
4097,0.1355154466
4098,0.11037184068
4099,0.051367931559
4100,0.044908442646
4101,0.040944353381
4102,0.079383640807
4103,0.071432185368
4104,0.069481444055
4105,0.061457432258
4106,0.056854371864
4107,0.042131996709
4108,0.038595650852
4109,0.037227536847
4110,0.03932013441
4111,0.04195771565
4112,0.043913794324
4113,0.040723697602
4114,0.046671849292
4115,0.04820015572
4116,0.048907913718
4117,0.046174502623
4118,0.042110216577
4119,0.046428394311
4120,0.041648268379
4121,0.038308398514
4122,0.035494860028
4123,0.03188017422
4124,0.041094198783
4125,0.041718933629
4126,0.038286229092
4127,0.039234138901
4128,0.054466307293
4129,0.050611999867
4130,0.047901239266
4131,0.041391668178
4132,0.041040819822
4133,0.047150898948
4134,0.046227485637
4135,0.041252548131
4136,0.043271544291
4137,0.047029396374
4138,0.051506347369
4139,0.049847777392
4140,0.055112414851
4141,0.031638268273
4142,0.032412992535
4143,0.031625451507
4144,0.033344073863
4145,0.032927994743
4146,0.0182258381
4147,0.040745923589
4148,0.038570270129
4149,0.029653528955
4150,0.015245917309
4151,0.015378281133
4152,0.015290531445
4153,0.026259139822
4154,0.029217761452
4155,0.032758724614
4156,0.031735361815
4157,0.030298921253
4158,0.031437690022
4159,0.024069405406
4160,0.021167658426
4161,0.017661159307
4162,0.019335006297
4163,0.02551397904
4164,0.023301677888
4165,0.033336113752
4166,0.032326563965
4167,0.030733978773
4168,0.029356967663
4169,0.030786326598
4170,0.031005142559
4171,0.032870337903
4172,0.01535359986
4173,0.015366187798
4174,0.015380342528
4175,0.036398377693
4176,0.023596966853
4177,0.02432035463
4178,0.022984153347
4179,0.022583817192
4180,0.022154686423
4181,0.025626020137
4182,0.021781088083
4183,0.021571243954
4184,0.021390953966
4185,0.021075394033
4186,0.023686261878
4187,0.026204646739
4188,0.024157890213
4189,0.02267543994
4190,0.024948789691
4191,0.022586178648
4192,0.024915245289
4193,0.026362206904
4194,0.02907086625
4195,0.044312106898
4196,0.027384978264
4197,0.036437632408
4198,0.053065870875
4199,0.098418572953
4200,0.16566577176
4201,0.29062640442
4202,0.43739062257
4203,0.4584197811
4204,0.35892125662
4205,0.36762891874
4206,0.41066318653
4207,0.39468457734
4208,0.53982401129
4209,0.55559988191
4210,0.5261742627
4211,0.39382465016
4212,0.24722806265
4213,0.16419280171
4214,0.16105773838
4215,0.12516644089
4216,0.10322005658
4217,0.093094673455
4218,0.1022323882
4219,0.10010212551
4220,0.091308320748
4221,0.098866125049
4222,0.079484737012
4223,0.073258708701
4224,0.069136716056
4225,0.055976973048
4226,0.054128979332
4227,0.056875193835
4228,0.056136816401
4229,0.053666433741
4230,0.05441670029
4231,0.053003844676
4232,0.053433253849
4233,0.051478075959
4234,0.052459276241
4235,0.051021681021
4236,0.048237634983
4237,0.04934310541
4238,0.053841382522
4239,0.05893505102
4240,0.062901194029
4241,0.068460549466
4242,0.075778746829
4243,0.078230870158
4244,0.091297361861
4245,0.11148326462
4246,0.14465632548
4247,0.19375586242
4248,0.2327821015
4249,0.24137478841
4250,0.20781404021
4251,0.11164233778
4252,0.19909415776
4253,0.26580474793
4254,0.35390454348
4255,0.39935615773
4256,0.47135165706
4257,0.51428975164
4258,0.54977407694
4259,0.61461004946
4260,0.70487449566
4261,0.81154799058
4262,0.75134545132
4263,0.94377598038
4264,1.1140006147
4265,1.081571602
4266,1.0445313696
4267,0.98941261755
4268,0.92107027886
4269,0.70883779705
4270,0.67077272104
4271,0.64020331505
4272,0.43752092185
4273,0.34123042151
4274,0.28839911499
4275,0.1878876421
4276,0.13404220232
4277,0.1464940306
4278,0.15579352776
4279,0.15746005464
4280,0.15659915757
4281,0.14927728697
4282,0.12597962904
4283,0.1060096689
4284,0.059530666293
4285,0.055769367279
4286,0.049813202459
4287,0.046082960848
4288,0.078308626538
4289,0.077888582026
4290,0.078092217978
4291,0.064326939595
4292,0.072246832703
4293,0.047640780343
4294,0.046286661649
4295,0.042725995475
4296,0.044287185834
4297,0.041226721876
4298,0.041434191532
4299,0.04402837206
4300,0.045673988133
4301,0.048190955812
4302,0.051892508503
4303,0.051556386246
4304,0.055103169099
4305,0.054938468874
4306,0.0533602344
4307,0.052558853078
4308,0.04714425821
4309,0.051616118885
4310,0.047630715414
4311,0.039460321265
4312,0.035279957711
4313,0.034345288879
4314,0.044498637682
4315,0.042305847658
4316,0.039984928208
4317,0.041262743639
4318,0.043336375658
4319,0.053851840732
4320,0.056118643236
4321,0.059874330088
4322,0.057076523203
4323,0.044250524282
4324,0.045138255545
4325,0.050300396728
4326,0.048687037381
4327,0.047560531996
4328,0.050181217428
4329,0.052072923767
4330,0.052393874635
4331,0.055340372264
4332,0.048118162882
4333,0.034124584099
4334,0.033388372242
4335,0.033549364511
4336,0.034417524484
4337,0.034984857646
4338,0.02187048201
4339,0.014936757639
4340,0.041834711517
4341,0.035911432408
4342,0.042563157182
4343,0.031411982354
4344,0.027479149792
4345,0.015094537538
4346,0.015253948917
4347,0.029140802836
4348,0.031114279026
4349,0.034426450271
4350,0.033846535746
4351,0.034464205363
4352,0.033089004166
4353,0.022146633221
4354,0.023157662998
4355,0.018821366755
4356,0.017079493916
4357,0.018316281808
4358,0.021866551859
4359,0.028320840952
4360,0.026896805136
4361,0.025834439961
4362,0.03613434938
4363,0.032370380546
4364,0.030599677948
4365,0.030573002509
4366,0.031532802189
4367,0.032845199008
4368,0.032705346968
4369,0.034474639647
4370,0.015238324706
4371,0.015289667014
4372,0.015354569793
4373,0.036781089957
4374,0.037483881484
4375,0.037654817123
4376,0.023703530023
4377,0.024243487851
4378,0.023196314667
4379,0.02518391918
4380,0.022775716056
4381,0.022475778929
4382,0.022092777298
4383,0.026639277325
4384,0.021708118623
4385,0.02149554462
4386,0.021310363045
4387,0.022995435023
4388,0.021888719269
4389,0.021989173097
4390,0.023020778731
4391,0.027369445472
4392,0.027793523338
4393,0.024517640324
4394,0.022987642619
4395,0.023463163884
4396,0.020364800968
4397,0.023311198351
4398,0.03413070214
4399,0.028488178447
4400,0.033270198407
4401,0.042529808347
4402,0.059498840893
4403,0.10003721497
4404,0.26072364404
4405,0.41023282898
4406,0.2804222764
4407,0.31823657474
4408,0.13864371815
4409,0.19092745604
4410,0.20921588921
4411,0.24816649098
4412,0.25885187435
4413,0.254760203
4414,0.26204148549
4415,0.52641574062
4416,0.57754200622
4417,0.57469079249
4418,0.39725658424
4419,0.23294282356
4420,0.2078370221
4421,0.15004493815
4422,0.12170511631
4423,0.11015164728
4424,0.051794106681
4425,0.053496994221
4426,0.052795652627
4427,0.051793130908
4428,0.051436136299
4429,0.052245517269
4430,0.050652066969
4431,0.051167567158
4432,0.049832017743
4433,0.04977193113
4434,0.050138775722
4435,0.04861017304
4436,0.047231284784
4437,0.04638042517
4438,0.045924404658
4439,0.045837498823
4440,0.046765329485
4441,0.049975605461
4442,0.053978355761
4443,0.058682774475
4444,0.063866370007
4445,0.069938336744
4446,0.070848938791
4447,0.079894772716
4448,0.10135517695
4449,0.1465653719
4450,0.19470233833
4451,0.21071813592
4452,0.21465280869
4453,0.12814961748
4454,0.24938946271
4455,0.35907234313
4456,0.47716931877
4457,0.53839588688
4458,0.48761837796
4459,0.65219293923
4460,0.61780742567
4461,0.67887267581
4462,0.75869525892
4463,0.8649913773
4464,1.0018709765
4465,1.1573363335
4466,1.3730188423
4467,1.3271485091
4468,1.3046118947
4469,1.2503745159
4470,1.1667721547
4471,0.84877732581
4472,1.0767698374
4473,0.90103487998
4474,0.9945004437
4475,0.61777311101
4476,0.41755369999
4477,0.35825604723
4478,0.23008564737
4479,0.15965427529
4480,0.1593314726
4481,0.1649948673
4482,0.1728417092
4483,0.17615068628
4484,0.16875245199
4485,0.16638905558
4486,0.14388089894
4487,0.11970383351
4488,0.098967166954
4489,0.067541903438
4490,0.063687748598
4491,0.051655502126
4492,0.059619131977
4493,0.085379086902
4494,0.085101320977
4495,0.085302216871
4496,0.079470533056
4497,0.075007102813
4498,0.052565976288
4499,0.053198667106
4500,0.04842448835
4501,0.050340397892
4502,0.047319288745
4503,0.045483138467
4504,0.045504103999
4505,0.043847506552
4506,0.047246754808
4507,0.049150798807
4508,0.05285359551
4509,0.056453163217
4510,0.05609347501
4511,0.059724006022
4512,0.059389427436
4513,0.060322619028
4514,0.058439460588
4515,0.057670090814
4516,0.05834054286
4517,0.055421689461
4518,0.052615709176
4519,0.056771304403
4520,0.052902293224
4521,0.042684791005
4522,0.041521347031
4523,0.040284519764
4524,0.041817870181
4525,0.049578130996
4526,0.044197607582
4527,0.043803118636
4528,0.06331614476
4529,0.060329709052
4530,0.063375655543
4531,0.051770698349
4532,0.051340832261
4533,0.058289037203
4534,0.05448505412
4535,0.061390887236
4536,0.075167386387
4537,0.033785224136
4538,0.035109601864
4539,0.036126386892
4540,0.025922096699
4541,0.01879640354
4542,0.047870693497
4543,0.047548422018
4544,0.04016486858
4545,0.033968382025
4546,0.049241955495
4547,0.045109297272
4548,0.030772343681
4549,0.015310502663
4550,0.015054154387
4551,0.032149912056
4552,0.030557059697
4553,0.035694945535
4554,0.035595670464
4555,0.035481343585
4556,0.034855369452
4557,0.034273776425
4558,0.020487027601
4559,0.019145482301
4560,0.021053857879
4561,0.017528113326
4562,0.021245157747
4563,0.019760186543
4564,0.024076577283
4565,0.029467592486
4566,0.028659786763
4567,0.026561223909
4568,0.02853119712
4569,0.036790814884
4570,0.035292821619
4571,0.033335939414
4572,0.031578688175
4573,0.030841942867
4574,0.031300615534
4575,0.03229904241
4576,0.033372575459
4577,0.034570312044
4578,0.035744545274
4579,0.015054068536
4580,0.015173354051
4581,0.015151503136
4582,0.015235595796
4583,0.037090882838
4584,0.037118487572
4585,0.037456141608
4586,0.023641933852
4587,0.024455385877
4588,0.02321464583
4589,0.022916192305
4590,0.025856854574
4591,0.022641521156
4592,0.022413082531
4593,0.022023794235
4594,0.021754246257
4595,0.027493097633
4596,0.021376944321
4597,0.021159670268
4598,0.02261041782
4599,0.027602427852
4600,0.025742138539
4601,0.021475955438
4602,0.020923746887
4603,0.022294350252
4604,0.021441567906
4605,0.023857219743
4606,0.02291160423
4607,0.037380313304
4608,0.029405156703
4609,0.028879030296
4610,0.029372329849
4611,0.031092622553
4612,0.042392401774
4613,0.058766485137
4614,0.063347116683
4615,0.19757145532
4616,0.30646424155
4617,0.37304807336
4618,0.21345754504
4619,0.10899197469
4620,0.1294288085
4621,0.08074829273
4622,0.076850512899
4623,0.11631334157
4624,0.13165327601
4625,0.15948666099
4626,0.16497688621
4627,0.18873550713
4628,0.17239431456
4629,0.17236371329
4630,0.18297188146
4631,0.30360293915
4632,0.50614236997
4633,0.6058509748
4634,0.61306121037
4635,0.5902150648
4636,0.31185143336
4637,0.4684885957
4638,0.25871145334
4639,0.19604844336
4640,0.13948544188
4641,0.051482962402
4642,0.050821144176
4643,0.050021228737
4644,0.049786009942
4645,0.050311939634
4646,0.049116083814
4647,0.049387983611
4648,0.048658359776
4649,0.049062806303
4650,0.048806345354
4651,0.047950032939
4652,0.047510759665
4653,0.046671680261
4654,0.046237514859
4655,0.04550550962
4656,0.045284898708
4657,0.044592718235
4658,0.043143537249
4659,0.043843283694
4660,0.044857906252
4661,0.047556796784
4662,0.050526301453
4663,0.055400391898
4664,0.052591610259
4665,0.061080098691
4666,0.057930618606
4667,0.065147604347
4668,0.065557397624
4669,0.070743759898
4670,0.097274629819
4671,0.18667775143
4672,0.15180829781
4673,0.18262017518
4674,0.12611454756
4675,0.11953199611
4676,0.24816316921
4677,0.42018244642
4678,0.46920176636
4679,0.53387256445
4680,0.58368874118
4681,0.66787619163
4682,0.64171794982
4683,0.84803592749
4684,0.75921889609
4685,0.81312412524
4686,0.92720550653
4687,1.0602968394
4688,1.1980129364
4689,1.3210870548
4690,1.5062782778
4691,1.6421505115
4692,1.5930032154
4693,1.5597172325
4694,1.5449743596
4695,1.498087579
4696,1.3940223326
4697,1.237159289
4698,1.4706883389
4699,1.0943568475
4700,0.5821422327
4701,0.56831677011
4702,0.28633329964
4703,0.2006486006
4704,0.20003644613
4705,0.19672658478
4706,0.19806210661
4707,0.19138829845
4708,0.19214617803
4709,0.18276865357
4710,0.15867611207
4711,0.13739497693
4712,0.11319350775
4713,0.093976238333
4714,0.071697822618
4715,0.068863883037
4716,0.067107450849
4717,0.059384742613
4718,0.091940066159
4719,0.091615605568
4720,0.091656144926
4721,0.085837810252
4722,0.080812714613
4723,0.078932443165
4724,0.059804597456
4725,0.054586019951
4726,0.056154797469
4727,0.052687269161
4728,0.050502611229
4729,0.049365041511
4730,0.051078758209
4731,0.046202915247
4732,0.049091826486
4733,0.051414647414
4734,0.054928046329
4735,0.056744420366
4736,0.060588486527
4737,0.060230332941
4738,0.064141636123
4739,0.062562507555
4740,0.063333868519
4741,0.062942199292
4742,0.061504917028
4743,0.060559016759
4744,0.060827224627
4745,0.061974291921
4746,0.058525003626
4747,0.061203521869
4748,0.0572313163
4749,0.060205175144
4750,0.059624962867
4751,0.058322201867
4752,0.0555398472
4753,0.047621248411
4754,0.04929957956
4755,0.048425982756
4756,0.045981379458
4757,0.046545298389
4758,0.053541617698
4759,0.048405435948
4760,0.048110596999
4761,0.049842649857
4762,0.068096941597
4763,0.065655642632
4764,0.064428712385
4765,0.036188649499
4766,0.036871818097
4767,0.036771012631
4768,0.030737641092
4769,0.025876918424
4770,0.021807279601
4771,0.05199273279
4772,0.051189317034
4773,0.041736874783
4774,0.037141404277
4775,0.054228892574
4776,0.049912194434
4777,0.047541505017
4778,0.035478172729
4779,0.022007426661
4780,0.016559204237
4781,0.032562383341
4782,0.033956840988
4783,0.031296301983
4784,0.036809125551
4785,0.036824420567
4786,0.036402420941
4787,0.036304815283
4788,0.036628830414
4789,0.03593158524
4790,0.035537389069
4791,0.015239596955
4792,0.016866010907
4793,0.016807262867
4794,0.02340111599
4795,0.017996310308
4796,0.018887801874
4797,0.023610576735
4798,0.022138663482
4799,0.02040145624
4800,0.021506496258
4801,0.025301143856
4802,0.030643815393
4803,0.02988425034
4804,0.028096825141
4805,0.027061946736
4806,0.030155030799
4807,0.029347814601
4808,0.036505271241
4809,0.03536629129
4810,0.033878158014
4811,0.0323279966
4812,0.031123777447
4813,0.030828401201
4814,0.031187267719
4815,0.03214288148
4816,0.032994522879
4817,0.033968611845
4818,0.034847766945
4819,0.035618944064
4820,0.036015707135
4821,0.036597762584
4822,0.01501443449
4823,0.019108988808
4824,0.015022597561
4825,0.015030133223
4826,0.015097244463
4827,0.015139595975
4828,0.03640632973
4829,0.035450240551
4830,0.03672359181
4831,0.035824769098
4832,0.036734395398
4833,0.024026090968
4834,0.023437626954
4835,0.023121831657
4836,0.024709025217
4837,0.022761672014
4838,0.026056763309
4839,0.027318926977
4840,0.02511365166
4841,0.022335366419
4842,0.022021965495
4843,0.021642925989
4844,0.021436046822
4845,0.021110761314
4846,0.021088780176
4847,0.021058852151
4848,0.021659154748
4849,0.024213514794
4850,0.024847001556
4851,0.02615996231
4852,0.022526377505
4853,0.021030469151
4854,0.021190582536
4855,0.035671356897
4856,0.035041131633
4857,0.035807370798
4858,0.031112441741
4859,0.028667826405
4860,0.032676913716
4861,0.038160486101
4862,0.040473681129
4863,0.057912718403
4864,0.12873419811
4865,0.33374681364
4866,0.34478652857
4867,0.15777922564
4868,0.086676118011
4869,0.060294944317
4870,0.069576848587
4871,0.052481829506
4872,0.049014332186
4873,0.059758800712
4874,0.082809946412
4875,0.10619303005
4876,0.12078287265
4877,0.13573859713
4878,0.11757424945
4879,0.17769879097
4880,0.18747265324
4881,0.23420176407
4882,0.21676804511
4883,0.30662301346
4884,0.50365067665
4885,0.61873752465
4886,0.63201918945
4887,0.6312093577
4888,0.59352494424
4889,0.41246058082
4890,0.32670790225
4891,0.048767530187
4892,0.047997486299
4893,0.048088115782
4894,0.04757665495
4895,0.048243086474
4896,0.047775583065
4897,0.047113250219
4898,0.046147475893
4899,0.045811466763
4900,0.045449878325
4901,0.044828028783
4902,0.044307609255
4903,0.042949803799
4904,0.041973107843
4905,0.041569106873
4906,0.041504161918
4907,0.04305171698
4908,0.043436389629
4909,0.045630262281
4910,0.04950695684
4911,0.047541313265
4912,0.055196862147
4913,0.05096231026
4914,0.05319675289
4915,0.061758359807
4916,0.058153486238
4917,0.059762164919
4918,0.063490399872
4919,0.10549007663
4920,0.087538458803
4921,0.16138531765
4922,0.32357482107
4923,0.29313601077
4924,0.27015590783
4925,0.48348585185
4926,0.52433331044
4927,0.56580502909
4928,0.62562373871
4929,0.74135104905
4930,0.89297362092
4931,0.90282793345
4932,1.1088314721
4933,0.9537218864
4934,1.1189497294
4935,1.2623484664
4936,1.3980086103
4937,1.6271506461
4938,1.7034806319
4939,1.8824332805
4940,1.8424998292
4941,1.8373542254
4942,1.8333347409
4943,1.8217399252
4944,1.7872871482
4945,1.6888472668
4946,2.0684522083
4947,1.8509963102
4948,1.6042475628
4949,0.96879508278
4950,0.83079292427
4951,0.50274212197
4952,0.2505129564
4953,0.2502507722
4954,0.24085119619
4955,0.22799688247
4956,0.22645798353
4957,0.21631233042
4958,0.19192842163
4959,0.16316821191
4960,0.1440840698
4961,0.12488128086
4962,0.10424512444
4963,0.098361244208
4964,0.076932028862
4965,0.075170827823
4966,0.074135242794
4967,0.066684402517
4968,0.097540887861
4969,0.097312214084
4970,0.097589833653
4971,0.092068596227
4972,0.085716016549
4973,0.084556445921
4974,0.066818778314
4975,0.060809634243
4976,0.06180805121
4977,0.057694503584
4978,0.05461547971
4979,0.054560118653
4980,0.056888192544
4981,0.052974481078
4982,0.049384834165
4983,0.051249501591
4984,0.053302997288
4985,0.055625264045
4986,0.058301876345
4987,0.061354108904
4988,0.063928593867
4989,0.063377647431
4990,0.066375652658
4991,0.06763887926
4992,0.065645272884
4993,0.06681956248
4994,0.064868697657
4995,0.064133936358
4996,0.062731773255
4997,0.062609335537
4998,0.06362062974
4999,0.063923330613
5000,0.063163652402
5001,0.061627679402
5002,0.062861277824
5003,0.060272976414
5004,0.06184277456
5005,0.061605934502
5006,0.059627384623
5007,0.061026601796
5008,0.058890573809
5009,0.05244912484
5010,0.05358450044
5011,0.055285669418
5012,0.052645557721
5013,0.055877530567
5014,0.053588983716
5015,0.057150233412
5016,0.051356359438
5017,0.052666363912
5018,0.053628261021
5019,0.053731039966
5020,0.040346918991
5021,0.03880702582
5022,0.037343781762
5023,0.035256719271
5024,0.031732121615
5025,0.028303109306
5026,0.053837903034
5027,0.054186781317
5028,0.043431974282
5029,0.039810933412
5030,0.056425013163
5031,0.056141105681
5032,0.052712479094
5033,0.050571807097
5034,0.048517620234
5035,0.038983763574
5036,0.027340803694
5037,0.022948330759
5038,0.032447712153
5039,0.03419237126
5040,0.033463852426
5041,0.035176045647
5042,0.031955840883
5043,0.037452161521
5044,0.03741027499
5045,0.037592979633
5046,0.037372195684
5047,0.037870487445
5048,0.037382160586
5049,0.037266039453
5050,0.036984434091
5051,0.036585913442
5052,0.015544282784
5053,0.015123196543
5054,0.016718864816
5055,0.017625115405
5056,0.024624898998
5057,0.019596296167
5058,0.018738514593
5059,0.02482802405
5060,0.024521257906
5061,0.023791838283
5062,0.022757652676
5063,0.021583431836
5064,0.0209272911
5065,0.022245202483
5066,0.025922716208
5067,0.031662105748
5068,0.031022470128
5069,0.028575246338
5070,0.027495605028
5071,0.031083700523
5072,0.030473832778
5073,0.029678437622
5074,0.03621996643
5075,0.036626031498
5076,0.035775995936
5077,0.032423737006
5078,0.031319521423
5079,0.03060262254
5080,0.030601069718
5081,0.031081388548
5082,0.031704812254
5083,0.03266044391
5084,0.033597242827
5085,0.034745030967
5086,0.035209621287
5087,0.036051778349
5088,0.036486579526
5089,0.036931562081
5090,0.019540148748
5091,0.026038173631
5092,0.024317291152
5093,0.016561204148
5094,0.01496170514
5095,0.015042423978
5096,0.035868744638
5097,0.035277029373
5098,0.035175363834
5099,0.034954048267
5100,0.036165100454
5101,0.035342885918
5102,0.034725972117
5103,0.036763953967
5104,0.036386825347
5105,0.024271916794
5106,0.023660288312
5107,0.023183502084
5108,0.022993133602
5109,0.022739202625
5110,0.022463789185
5111,0.026978985314
5112,0.025492026287
5113,0.024436596555
5114,0.022137424499
5115,0.021915838418
5116,0.021629636666
5117,0.021393204893
5118,0.021384064124
5119,0.021259763475
5120,0.02117722986
5121,0.020967301516
5122,0.021022551589
5123,0.021017401409
5124,0.020986263138
5125,0.021848293325
5126,0.021198974093
5127,0.022745717179
5128,0.021424108775
5129,0.021243185662
5130,0.021147532278
5131,0.027850041465
5132,0.032136344077
5133,0.029748965487
5134,0.03436825574
5135,0.028049009623
5136,0.036331587528
5137,0.041201385212
5138,0.048092187495
5139,0.090206213302
5140,0.30377238799
5141,0.20034009029
5142,0.16511737153
5143,0.11777603183
5144,0.064936669266
5145,0.052125351854
5146,0.044225795963
5147,0.042423240068
5148,0.036718610346
5149,0.036077787263
5150,0.044617342137
5151,0.050173728913
5152,0.066436037662
5153,0.089148307328
5154,0.1100353684
5155,0.09124803895
5156,0.099535474509
5157,0.21537396539
5158,0.20474146274
5159,0.35874148942
5160,0.5294214966
5161,0.63054638408
5162,0.65048842629
5163,0.64220256917
5164,0.58353315506
5165,0.48178006743
5166,0.37002699679
5167,0.047409707766
5168,0.047549694125
5169,0.047506862335
5170,0.0474370664
5171,0.047099170909
5172,0.046527735974
5173,0.045720761577
5174,0.045625892189
5175,0.045587859445
5176,0.045195210085
5177,0.044492851511
5178,0.044083059454
5179,0.043439003886
5180,0.042373177969
5181,0.041700997776
5182,0.04092212192
5183,0.039971419891
5184,0.039450085607
5185,0.039716774408
5186,0.041412291248
5187,0.044179958892
5188,0.042568257647
5189,0.046942801058
5190,0.045647312948
5191,0.048721340111
5192,0.055299422497
5193,0.050380354742
5194,0.052787890693
5195,0.055918498765
5196,0.058827279357
5197,0.062476726377
5198,0.15845812937
5199,0.095329997683
5200,0.12040095842
5201,0.45721606489
5202,0.43327205701
5203,0.40360715067
5204,0.4837231268
5205,0.52564707383
5206,0.55390236412
5207,0.63959772778
5208,0.66279900468
5209,0.79154627331
5210,0.97725004733
5211,1.1444817847
5212,1.1457367127
5213,1.2707904793
5214,1.2082941549
5215,1.3391418709
5216,1.522649115
5217,1.7234272108
5218,1.8701958761
5219,2.1312686564
5220,2.0904794702
5221,2.0714078594
5222,2.1133269699
5223,2.1616330405
5224,2.173973219
5225,2.151082609
5226,2.6336843886
5227,2.568277149
5228,2.4129149724
5229,2.1719755107
5230,1.3678382894
5231,1.1128966337
5232,0.67307776034
5233,0.34909570271
5234,0.29726000583
5235,0.28750350279
5236,0.27703003804
5237,0.26286179616
5238,0.23371432667
5239,0.19395900602
5240,0.14971566061
5241,0.12423857164
5242,0.11793797636
5243,0.10932999487
5244,0.10804290343
5245,0.10301932074
5246,0.083113828939
5247,0.081461233551
5248,0.080356367179
5249,0.073366436853
5250,0.1024010095
5251,0.10229448389
5252,0.10281344167
5253,0.09878804191
5254,0.092109629931
5255,0.091037495415
5256,0.073684372686
5257,0.067109277941
5258,0.067574517761
5259,0.062943545476
5260,0.059195177592
5261,0.060835852908
5262,0.063702668192
5263,0.060486295804
5264,0.055178728796
5265,0.051731061688
5266,0.052864440611
5267,0.053427720796
5268,0.056230857228
5269,0.058655345534
5270,0.060813663163
5271,0.063216832085
5272,0.066002894751
5273,0.068664567094
5274,0.069688123798
5275,0.068384031666
5276,0.068985011809
5277,0.068231264985
5278,0.06648616772
5279,0.066101703756
5280,0.064486020528
5281,0.064483182684
5282,0.065342427424
5283,0.065025847303
5284,0.064500395792
5285,0.063850631817
5286,0.063142508279
5287,0.06282283808
5288,0.063934567105
5289,0.061928384759
5290,0.062735056929
5291,0.062711222423
5292,0.062651438453
5293,0.061885414468
5294,0.062220232364
5295,0.062277438981
5296,0.059609422455
5297,0.061362936016
5298,0.057666579276
5299,0.057056503565
5300,0.058152915941
5301,0.058388018868
5302,0.05761544364
5303,0.058909267671
5304,0.058970107685
5305,0.056091433444
5306,0.059811005742
5307,0.054853108009
5308,0.055885307527
5309,0.055799899912
5310,0.055102981703
5311,0.055542589049
5312,0.05558746031
5313,0.038653064944
5314,0.03722896172
5315,0.035967266134
5316,0.039303152887
5317,0.036416780579
5318,0.0337225581
5319,0.034211312847
5320,0.031436844432
5321,0.055644366101
5322,0.056174601508
5323,0.048076400183
5324,0.043958259948
5325,0.057230196961
5326,0.057641110864
5327,0.059227082467
5328,0.051198328259
5329,0.04216991377
5330,0.032400114304
5331,0.028925519342
5332,0.033059815561
5333,0.035518010002
5334,0.034601035518
5335,0.034015344072
5336,0.03276618363
5337,0.038020992158
5338,0.037481103317
5339,0.037783961868
5340,0.038046669502
5341,0.038048929868
5342,0.038096584446
5343,0.038359779682
5344,0.038527845348
5345,0.038219927403
5346,0.038082445732
5347,0.037801565397
5348,0.036569332254
5349,0.037470074351
5350,0.016029324027
5351,0.01506784351
5352,0.018078264459
5353,0.0174342898
5354,0.019848668623
5355,0.020509126254
5356,0.019240055992
5357,0.025406405712
5358,0.024865471934
5359,0.024406682945
5360,0.023662806513
5361,0.022916522013
5362,0.022310619597
5363,0.021750204097
5364,0.021242248948
5365,0.026446480995
5366,0.031963107788
5367,0.031547348011
5368,0.028425346105
5369,0.029116945176
5370,0.028050593912
5371,0.027289704386
5372,0.031623530063
5373,0.031511732601
5374,0.031132207392
5375,0.030413731685
5376,0.031082113397
5377,0.029790189681
5378,0.036859141917
5379,0.03112515466
5380,0.031992317794
5381,0.032960030027
5382,0.033503218704
5383,0.034289958049
5384,0.034687481485
5385,0.035637325183
5386,0.036188574575
5387,0.036838061219
5388,0.036787143576
5389,0.037219559829
5390,0.021033623247
5391,0.025327357449
5392,0.031117187377
5393,0.029117403792
5394,0.028253163087
5395,0.019598827768
5396,0.019064937095
5397,0.017246271896
5398,0.01557981654
5399,0.035081359601
5400,0.035766897134
5401,0.036296855502
5402,0.036471147904
5403,0.035356427865
5404,0.0352061301
5405,0.035769735922
5406,0.035040054435
5407,0.037330478344
5408,0.038235132232
5409,0.036851213135
5410,0.036330387029
5411,0.023798373409
5412,0.023320428181
5413,0.02285576817
5414,0.022787425561
5415,0.022627119735
5416,0.022407920171
5417,0.026567190688
5418,0.025220655352
5419,0.02439759527
5420,0.023749703547
5421,0.022117893722
5422,0.021825807048
5423,0.021614001303
5424,0.021492452569
5425,0.021412943768
5426,0.021236821282
5427,0.021270392942
5428,0.021178424853
5429,0.021077363543
5430,0.020901207235
5431,0.020892097425
5432,0.020982276982
5433,0.020941508838
5434,0.021113638732
5435,0.021324222323
5436,0.021111824708
5437,0.021157624646
5438,0.021194028055
5439,0.021345670631
5440,0.024336892964
5441,0.031197975536
5442,0.03411582409
5443,0.029273658589
5444,0.036311115071
5445,0.038831844684
5446,0.027517041923
5447,0.044868185521
5448,0.053251099556
5449,0.066752962294
5450,0.199019978
5451,0.24262342173
5452,0.094670580899
5453,0.075330715104
5454,0.085679728573
5455,0.068783660908
5456,0.048620582984
5457,0.049463484735
5458,0.041703695606
5459,0.038530535695
5460,0.035571781958
5461,0.032668740841
5462,0.030298389447
5463,0.031477623322
5464,0.031417816232
5465,0.037207893737
5466,0.032418971682
5467,0.040754019285
5468,0.042830377516
5469,0.053204935604
5470,0.073823171298
5471,0.062298289344
5472,0.076692850179
5473,0.089825117386
5474,0.23204578461
5475,0.31930488676
5476,0.27457581291
5477,0.25854727131
5478,0.46637522131
5479,0.68389846564
5480,0.62997071013
5481,0.67467761115
5482,0.64668218118
5483,0.54768742337
5484,0.45808688979
5485,0.049217656427
5486,0.047688463002
5487,0.055990097936
5488,0.046645600657
5489,0.046616104506
5490,0.04567969635
5491,0.044711206851
5492,0.043778557573
5493,0.043624080974
5494,0.043022264718
5495,0.042141029127
5496,0.04185042636
5497,0.041631960508
5498,0.041611578921
5499,0.041301562724
5500,0.040254754844
5501,0.039130268067
5502,0.039350847404
5503,0.039769809603
5504,0.038338201772
5505,0.038757760838
5506,0.040495373414
5507,0.044416301044
5508,0.043356205743
5509,0.041686701587
5510,0.047284850991
5511,0.046169399998
5512,0.049054867255
5513,0.051321484386
5514,0.053732832926
5515,0.055292781678
5516,0.057159789943
5517,0.067630470315
5518,0.0788260056
5519,0.14320939532
5520,0.35626065514
5521,0.40594599966
5522,0.47581311346
5523,0.51283129862
5524,0.57222013588
5525,0.63942327388
5526,0.69356467192
5527,0.71333652239
5528,0.73516879875
5529,0.92769882629
5530,1.1077968998
5531,1.2199560128
5532,1.2876387981
5533,1.3903944976
5534,1.3791263617
5535,1.5052385419
5536,1.6952198411
5537,1.9136936824
5538,2.1244390701
5539,2.4145918304
5540,2.3572103589
5541,2.2825042326
5542,2.3495614098
5543,2.4498029882
5544,2.5657017009
5545,2.6432052237
5546,3.2076957067
5547,3.2597887946
5548,3.1918694576
5549,3.0859307203
5550,2.8087862235
5551,1.7485254834
5552,1.3298690265
5553,0.86784427652
5554,0.55240689522
5555,0.3520570326
5556,0.3430293105
5557,0.32385239022
5558,0.2855963906
5559,0.23888830541
5560,0.15941233433
5561,0.1202536789
5562,0.11790849513
5563,0.11556885698
5564,0.11370675237
5565,0.11246561454
5566,0.11110684525
5567,0.10761265444
5568,0.089788808712
5569,0.087921850117
5570,0.086460305332
5571,0.080047306176
5572,0.10723693597
5573,0.10661781674
5574,0.10771305067
5575,0.105318538
5576,0.099288599633
5577,0.097861921147
5578,0.080366657248
5579,0.076739492371
5580,0.072599967306
5581,0.072309768734
5582,0.068928214035
5583,0.064928871216
5584,0.067637975231
5585,0.071313555508
5586,0.068706498128
5587,0.066733967497
5588,0.059896595007
5589,0.056966176645
5590,0.0567702853
5591,0.054517779526
5592,0.056312056531
5593,0.058509096407
5594,0.060019313665
5595,0.062258417983
5596,0.064626099259
5597,0.06766122823
5598,0.069822901798
5599,0.070162926668
5600,0.0697487293
5601,0.069971570882
5602,0.069336176037
5603,0.068597300972
5604,0.067829118411
5605,0.067769293517
5606,0.066347823612
5607,0.065879278165
5608,0.065522714511
5609,0.065807773223
5610,0.065624920293
5611,0.065143104256
5612,0.064486103286
5613,0.064902658791
5614,0.064333591321
5615,0.06406523616
5616,0.06352139763
5617,0.063545090233
5618,0.06428210166
5619,0.063130555495
5620,0.063684786017
5621,0.063481194018
5622,0.063411613965
5623,0.062567578524
5624,0.062373158709
5625,0.063379183798
5626,0.062959433327
5627,0.06285436339
5628,0.061359850922
5629,0.062245648192
5630,0.060288293658
5631,0.059542937071
5632,0.059532565791
5633,0.059334460033
5634,0.059679692781
5635,0.061120720046
5636,0.061399975391
5637,0.06011096423
5638,0.061352139592
5639,0.060641343592
5640,0.057240494129
5641,0.058420060068
5642,0.058402564
5643,0.056296630844
5644,0.057605675794
5645,0.056752122742
5646,0.056872970681
5647,0.036520386767
5648,0.034532164181
5649,0.043020160192
5650,0.040087707617
5651,0.03843114657
5652,0.038883366033
5653,0.035656404825
5654,0.057127628443
5655,0.057361880061
5656,0.051266604475
5657,0.049031928847
5658,0.046161126233
5659,0.057933775027
5660,0.057925755975
5661,0.058172605711
5662,0.057947524185
5663,0.037169214121
5664,0.034356380149
5665,0.033661684435
5666,0.035519641359
5667,0.034721104424
5668,0.034370071242
5669,0.033527369539
5670,0.033327174056
5671,0.032716927284
5672,0.038449610559
5673,0.037440748454
5674,0.037647563262
5675,0.038047350748
5676,0.038438519398
5677,0.038483117534
5678,0.038547053762
5679,0.03873398351
5680,0.038727623323
5681,0.038779536836
5682,0.038733657909
5683,0.038898910128
5684,0.03856474146
5685,0.038312948066
5686,0.037236866281
5687,0.0361354609
5688,0.036819092631
5689,0.03781311831
5690,0.01583171333
5691,0.016835665274
5692,0.016257420819
5693,0.018714546198
5694,0.017828526481
5695,0.020620875315
5696,0.020071186667
5697,0.019560346571
5698,0.025716874972
5699,0.025136701855
5700,0.024361526745
5701,0.023577723235
5702,0.022903415925
5703,0.022354703638
5704,0.021826140838
5705,0.021069616591
5706,0.021481221377
5707,0.026490758301
5708,0.032116503063
5709,0.02869461862
5710,0.029301359048
5711,0.028331920979
5712,0.027830127643
5713,0.02716291181
5714,0.031881856083
5715,0.031765915615
5716,0.031471622246
5717,0.030255972289
5718,0.030855878511
5719,0.031469949928
5720,0.031236069177
5721,0.029763011003
5722,0.037181990065
5723,0.033729594291
5724,0.034689206114
5725,0.034992298414
5726,0.035376010844
5727,0.035960040764
5728,0.036456584723
5729,0.036825038599
5730,0.037143519562
5731,0.036882280153
5732,0.037349352068
5733,0.024510186846
5734,0.030576661639
5735,0.029444225052
5736,0.035536025099
5737,0.0334490606
5738,0.03195913582
5739,0.023635392854
5740,0.022652179491
5741,0.022179613292
5742,0.020535162798
5743,0.020193986654
5744,0.040056475109
5745,0.039285994112
5746,0.038673941875
5747,0.038949026216
5748,0.038006783505
5749,0.036477605892
5750,0.035721062587
5751,0.036075519326
5752,0.038237301438
5753,0.038274624046
5754,0.040437794412
5755,0.040840062845
5756,0.041618906103
5757,0.041224554962
5758,0.036968501532
5759,0.036879598961
5760,0.036395457594
5761,0.023344365609
5762,0.02300440379
5763,0.022700906804
5764,0.022466790979
5765,0.022516822836
5766,0.022484254036
5767,0.022304184208
5768,0.026092713032
5769,0.024898023812
5770,0.024112438389
5771,0.023671901406
5772,0.023269827658
5773,0.02322681875
5774,0.022016174852
5775,0.021947196369
5776,0.021877500885
5777,0.02163923014
5778,0.021505046011
5779,0.021430831834
5780,0.021360848512
5781,0.021158894498
5782,0.021125700258
5783,0.021154829149
5784,0.021046017308
5785,0.020890118974
5786,0.020823943395
5787,0.020897489174
5788,0.020885184635
5789,0.020972607527
5790,0.021222077605
5791,0.021431466674
5792,0.021438172188
5793,0.029622228083
5794,0.030553167165
5795,0.032567997999
5796,0.029214322283
5797,0.035368191362
5798,0.038240752958
5799,0.027734067177
5800,0.041546346039
5801,0.048670693189
5802,0.058654205224
5803,0.066758515074
5804,0.12653315961
5805,0.29855743015
5806,0.15064337623
5807,0.069581896563
5808,0.054104530598
5809,0.048839520928
5810,0.048376332944
5811,0.061471884076
5812,0.044647330186
5813,0.042709174819
5814,0.040727910897
5815,0.038521275656
5816,0.036489275255
5817,0.033239226864
5818,0.03182885916
5819,0.029671787634
5820,0.028386971744
5821,0.027902318161
5822,0.029998356811
5823,0.035127299109
5824,0.031696331947
5825,0.035838673959
5826,0.037588597082
5827,0.047757749854
5828,0.055492538155
5829,0.073805936509
5830,0.06762028847
5831,0.098504099093
5832,0.090114214052
5833,0.14743976992
5834,0.22632349406
5835,0.37017157005
5836,0.45845842691
5837,0.280083331
5838,0.35737510504
5839,0.32157418253
5840,0.72213844448
5841,0.73391826023
5842,0.64173395905
5843,0.70690440695
5844,0.67678332974
5845,0.62175910945
5846,0.072193970558
5847,0.051299423188
5848,0.05899390716
5849,0.0588677507
5850,0.047981224307
5851,0.048241807523
5852,0.045306767682
5853,0.044578966642
5854,0.044279093371
5855,0.043308215315
5856,0.043163391244
5857,0.042791753737
5858,0.042439827069
5859,0.042225987525
5860,0.042050697988
5861,0.0418819414
5862,0.041819611744
5863,0.041904186706
5864,0.042127873876
5865,0.04117448683
5866,0.040582965078
5867,0.040176539774
5868,0.038577891915
5869,0.039343428851
5870,0.037761902791
5871,0.0377450797
5872,0.03687937343
5873,0.038418239686
5874,0.041086500981
5875,0.040075517249
5876,0.045161781353
5877,0.042320264678
5878,0.043939935172
5879,0.047935553383
5880,0.046742083026
5881,0.050045123645
5882,0.052584473412
5883,0.054732677776
5884,0.062345017873
5885,0.069109043723
5886,0.078771889738
5887,0.23949426411
5888,0.35157258413
5889,0.51671328878
5890,0.54157786033
5891,0.64813173061
5892,0.69377578264
5893,0.70213514635
5894,0.81209871759
5895,1.0188214179
5896,1.1506856544
5897,1.2722780387
5898,1.3298032825
5899,1.4350234545
5900,1.4925251432
5901,1.5889913702
5902,1.7852705699
5903,1.9900741371
5904,2.3141837665
5905,2.6646649803
5906,2.8035098233
5907,2.6423643663
5908,2.5501379485
5909,2.7159276012
5910,2.900826984
5911,3.074210643
5912,3.7205932777
5913,3.9637767643
5914,3.9257224109
5915,3.764902085
5916,3.9226913277
5917,3.9852351781
5918,2.251060508
5919,1.6674856407
5920,0.99585651235
5921,0.60480886618
5922,0.42490708607
5923,0.42943553486
5924,0.37366308111
5925,0.30186476151
5926,0.20436515765
5927,0.11152928481
5928,0.093149523217
5929,0.092509232448
5930,0.093570851251
5931,0.087432153912
5932,0.11039007113
5933,0.10922697085
5934,0.10988207818
5935,0.11302686628
5936,0.10594309927
5937,0.098997786286
5938,0.086841783748
5939,0.080645705856
5940,0.077450702618
5941,0.074867546428
5942,0.070836052827
5943,0.07484735749
5944,0.078713691613
5945,0.076870515042
5946,0.075348981998
5947,0.074528060239
5948,0.068026079431
5949,0.061689562602
5950,0.063351017414
5951,0.060039993807
5952,0.058080221581
5953,0.056864930265
5954,0.058028940436
5955,0.059290192393
5956,0.061045542651
5957,0.063243741458
5958,0.066073670122
5959,0.069443022919
5960,0.070292847934
5961,0.070122283468
5962,0.070130123353
5963,0.069934135106
5964,0.069993438983
5965,0.069284482859
5966,0.06852519256
5967,0.068432455369
5968,0.067418311021
5969,0.067136374083
5970,0.066226308308
5971,0.065960607014
5972,0.065791937724
5973,0.065530909024
5974,0.065125574613
5975,0.064672204838
5976,0.064985510984
5977,0.064831769481
5978,0.064586628797
5979,0.064337790117
5980,0.064224865294
5981,0.064220141249
5982,0.064008378537
5983,0.0644314874
5984,0.063859819639
5985,0.064149032791
5986,0.063910107369
5987,0.063954918148
5988,0.062765716213
5989,0.062505617696
5990,0.06403371246
5991,0.063770187638
5992,0.063105192119
5993,0.063585263073
5994,0.062221685353
5995,0.062342425051
5996,0.06165452447
5997,0.061041323433
5998,0.060875643792
5999,0.060532752649
6000,0.060522666505
6001,0.060037054501
6002,0.060291726044
6003,0.060195614338
6004,0.063681700774
6005,0.062986009004
6006,0.062505366353
6007,0.060485184058
6008,0.062331127027
6009,0.061684565506
6010,0.060829012393
6011,0.061369173608
6012,0.058999113205
6013,0.059544614391
6014,0.059489094509
6015,0.059909903012
6016,0.057958946996
6017,0.059571868714
6018,0.036462110286
6019,0.040739635454
6020,0.046856872185
6021,0.045232751334
6022,0.04316619031
6023,0.042651891672
6024,0.042381026925
6025,0.040155491873
6026,0.057611227862
6027,0.051215571538
6028,0.05175516164
6029,0.049948646184
6030,0.048606422878
6031,0.057760586687
6032,0.058038543703
6033,0.058718112128
6034,0.04107898267
6035,0.03951167408
6036,0.037866976873
6037,0.034032466165
6038,0.034978372022
6039,0.035488676568
6040,0.034558176804
6041,0.033754154881
6042,0.033686743158
6043,0.033179115458
6044,0.032639389034
6045,0.038715881262
6046,0.037273850111
6047,0.037265279463
6048,0.037516958527
6049,0.038331012579
6050,0.037923096164
6051,0.038608903655
6052,0.038660027359
6053,0.038366158354
6054,0.038843729532
6055,0.038851204486
6056,0.038425676225
6057,0.038835967562
6058,0.038831332527
6059,0.038925103485
6060,0.03905247272
6061,0.038811724963
6062,0.039121547662
6063,0.038761163683
6064,0.038251551098
6065,0.038555216125
6066,0.037386732084
6067,0.036343279166
6068,0.035680425186
6069,0.036923883117
6070,0.037832302116
6071,0.016989590742
6072,0.016500863918
6073,0.017046931301
6074,0.01952769548
6075,0.019156832703
6076,0.018573997517
6077,0.017754778811
6078,0.020610556696
6079,0.020137504118
6080,0.01962476401
6081,0.025817336587
6082,0.025535667432
6083,0.024907817458
6084,0.024031409564
6085,0.024455278352
6086,0.023248324129
6087,0.023580078875
6088,0.02285770644
6089,0.022140983648
6090,0.022490898469
6091,0.021793864891
6092,0.021265672018
6093,0.020907708211
6094,0.021544207646
6095,0.026126216748
6096,0.026595489974
6097,0.032231659204
6098,0.028832989769
6099,0.02936976298
6100,0.028239897265
6101,0.027576458188
6102,0.027906402232
6103,0.02718787898
6104,0.026748145461
6105,0.031995580704
6106,0.031852178252
6107,0.03169757634
6108,0.030459652273
6109,0.029971558064
6110,0.031082003837
6111,0.030726291426
6112,0.031619389418
6113,0.031379945069
6114,0.037327903704
6115,0.034104380989
6116,0.034992406427
6117,0.034932301361
6118,0.035345823192
6119,0.035602568054
6120,0.035684395937
6121,0.036226809029
6122,0.036697111392
6123,0.036600963085
6124,0.036701547777
6125,0.037252883021
6126,0.037009125412
6127,0.036586211487
6128,0.037289114346
6129,0.028079311976
6130,0.034628538925
6131,0.034098464605
6132,0.033385106125
6133,0.032070273892
6134,0.039222920793
6135,0.037816492118
6136,0.035828594353
6137,0.027612495924
6138,0.025915871181
6139,0.024707533905
6140,0.023917817682
6141,0.022127110677
6142,0.02404895011
6143,0.045377515051
6144,0.043763351885
6145,0.042233011797
6146,0.040346441446
6147,0.041880276096
6148,0.039991868873
6149,0.039505163826
6150,0.036567733348
6151,0.03720132386
6152,0.037730982433
6153,0.039097565099
6154,0.041175964417
6155,0.042812423167
6156,0.042668691874
6157,0.04377907817
6158,0.043267400042
6159,0.042851334696
6160,0.037377543542
6161,0.036990709219
6162,0.036911747418
6163,0.022883711363
6164,0.022508003082
6165,0.022428975875
6166,0.022307790864
6167,0.022417030954
6168,0.022264398584
6169,0.022043819306
6170,0.025555299789
6171,0.026665919579
6172,0.024881110464
6173,0.024351349279
6174,0.023859949685
6175,0.023450459593
6176,0.023377967441
6177,0.023133146687
6178,0.02293196483
6179,0.022919711947
6180,0.022004063577
6181,0.021921215847
6182,0.021831500775
6183,0.021861601467
6184,0.021626723303
6185,0.021370515212
6186,0.021284740448
6187,0.021229999368
6188,0.021018923907
6189,0.021004093863
6190,0.02104951703
6191,0.021005761128
6192,0.02101117084
6193,0.020832497006
6194,0.020935013492
6195,0.020872686285
6196,0.020951342042
6197,0.024861864678
6198,0.023963904429
6199,0.021499242594
6200,0.030132875653
6201,0.031537635237
6202,0.029164793089
6203,0.033221527391
6204,0.027865787089
6205,0.035818467533
6206,0.039283475942
6207,0.044713409859
6208,0.052626085535
6209,0.06418227919
6210,0.072913170795
6211,0.10232945046
6212,0.2759379118
6213,0.20425296926
6214,0.088915659954
6215,0.067966872028
6216,0.05742249811
6217,0.05014330594
6218,0.046630439628
6219,0.049299724775
6220,0.043261462989
6221,0.041559146377
6222,0.040012610104
6223,0.037765053632
6224,0.034411737576
6225,0.031307773209
6226,0.03070557073
6227,0.028976466098
6228,0.028205703408
6229,0.027289386798
6230,0.027384733733
6231,0.0271031997
6232,0.030026517634
6233,0.032775319015
6234,0.034367997322
6235,0.04516907355
6236,0.067489397204
6237,0.08074985846
6238,0.088054975017
6239,0.12282178526
6240,0.098567112114
6241,0.093186588403
6242,0.092081734577
6243,0.23674551582
6244,0.24878990163
6245,0.51839298148
6246,0.45176707584
6247,0.71180277306
6248,0.34475003858
6249,0.47653391932
6250,0.41909053426
6251,0.80765724449
6252,0.8426943093
6253,0.82477453607
6254,0.75913899265
6255,0.0764181906
6256,0.050709643549
6257,0.049207088977
6258,0.045933903406
6259,0.045238756631
6260,0.046054854704
6261,0.044259127172
6262,0.043523017464
6263,0.042839622589
6264,0.042530605071
6265,0.042433677915
6266,0.042049672817
6267,0.041973732422
6268,0.041954179967
6269,0.042093727937
6270,0.042015794512
6271,0.041942586721
6272,0.041923310813
6273,0.04123054581
6274,0.040687287838
6275,0.039595364294
6276,0.038784693182
6277,0.039026898202
6278,0.038119210381
6279,0.037135241098
6280,0.036607237965
6281,0.037986764524
6282,0.036831357728
6283,0.03712498039
6284,0.036131058537
6285,0.035703712537
6286,0.041682632524
6287,0.040295413833
6288,0.045824759671
6289,0.042954021299
6290,0.044669382743
6291,0.04901187326
6292,0.0477516393
6293,0.051306716087
6294,0.05255044375
6295,0.068373859967
6296,0.073708209364
6297,0.15395593337
6298,0.097814095465
6299,0.2740160695
6300,0.47758815797
6301,0.61790337911
6302,0.62316453051
6303,0.61224913871
6304,0.73223508757
6305,0.96814072847
6306,1.1410320475
6307,1.2696016613
6308,1.4216680647
6309,1.3903907301
6310,1.5185048283
6311,1.5558276398
6312,1.6388288399
6313,1.8283432939
6314,2.2817240945
6315,2.1182114861
6316,2.8437584756
6317,3.1398464646
6318,3.4149292387
6319,3.0429446403
6320,2.87834433
6321,3.1630479767
6322,3.6242167647
6323,4.2652375518
6324,4.4114228628
6325,4.7747990256
6326,4.6517489258
6327,4.4962646989
6328,4.988806753
6329,5.4426674209
6330,4.5897746963
6331,3.1260259123
6332,2.1100400678
6333,1.1392118015
6334,0.65303584877
6335,0.57650336832
6336,0.49445000771
6337,0.5021267869
6338,3.5284936785
6339,0.096873277131
6340,0.097538934454
6341,0.096692409215
6342,0.095379540839
6343,0.089632421878
6344,0.10103024602
6345,0.10103193462
6346,0.079074963936
6347,0.079370175471
6348,0.080785639622
6349,0.082818448437
6350,0.082956450642
6351,0.081460010777
6352,0.080404281852
6353,0.077237268221
6354,0.073987075271
6355,0.069236390568
6356,0.065686620968
6357,0.062991856988
6358,0.061536874003
6359,0.060870665484
6360,0.057829040072
6361,0.060162285619
6362,0.062140272296
6363,0.064133129283
6364,0.067084261528
6365,0.070261034216
6366,0.07128603397
6367,0.070461942398
6368,0.06974269626
6369,0.069538354453
6370,0.069929505577
6371,0.069638658234
6372,0.068953488454
6373,0.068658225168
6374,0.068094818148
6375,0.067731640309
6376,0.066780559741
6377,0.06555812382
6378,0.065366869447
6379,0.065524144222
6380,0.065251805772
6381,0.064797988083
6382,0.064702947085
6383,0.064631741648
6384,0.064599549911
6385,0.064488944495
6386,0.064773488015
6387,0.064460546954
6388,0.064524712182
6389,0.064329135328
6390,0.064616772899
6391,0.064197177089
6392,0.064062294684
6393,0.064503050434
6394,0.062749734806
6395,0.062306858752
6396,0.0645701671
6397,0.064475871307
6398,0.063506671733
6399,0.06439130536
6400,0.062401424158
6401,0.062401851527
6402,0.061945848008
6403,0.061622171927
6404,0.061377327292
6405,0.06116800424
6406,0.060980426519
6407,0.060682009342
6408,0.060567275698
6409,0.060808435417
6410,0.0603174504
6411,0.062584551797
6412,0.06220877088
6413,0.061819460951
6414,0.061281145927
6415,0.06160974633
6416,0.0606130294
6417,0.060778633746
6418,0.06127464879
6419,0.060199217253
6420,0.041255957688
6421,0.044207754392
6422,0.049139561379
6423,0.047941013509
6424,0.046575830403
6425,0.045830870557
6426,0.045521519866
6427,0.044258889706
6428,0.044923687659
6429,0.043216925561
6430,0.043228962276
6431,0.058730529152
6432,0.057914302274
6433,0.052442061697
6434,0.051299253438
6435,0.059394025916
6436,0.044205419175
6437,0.042594650055
6438,0.042933053037
6439,0.040896047887
6440,0.03409858801
6441,0.03500195075
6442,0.035252987382
6443,0.034678452564
6444,0.034373478946
6445,0.034016075189
6446,0.033711294497
6447,0.033433605472
6448,0.032870277967
6449,0.033143094929
6450,0.032524166499
6451,0.038811038887
6452,0.038766879542
6453,0.037247038412
6454,0.036845142878
6455,0.037063342284
6456,0.036805811052
6457,0.037434203325
6458,0.036963443632
6459,0.038242094676
6460,0.038585609316
6461,0.037660591585
6462,0.038192178444
6463,0.037303929749
6464,0.037644452334
6465,0.038841498951
6466,0.038862146693
6467,0.038795523044
6468,0.038829947709
6469,0.037915775753
6470,0.038568377438
6471,0.039068506559
6472,0.038890050574
6473,0.039109303492
6474,0.038805278507
6475,0.039153050568
6476,0.038735168749
6477,0.038075872941
6478,0.038459776481
6479,0.03744427784
6480,0.019367946344
6481,0.019098948976
6482,0.019697970226
6483,0.022271858224
6484,0.019098996209
6485,0.018191074951
6486,0.018650376775
6487,0.019905391089
6488,0.020505303814
6489,0.020053243504
6490,0.01933777728
6491,0.019660640976
6492,0.025882281627
6493,0.025538627006
6494,0.025108021479
6495,0.024632642665
6496,0.024237582509
6497,0.023746969405
6498,0.023211846093
6499,0.022707589489
6500,0.02229066029
6501,0.021909229906
6502,0.021703151571
6503,0.021363619136
6504,0.021036545549
6505,0.020686340937
6506,0.026287360481
6507,0.032084179936
6508,0.028543971024
6509,0.029505636768
6510,0.028727952722
6511,0.02778781244
6512,0.027895018282
6513,0.027650859214
6514,0.027960381175
6515,0.031541312937
6516,0.031659020759
6517,0.031644964726
6518,0.030166194192
6519,0.035952355389
6520,0.036003175344
6521,0.035751539934
6522,0.035461869172
6523,0.035332418955
6524,0.035840915427
6525,0.036323860483
6526,0.036749593117
6527,0.036577381698
6528,0.036008002414
6529,0.036027707867
6530,0.036253733467
6531,0.036639757013
6532,0.037267113463
6533,0.036246859564
6534,0.036896611045
6535,0.031476141111
6536,0.038079943458
6537,0.037486844186
6538,0.037721880579
6539,0.036240094937
6540,0.035321716424
6541,0.034718949892
6542,0.042544124459
6543,0.041224956591
6544,0.040904089046
6545,0.039249306728
6546,0.031711544053
6547,0.03027252513
6548,0.028551613793
6549,0.027464722297
6550,0.026884210107
6551,0.024533403127
6552,0.026901510592
6553,0.047173552542
6554,0.048627362939
6555,0.047264471157
6556,0.045588429278
6557,0.044279936488
6558,0.043570036487
6559,0.040226670517
6560,0.037147866462
6561,0.037601921069
6562,0.038002775451
6563,0.038036809274
6564,0.038367477846
6565,0.038615017797
6566,0.039697626788
6567,0.042524079964
6568,0.04135904505
6569,0.04361137887
6570,0.045652979029
6571,0.044921983487
6572,0.046127676791
6573,0.044943571769
6574,0.044115207965
6575,0.043548578648
6576,0.037358362024
6577,0.037429437929
6578,0.022599316892
6579,0.022408601878
6580,0.022438526427
6581,0.022338362941
6582,0.022290954339
6583,0.022619676007
6584,0.022254270784
6585,0.022340895287
6586,0.022206482473
6587,0.022101655616
6588,0.022123830277
6589,0.025428659652
6590,0.026189955898
6591,0.024684567802
6592,0.026926236171
6593,0.024072552922
6594,0.023425116554
6595,0.022925098882
6596,0.023071169245
6597,0.022916720451
6598,0.022687938546
6599,0.02269722488
6600,0.021994709736
6601,0.021888312264
6602,0.021915082433
6603,0.021868255748
6604,0.021821587758
6605,0.021704699798
6606,0.021331982693
6607,0.021090085124
6608,0.023856897816
6609,0.021074878569
6610,0.021297186724
6611,0.021288082758
6612,0.025721366558
6613,0.022981601507
6614,0.03036631858
6615,0.029127448084
6616,0.031506841507
6617,0.028495989548
6618,0.03247049687
6619,0.033964515025
6620,0.02738380161
6621,0.035752666852
6622,0.038001827535
6623,0.040557895294
6624,0.04408329369
6625,0.051601616276
6626,0.059910158318
6627,0.077600078901
6628,0.095044858726
6629,0.1913942787
6630,0.28295052094
6631,0.1313148426
6632,0.083635445901
6633,0.061484566393
6634,0.057843494451
6635,0.051723408965
6636,0.046894711254
6637,0.046242136342
6638,0.045598657605
6639,0.043649047245
6640,0.043347958169
6641,0.041912643068
6642,0.039251472538
6643,0.034746881258
6644,0.032409846563
6645,0.029969970703
6646,0.029075358698
6647,0.02935545987
6648,0.028211953641
6649,0.027669264359
6650,0.027304634676
6651,0.026776508653
6652,0.026441033066
6653,0.02666683082
6654,0.02645555101
6655,0.029113623249
6656,0.031319085361
6657,0.037909836365
6658,0.05041693502
6659,0.066676942206
6660,0.040189562414
6661,0.074490467298
6662,0.066085951103
6663,0.084073050276
6664,0.15992284499
6665,0.20694079894
6666,0.23209114487
6667,0.27050131024
6668,0.32222592544
6669,1.0511247447
6670,0.83345790868
6671,0.77380781081
6672,0.39200970903
6673,0.45773691764
6674,0.63600648457
6675,0.65335817457
6676,0.047936846466
6677,0.046746288273
6678,0.044678865642
6679,0.042965527465
6680,0.042800009475
6681,0.042589023992
6682,0.04231170426
6683,0.042175202055
6684,0.042124197319
6685,0.042203810096
6686,0.042163456681
6687,0.042027888125
6688,0.041727038161
6689,0.041520038303
6690,0.041268080857
6691,0.041141601103
6692,0.040870523021
6693,0.039858827663
6694,0.038951215416
6695,0.039302785163
6696,0.038466527856
6697,0.037802536579
6698,0.036773828681
6699,0.035773409569
6700,0.037732697502
6701,0.036174466104
6702,0.037250971223
6703,0.036525485781
6704,0.035427082119
6705,0.034625267898
6706,0.034636082807
6707,0.042070617495
6708,0.040935260108
6709,0.040286275828
6710,0.048426951967
6711,0.043194051947
6712,0.046061312149
6713,0.049880335155
6714,0.050948026607
6715,0.06611662222
6716,0.11206228723
6717,0.17646422831
6718,0.15168118576
6719,0.27855850969
6720,0.4786620778
6721,0.50601096792
6722,0.51127489445
6723,0.5059423976
6724,0.87089149444
6725,1.1424819731
6726,1.2357144285
6727,1.3958055267
6728,1.5612701347
6729,1.5969259994
6730,1.7003938835
6731,1.6808190651
6732,1.804378874
6733,2.1120841338
6734,3.801664716
6735,3.3561524341
6736,3.8012468803
6737,4.2966515539
6738,4.8039146173
6739,4.730902532
6740,5.011149145
6741,5.4161479976
6742,5.3429865179
6743,5.3166632587
6744,5.9625039534
6745,6.4591795906
6746,5.8197909615
6747,4.7093091166
6748,3.5377175051
6749,2.354659517
6750,1.5409325949
6751,0.90307104418
6752,0.7558262004
6753,0.64681575356
6754,1.4126012181
6755,0.10110011466
6756,0.10248829824
6757,0.1029827923
6758,0.10763732523
6759,0.10438483914
6760,0.077440928778
6761,0.074182514353
6762,0.071604578613
6763,0.06961573222
6764,0.06719752639
6765,0.065630158784
6766,0.064840611553
6767,0.06029859613
6768,0.061088369333
6769,0.063033815737
6770,0.065037922089
6771,0.067949983608
6772,0.071513688939
6773,0.072270082852
6774,0.071309157303
6775,0.069731155736
6776,0.069013195628
6777,0.069456337748
6778,0.069448290766
6779,0.069065521188
6780,0.068511725527
6781,0.068235853814
6782,0.067746679384
6783,0.067356481561
6784,0.06658771786
6785,0.065973482811
6786,0.065278878938
6787,0.064745136605
6788,0.064955969231
6789,0.065077488503
6790,0.064404740294
6791,0.06427947646
6792,0.064272098792
6793,0.064365317851
6794,0.064825134127
6795,0.064989086966
6796,0.065269310257
6797,0.06498870031
6798,0.064456429493
6799,0.064909324599
6800,0.065124490082
6801,0.064613912587
6802,0.064163313784
6803,0.064423843339
6804,0.065117993161
6805,0.062415005043
6806,0.063171553193
6807,0.06510941193
6808,0.065035511008
6809,0.064264542279
6810,0.065150417705
6811,0.062543485744
6812,0.060636420391
6813,0.06133193062
6814,0.062565208813
6815,0.062678808209
6816,0.062223822182
6817,0.061950500133
6818,0.061621895962
6819,0.061891355348
6820,0.062272932443
6821,0.061829415937
6822,0.062082849727
6823,0.061617261852
6824,0.057816116071
6825,0.059128534558
6826,0.044926430674
6827,0.05146296567
6828,0.050314815924
6829,0.049422235955
6830,0.048423078109
6831,0.047705122927
6832,0.047455058889
6833,0.047164735947
6834,0.047408369417
6835,0.046427610875
6836,0.047414773722
6837,0.045457424683
6838,0.045659229703
6839,0.059123131948
6840,0.0594797624
6841,0.053349968133
6842,0.046332539394
6843,0.045208291049
6844,0.044756982618
6845,0.044411479668
6846,0.043598549163
6847,0.034840210077
6848,0.034486081232
6849,0.034160461612
6850,0.033827309532
6851,0.033486033457
6852,0.033223368524
6853,0.032654643367
6854,0.032893829688
6855,0.033001488665
6856,0.031927772807
6857,0.038823664738
6858,0.038722808069
6859,0.038780662152
6860,0.037083075125
6861,0.037330928756
6862,0.035892454102
6863,0.035614688515
6864,0.037014915396
6865,0.035542020432
6866,0.036669979859
6867,0.038102420596
6868,0.038489557667
6869,0.036359896807
6870,0.037193475234
6871,0.035898240584
6872,0.036796513076
6873,0.038823995791
6874,0.038825145291
6875,0.038812341985
6876,0.038232278569
6877,0.038749265686
6878,0.038659197866
6879,0.03713069818
6880,0.037073190121
6881,0.021538470163
6882,0.021234157803
6883,0.022716093687
6884,0.022063378564
6885,0.025168172175
6886,0.024371076809
6887,0.018963420664
6888,0.019145811774
6889,0.018827050113
6890,0.022402116547
6891,0.021599624657
6892,0.020351934434
6893,0.020030439144
6894,0.019726141539
6895,0.019432944663
6896,0.019024229533
6897,0.027890230076
6898,0.027195995676
6899,0.026573640483
6900,0.027567601381
6901,0.030454844627
6902,0.030366496173
6903,0.037074530306
6904,0.037843604814
6905,0.03674339571
6906,0.03631411591
6907,0.035890764734
6908,0.035224151393
6909,0.03566778419
6910,0.035225046503
6911,0.034741079872
6912,0.036186956849
6913,0.035626119897
6914,0.036721773089
6915,0.036522142649
6916,0.035049298541
6917,0.035312103863
6918,0.034156234853
6919,0.037306996522
6920,0.035256591808
6921,0.036974145705
6922,0.035345504377
6923,0.034491897162
6924,0.041157282844
6925,0.040697281034
6926,0.04036670439
6927,0.039234326757
6928,0.038740847764
6929,0.038199136932
6930,0.037610185074
6931,0.036997224186
6932,0.044995524603
6933,0.044307663026
6934,0.04350724583
6935,0.043276114821
6936,0.042290080156
6937,0.041773542915
6938,0.032683674808
6939,0.034059392851
6940,0.033016734044
6941,0.031633648263
6942,0.030945658767
6943,0.030002995905
6944,0.029103209625
6945,0.026606373584
6946,0.028431487012
6947,0.029013313205
6948,0.047596646266
6949,0.049286413817
6950,0.04965868269
6951,0.048892061049
6952,0.047606179833
6953,0.045852252646
6954,0.044788319003
6955,0.03771093155
6956,0.038160314302
6957,0.038588221092
6958,0.038405880795
6959,0.038383489052
6960,0.038341956801
6961,0.038061482718
6962,0.038122472441
6963,0.040689832956
6964,0.038925913894
6965,0.037862829
6966,0.043057682196
6967,0.042098903588
6968,0.046427352796
6969,0.047678997659
6970,0.046927271815
6971,0.046022564615
6972,0.047570935107
6973,0.047046508471
6974,0.045087767366
6975,0.044177125297
6976,0.043715293271
6977,0.022457967237
6978,0.022295725953
6979,0.022375241567
6980,0.022484182812
6981,0.022572361252
6982,0.022429416044
6983,0.022758358881
6984,0.022709047421
6985,0.022154968758
6986,0.022063976311
6987,0.022234425651
6988,0.02215064721
6989,0.022036308657
6990,0.025386322351
6991,0.025930425954
6992,0.024841522131
6993,0.026565439175
6994,0.024317622779
6995,0.02395881471
6996,0.023445319359
6997,0.022927037361
6998,0.022590793341
6999,0.022539092866
7000,0.022747057241
7001,0.022558618872
7002,0.022240913443
7003,0.02188290467
7004,0.021805932158
7005,0.021794486034
7006,0.021867264576
7007,0.021506724809
7008,0.032137532165
7009,0.021520674865
7010,0.021487138465
7011,0.021492007898
7012,0.03104658578
7013,0.030219253206
7014,0.030757356427
7015,0.029570232995
7016,0.031362831988
7017,0.028964567726
7018,0.02840529166
7019,0.028246803975
7020,0.027689737836
7021,0.031929168447
7022,0.032873097808
7023,0.034119724091
7024,0.027022758321
7025,0.035676947882
7026,0.037674722496
7027,0.039655610054
7028,0.042624268096
7029,0.048548276124
7030,0.060514221099
7031,0.052022474404
7032,0.072192049027
7033,0.089962270931
7034,0.10406566788
7035,0.15566970796
7036,0.27221910348
7037,0.18691250358
7038,0.11408305835
7039,0.086148852893
7040,0.069379826495
7041,0.057413403242
7042,0.049943077868
7043,0.051870736539
7044,0.046686502358
7045,0.045248929787
7046,0.043130877757
7047,0.038466648253
7048,0.035409264003
7049,0.032669821875
7050,0.031889067148
7051,0.029757330625
7052,0.028393443552
7053,0.028099680827
7054,0.027783744283
7055,0.027958363232
7056,0.02730581107
7057,0.026780342502
7058,0.02678783592
7059,0.026256926888
7060,0.026173409494
7061,0.026112531511
7062,0.026058402379
7063,0.026198217914
7064,0.027570563466
7065,0.031193411007
7066,0.033810215892
7067,0.035771083874
7068,0.03269734482
7069,0.043355770319
7070,0.037807384665
7071,0.064489325016
7072,0.050769200544
7073,0.042993231484
7074,0.10898629887
7075,0.16952512355
7076,0.23794026036
7077,0.28387262666
7078,0.36183092344
7079,1.3746824408
7080,1.3477878803
7081,1.0308369246
7082,0.43854623047
7083,0.53304547867
7084,0.84841813227
7085,0.63427148384
7086,0.75439431072
7087,0.048781699714
7088,0.048513585843
7089,0.047520837033
7090,0.043585816431
7091,0.043194197609
7092,0.042929674206
7093,0.042459029004
7094,0.042478889007
7095,0.04232880077
7096,0.042507298949
7097,0.04224631578
7098,0.042238281011
7099,0.041942454441
7100,0.041544856838
7101,0.041201540031
7102,0.039722553361
7103,0.040518618003
7104,0.041730076876
7105,0.041121781967
7106,0.040501216795
7107,0.040068671063
7108,0.038684264588
7109,0.038295049735
7110,0.03957542069
7111,0.037794652528
7112,0.037052597267
7113,0.03622124543
7114,0.035229758114
7115,0.034418801415
7116,0.035788234568
7117,0.035354954699
7118,0.038071114443
7119,0.036919641847
7120,0.035759861027
7121,0.034615379204
7122,0.03393545196
7123,0.033865955597
7124,0.033691289877
7125,0.041799235672
7126,0.040795635425
7127,0.048420223254
7128,0.042802639054
7129,0.049261709529
7130,0.047400382899
7131,0.047908236433
7132,0.14852484417
7133,0.25267767793
7134,0.38088912666
7135,0.36937128738
7136,0.32184770377
7137,0.27747378329
7138,1.2459008961
7139,1.7056770452
7140,1.7840576336
7141,1.8678825239
7142,1.9900276834
7143,4.304053629
7144,4.7806026728
7145,5.1679619725
7146,5.4892481417
7147,5.2120806106
7148,5.5847799175
7149,6.0024049521
7150,5.9563941382
7151,6.0144889999
7152,6.7443688653
7153,3.3012639218
7154,2.8812547295
7155,2.0564420542
7156,1.2486344906
7157,0.970094178
7158,1.2520588066
7159,0.10557856799
7160,0.10970925301
7161,0.11128076658
7162,0.1178549792
7163,0.074458503151
7164,0.074354136852
7165,0.074855656379
7166,0.072108053982
7167,0.069484495764
7168,0.070189943599
7169,0.072630071708
7170,0.065095095714
7171,0.066677227329
7172,0.063288522419
7173,0.065204697578
7174,0.068386056475
7175,0.071650218516
7176,0.072835519022
7177,0.073125976819
7178,0.072182515261
7179,0.070426652577
7180,0.068286651957
7181,0.068447077244
7182,0.06911927247
7183,0.068852217114
7184,0.068381013
7185,0.06793299497
7186,0.067250793133
7187,0.06722210038
7188,0.066697935458
7189,0.065899330532
7190,0.06535439703
7191,0.064501233173
7192,0.064449655004
7193,0.064514948189
7194,0.063673824454
7195,0.063708930423
7196,0.064114433324
7197,0.064021040649
7198,0.063941416243
7199,0.064764577559
7200,0.065196386563
7201,0.065353726139
7202,0.065387000147
7203,0.065477479805
7204,0.064257023588
7205,0.065412300795
7206,0.065539562657
7207,0.065167172658
7208,0.064633965794
7209,0.064434061983
7210,0.064920164294
7211,0.065519280734
7212,0.062520287731
7213,0.062900937846
7214,0.063864222385
7215,0.06556358294
7216,0.064962415126
7217,0.065755238392
7218,0.06103886127
7219,0.060574531297
7220,0.061998481609
7221,0.062274379244
7222,0.062485964964
7223,0.062988556609
7224,0.062653138246
7225,0.062180183598
7226,0.062053999626
7227,0.062162467336
7228,0.062900038546
7229,0.061858842704
7230,0.061613891248
7231,0.062244705222
7232,0.063267461674
7233,0.06339458796
7234,0.060098293797
7235,0.062199563246
7236,0.052504578916
7237,0.051380382013
7238,0.051843844294
7239,0.050658436918
7240,0.048544466037
7241,0.049379343677
7242,0.048457521221
7243,0.048399715809
7244,0.048470880924
7245,0.048617038751
7246,0.048119692444
7247,0.048355136654
7248,0.048377547701
7249,0.047461512624
7250,0.046721166125
7251,0.046801658306
7252,0.070082151191
7253,0.063961897142
7254,0.053421583768
7255,0.047375116266
7256,0.047319994604
7257,0.046486098039
7258,0.046888566103
7259,0.046375757243
7260,0.045861014935
7261,0.04511052586
7262,0.032749060155
7263,0.028983240674
7264,0.032702687358
7265,0.032279799318
7266,0.033315536828
7267,0.034618110465
7268,0.033508297141
7269,0.035149824484
7270,0.036103567712
7271,0.034232891154
7272,0.034905498526
7273,0.035994158446
7274,0.036941557719
7275,0.036614885225
7276,0.023735679936
7277,0.024463951883
7278,0.024725497279
7279,0.023488747085
7280,0.026283568182
7281,0.027776478557
7282,0.02611355375
7283,0.020085243332
7284,0.026195367764
7285,0.025780055922
7286,0.025930958476
7287,0.027717110411
7288,0.026728715823
7289,0.037469334617
7290,0.038786869835
7291,0.037173255515
7292,0.036520109778
7293,0.035177850884
7294,0.035352409753
7295,0.036375460098
7296,0.035133097659
7297,0.036519622134
7298,0.036033549414
7299,0.036229734298
7300,0.035617805559
7301,0.033278454785
7302,0.033434714819
7303,0.0308210848
7304,0.03324128745
7305,0.033293133313
7306,0.036503829073
7307,0.035983566004
7308,0.034044990712
7309,0.035472608865
7310,0.034735710005
7311,0.034147972287
7312,0.033742724347
7313,0.032860113981
7314,0.032365909088
7315,0.031004641597
7316,0.031951148099
7317,0.03061596121
7318,0.029956860538
7319,0.029762731758
7320,0.038702694815
7321,0.041191856039
7322,0.039079580236
7323,0.037419882786
7324,0.037455876994
7325,0.043404684689
7326,0.042761803642
7327,0.048815654884
7328,0.048192712287
7329,0.049472864451
7330,0.046504311282
7331,0.048219095671
7332,0.04813941912
7333,0.047949681506
7334,0.047407898925
7335,0.044840157779
7336,0.043878613909
7337,0.043701878928
7338,0.022104103975
7339,0.022180965838
7340,0.022264958788
7341,0.022284476936
7342,0.022410762036
7343,0.022463999961
7344,0.022480277339
7345,0.022418522705
7346,0.022245363089
7347,0.022423773479
7348,0.022099722805
7349,0.022069350478
7350,0.021980281244
7351,0.025632778195
7352,0.024956398967
7353,0.024814987328
7354,0.026045116883
7355,0.024507156542
7356,0.026522749583
7357,0.024114533977
7358,0.023884988734
7359,0.023491619871
7360,0.022940211604
7361,0.022604748578
7362,0.022591344716
7363,0.022409622532
7364,0.022352142995
7365,0.022433764296
7366,0.022355785541
7367,0.022294822317
7368,0.022406389087
7369,0.022233203443
7370,0.021993649638
7371,0.031159839214
7372,0.025089094891
7373,0.021661384651
7374,0.024297462352
7375,0.023637645475
7376,0.034744525106
7377,0.030327539587
7378,0.029760423941
7379,0.030629653526
7380,0.031167461923
7381,0.029063501873
7382,0.0286161092
7383,0.028120904952
7384,0.027794674557
7385,0.027810152574
7386,0.027334828216
7387,0.031622766343
7388,0.032291000872
7389,0.033118367543
7390,0.03449141332
7391,0.033607136381
7392,0.026879526369
7393,0.035162835671
7394,0.035843077941
7395,0.036892995107
7396,0.038288649182
7397,0.039833102468
7398,0.041984691202
7399,0.04614750306
7400,0.057543108135
7401,0.053612105566
7402,0.066280823709
7403,0.051087768777
7404,0.076095467292
7405,0.10176038796
7406,0.1279258616
7407,0.22215112549
7408,0.22096957636
7409,0.1280935725
7410,0.097937668641
7411,0.072407478164
7412,0.064450451416
7413,0.052845447462
7414,0.049614003708
7415,0.044077850567
7416,0.039523286538
7417,0.035257336017
7418,0.03391958058
7419,0.030702636241
7420,0.030567697468
7421,0.028096643887
7422,0.027299416847
7423,0.027305385594
7424,0.026858877312
7425,0.02712243887
7426,0.027342224241
7427,0.0269915687
7428,0.027117369485
7429,0.026636820547
7430,0.026669242924
7431,0.026154823112
7432,0.026243271804
7433,0.026042116377
7434,0.025851351839
7435,0.025906631242
7436,0.02587420499
7437,0.025776130376
7438,0.025808774256
7439,0.029201667201
7440,0.02976152207
7441,0.028601518666
7442,0.029631285468
7443,0.031914360016
7444,0.028943852388
7445,0.037547639843
7446,0.040240915924
7447,0.06128067527
7448,0.1154768041
7449,0.048718500571
7450,0.17626831766
7451,0.24296585908
7452,0.30049471201
7453,0.35634058606
7454,0.41406761323
7455,1.0416763481
7456,0.49248564946
7457,0.58206069186
7458,0.89627708159
7459,0.63013003208
7460,0.6935443891
7461,0.83632676757
7462,0.049931925362
7463,0.046856819735
7464,0.044149060615
7465,0.043107063385
7466,0.043078123292
7467,0.04306735039
7468,0.042763846168
7469,0.042595668286
7470,0.042725155995
7471,0.042501060586
7472,0.042303441034
7473,0.042140430039
7474,0.041687236475
7475,0.041176048242
7476,0.040719856539
7477,0.039479557393
7478,0.037463528985
7479,0.039586737863
7480,0.042354735434
7481,0.041450250089
7482,0.043594182027
7483,0.04324865619
7484,0.041595423138
7485,0.042302463835
7486,0.040940996428
7487,0.039986543967
7488,0.03956814092
7489,0.038675093697
7490,0.040535028942
7491,0.03923611678
7492,0.038200697446
7493,0.037673928825
7494,0.036728799355
7495,0.036704316392
7496,0.036188299134
7497,0.035558281801
7498,0.034043827323
7499,0.034028395463
7500,0.033282343918
7501,0.03512942959
7502,0.038156501917
7503,0.037008094283
7504,0.034913257141
7505,0.034433239056
7506,0.033844311301
7507,0.03329413758
7508,0.033190899179
7509,0.032923784439
7510,0.032778459451
7511,0.041290006582
7512,0.042017939453
7513,0.054309442406
7514,0.04921817571
7515,0.055272327761
7516,0.069924221944
7517,0.1726002801
7518,0.24072338681
7519,0.20335956382
7520,0.22231316412
7521,0.19737104039
7522,5.7336478666
7523,6.1142337526
7524,6.6263784924
7525,6.5642391147
7526,6.5479096752
7527,2.5824416396
7528,1.6195146784
7529,0.95483748432
7530,2.6323162651
7531,0.11457108064
7532,0.11881725874
7533,0.12410008329
7534,0.12662145669
7535,0.07471056873
7536,0.07357786172
7537,0.075723936979
7538,0.077933970177
7539,0.074972385376
7540,0.07743634246
7541,0.069986661449
7542,0.065082237838
7543,0.068325037536
7544,0.071865974053
7545,0.072121179803
7546,0.072525964869
7547,0.073481960004
7548,0.072578755025
7549,0.071006796472
7550,0.069062286188
7551,0.067251389944
7552,0.067756476614
7553,0.068677097739
7554,0.068434357916
7555,0.067546109216
7556,0.0677649237
7557,0.067270445278
7558,0.066802127953
7559,0.065407432335
7560,0.065689153957
7561,0.065556621852
7562,0.064167755979
7563,0.064113800547
7564,0.06401993824
7565,0.062684876679
7566,0.06281584258
7567,0.063337208963
7568,0.063800597543
7569,0.063848876437
7570,0.063687055941
7571,0.064348644214
7572,0.065026949012
7573,0.065126322468
7574,0.065451713453
7575,0.065593859907
7576,0.065736941176
7577,0.06575019698
7578,0.065637846668
7579,0.065224881189
7580,0.064849556383
7581,0.064842423479
7582,0.065387875776
7583,0.06585899891
7584,0.063659441323
7585,0.063550977082
7586,0.06451967619
7587,0.065963331531
7588,0.065554670355
7589,0.066250737762
7590,0.062528364008
7591,0.061271646421
7592,0.06265368257
7593,0.062417834498
7594,0.062971991069
7595,0.063306353677
7596,0.062305262679
7597,0.06291797741
7598,0.063533308976
7599,0.062534399237
7600,0.062177067899
7601,0.062325359633
7602,0.062689783495
7603,0.063620680403
7604,0.063898859532
7605,0.061840712193
7606,0.06176504806
7607,0.062346188373
7608,0.062875886929
7609,0.063696795658
7610,0.063676236178
7611,0.053093223643
7612,0.052181628776
7613,0.051907491673
7614,0.049390319976
7615,0.048999117382
7616,0.049038163434
7617,0.049058386798
7618,0.048899997995
7619,0.0487282059
7620,0.048942493002
7621,0.047928973214
7622,0.048610328397
7623,0.047454838567
7624,0.078141496145
7625,0.073786733555
7626,0.069541544677
7627,0.061823526535
7628,0.05363724339
7629,0.047987157547
7630,0.047879392743
7631,0.047449564155
7632,0.047524415533
7633,0.047063288446
7634,0.046987867217
7635,0.047812968644
7636,0.025654859043
7637,0.032347408786
7638,0.03331943668
7639,0.034051066451
7640,0.034461331129
7641,0.037080545811
7642,0.041267326499
7643,0.039612214854
7644,0.034026004326
7645,0.032479674502
7646,0.035009370418
7647,0.035730172247
7648,0.0370187367
7649,0.036689445103
7650,0.036028460422
7651,0.025797147523
7652,0.025685761674
7653,0.027895753211
7654,0.029801483015
7655,0.027267327392
7656,0.026225177926
7657,0.025740400586
7658,0.025529633977
7659,0.023827880882
7660,0.025974023446
7661,0.025762713271
7662,0.036802183304
7663,0.037239200695
7664,0.036791967965
7665,0.036933803053
7666,0.037257853516
7667,0.039021325654
7668,0.038619254439
7669,0.040366304358
7670,0.042359501709
7671,0.032533420969
7672,0.035145909307
7673,0.036363770177
7674,0.034369437616
7675,0.034815025284
7676,0.035417076102
7677,0.035485292422
7678,0.042633045697
7679,0.039127577164
7680,0.038621857174
7681,0.037465567016
7682,0.037253426023
7683,0.043695019702
7684,0.051384640269
7685,0.050614708374
7686,0.048266180743
7687,0.046560282836
7688,0.04292875734
7689,0.048532431404
7690,0.048136210555
7691,0.047787408162
7692,0.048023588266
7693,0.043858286638
7694,0.044037787674
7695,0.021927248448
7696,0.021993964714
7697,0.022156295058
7698,0.022152752616
7699,0.022377732036
7700,0.022371076442
7701,0.022390067368
7702,0.022349583555
7703,0.022363355466
7704,0.025496269632
7705,0.038557126516
7706,0.021911704343
7707,0.025542151198
7708,0.025810055612
7709,0.025273053445
7710,0.0260997058
7711,0.024945697205
7712,0.024675174122
7713,0.024429824316
7714,0.024448364161
7715,0.026458397948
7716,0.023953486726
7717,0.023696636332
7718,0.023385957344
7719,0.023103551203
7720,0.022787458655
7721,0.022527222422
7722,0.022478624192
7723,0.022268181551
7724,0.022416391088
7725,0.022238223543
7726,0.022208634659
7727,0.02221291929
7728,0.022234920078
7729,0.022201683322
7730,0.02208308206
7731,0.022138651931
7732,0.022131013014
7733,0.022053337487
7734,0.022023072699
7735,0.021883080746
7736,0.024604026173
7737,0.030561080105
7738,0.030022564878
7739,0.030768338541
7740,0.029286891192
7741,0.031169663019
7742,0.028748297824
7743,0.028426002789
7744,0.028215724832
7745,0.02785403586
7746,0.027339232148
7747,0.027478182531
7748,0.027111499643
7749,0.031483437384
7750,0.031842710647
7751,0.032255444867
7752,0.032850546896
7753,0.034406338489
7754,0.033831067879
7755,0.033224221602
7756,0.026749659034
7757,0.035261110925
7758,0.035531018087
7759,0.037052577205
7760,0.037657697378
7761,0.040049759485
7762,0.040028057187
7763,0.042321544834
7764,0.043595510692
7765,0.049523529111
7766,0.053580254087
7767,0.052212529749
7768,0.058086572622
7769,0.050021002144
7770,0.051781198751
7771,0.050950028429
7772,0.063193302272
7773,0.06406244758
7774,0.080876460248
7775,0.10919743771
7776,0.16077259737
7777,0.22279453947
7778,0.13912007409
7779,0.086398403099
7780,0.064534325223
7781,0.05809837213
7782,0.056862031454
7783,0.046406032401
7784,0.045081326021
7785,0.039799791217
7786,0.03566514507
7787,0.032400534494
7788,0.031486728538
7789,0.028364175814
7790,0.029131887353
7791,0.027697206029
7792,0.026883096913
7793,0.026602324151
7794,0.026760460579
7795,0.026466517328
7796,0.026806829724
7797,0.026490876761
7798,0.026184631449
7799,0.026364398358
7800,0.026502586891
7801,0.026466403101
7802,0.026885458933
7803,0.026445264044
7804,0.026644549189
7805,0.026339784107
7806,0.026122086266
7807,0.026202739741
7808,0.025809518407
7809,0.025652767824
7810,0.025842807622
7811,0.025998637272
7812,0.02564531047
7813,0.025625744645
7814,0.026616374792
7815,0.025480641466
7816,0.02549732494
7817,0.025517078297
7818,0.028584279886
7819,0.025892832457
7820,0.028110487653
7821,0.028223859757
7822,0.03288190686
7823,0.037302252875
7824,0.078809903838
7825,0.15796177208
7826,0.046170364769
7827,0.1100542075
7828,0.23520948165
7829,0.31305204838
7830,0.38272126652
7831,0.44339931908
7832,1.0481796565
7833,0.49354609216
7834,0.56266519682
7835,0.6270868768
7836,0.71942245457
7837,0.88689771949
7838,0.045724911404
7839,0.043496803225
7840,0.043004959221
7841,0.042700660928
7842,0.042567277162
7843,0.042428861188
7844,0.041681582145
7845,0.040962088173
7846,0.040547455811
7847,0.039792306438
7848,0.038204531476
7849,0.035928891156
7850,0.033920603528
7851,0.035533244079
7852,0.03850883163
7853,0.040039848041
7854,0.039919938726
7855,0.040100993261
7856,0.041233242768
7857,0.041071597786
7858,0.042175544157
7859,0.042679399707
7860,0.041788643034
7861,0.041931319783
7862,0.040552325845
7863,0.039587335374
7864,0.038550674066
7865,0.040656740369
7866,0.039686482078
7867,0.037906497182
7868,0.037660664265
7869,0.037098257164
7870,0.036905299319
7871,0.036355078043
7872,0.035844366034
7873,0.035715751346
7874,0.034693257762
7875,0.033007200174
7876,0.032710956871
7877,0.031873760764
7878,0.038173781533
7879,0.038405958507
7880,0.035725223926
7881,0.034300838817
7882,0.033801529671
7883,0.033104016283
7884,0.032626880764
7885,0.032625194668
7886,0.032099534047
7887,0.031982559205
7888,0.048360251213
7889,0.062526432606
7890,0.060355956996
7891,0.073308311442
7892,0.12942576946
7893,0.1065129276
7894,0.16575075041
7895,0.1659183449
7896,0.17999155395
7897,2.2082316065
7898,1.666308037
7899,1.1836780313
7900,3.285513781
7901,0.12147038957
7902,0.12577718748
7903,0.12807502174
7904,0.12759362071
7905,0.13011802358
7906,0.077375784744
7907,0.078477023148
7908,0.080455145965
7909,0.080002940763
7910,0.082058091241
7911,0.079906030642
7912,0.073586684186
7913,0.076012692946
7914,0.075887521714
7915,0.07559066183
7916,0.075624645674
7917,0.073076725058
7918,0.073138998976
7919,0.071525306357
7920,0.07135554507
7921,0.068641255057
7922,0.06774138323
7923,0.067711028523
7924,0.067865012255
7925,0.067493449664
7926,0.067779218987
7927,0.067801603826
7928,0.067217543588
7929,0.0654557966
7930,0.064753839331
7931,0.064873793975
7932,0.064701739036
7933,0.063866973983
7934,0.06330708627
7935,0.063269631291
7936,0.061721389929
7937,0.062016404827
7938,0.062718729118
7939,0.063517249741
7940,0.063255821732
7941,0.063789930443
7942,0.063116122444
7943,0.064515396866
7944,0.064760494232
7945,0.065258704007
7946,0.06558548596
7947,0.066107398997
7948,0.065802338751
7949,0.065992178515
7950,0.065699103655
7951,0.065381400276
7952,0.065262434431
7953,0.065999722483
7954,0.066162147654
7955,0.063829165652
7956,0.063944239624
7957,0.064897051875
7958,0.066348619859
7959,0.066127586735
7960,0.066673062487
7961,0.063421610218
7962,0.063704032895
7963,0.061179297732
7964,0.062715593914
7965,0.063563014948
7966,0.063148344515
7967,0.063307814524
7968,0.062422348546
7969,0.062845624265
7970,0.063248957738
7971,0.063897565531
7972,0.062891956828
7973,0.062512244771
7974,0.062732078962
7975,0.063085514447
7976,0.061436793129
7977,0.061774727636
7978,0.062503582069
7979,0.063057890127
7980,0.063654118662
7981,0.049158596637
7982,0.049072306899
7983,0.049064549026
7984,0.048611153414
7985,0.04809256389
7986,0.048619557902
7987,0.082964174405
7988,0.078714513733
7989,0.076868543499
7990,0.070490864505
7991,0.048116229916
7992,0.047446830053
7993,0.047836013026
7994,0.047770069856
7995,0.04792067465
7996,0.047207248091
7997,0.047329859181
7998,0.025561360102
7999,0.025539160869
8000,0.025260666113
8001,0.034134321716
8002,0.034315434392
8003,0.0359358951
8004,0.036389183919
8005,0.036768271754
8006,0.039695780653
8007,0.042596159345
8008,0.045151681206
8009,0.042772164742
8010,0.03340220336
8011,0.034575232684
8012,0.034712045737
8013,0.035453975008
8014,0.036368742231
8015,0.036958416902
8016,0.035943592548
8017,0.035763679178
8018,0.026807248824
8019,0.028184502811
8020,0.027282480363
8021,0.024173782596
8022,0.023352289884
8023,0.023293831385
8024,0.025710709706
8025,0.025482412322
8026,0.039718505631
8027,0.041135205023
8028,0.040181836687
8029,0.038920385395
8030,0.042166169881
8031,0.044070865002
8032,0.043156013426
8033,0.044440465614
8034,0.047947423212
8035,0.046998567296
8036,0.036973209929
8037,0.038753115305
8038,0.041175818894
8039,0.040816695937
8040,0.035610600786
8041,0.036885029576
8042,0.035654190758
8043,0.035687438333
8044,0.035994480773
8045,0.036442063934
8046,0.042152524575
8047,0.038148425529
8048,0.036782145512
8049,0.036835730874
8050,0.037290899726
8051,0.037620932949
8052,0.038877506414
8053,0.0437993198
8054,0.052159294947
8055,0.052647405657
8056,0.050742768464
8057,0.045849295443
8058,0.043716150491
8059,0.040971046985
8060,0.043288864122
8061,0.044314389253
8062,0.044666579502
8063,0.044506478874
8064,0.021797738045
8065,0.021863657176
8066,0.021850182697
8067,0.022220521094
8068,0.02259149196
8069,0.022406619227
8070,0.022315717691
8071,0.025352104609
8072,0.025661833086
8073,0.026125667464
8074,0.025059389809
8075,0.024767859365
8076,0.024661674102
8077,0.024428237455
8078,0.024253633406
8079,0.026446456434
8080,0.023872628187
8081,0.023471130326
8082,0.023444023609
8083,0.023166904818
8084,0.022844969484
8085,0.022594694176
8086,0.022339025307
8087,0.022198039198
8088,0.022081152757
8089,0.022116014771
8090,0.022189754539
8091,0.022219455871
8092,0.022155366184
8093,0.022074126185
8094,0.02205355333
8095,0.022044534429
8096,0.02202888108
8097,0.021878319459
8098,0.022025991227
8099,0.021969376098
8100,0.021950085074
8101,0.021882038125
8102,0.021801142225
8103,0.030644241331
8104,0.030999103439
8105,0.03029956823
8106,0.029568081645
8107,0.029089213415
8108,0.028763253653
8109,0.028493032667
8110,0.028213575052
8111,0.027829585855
8112,0.027342737301
8113,0.026908415116
8114,0.031648142496
8115,0.031263780699
8116,0.031788798345
8117,0.032370327301
8118,0.032663326473
8119,0.034535752128
8120,0.034913523151
8121,0.033883942113
8122,0.033716646388
8123,0.032962424391
8124,0.026653328658
8125,0.036000537642
8126,0.03698716521
8127,0.037012317483
8128,0.038176173026
8129,0.039010856219
8130,0.040205965947
8131,0.042402969842
8132,0.042999656854
8133,0.043654293821
8134,0.048256191044
8135,0.047968299635
8136,0.04975909846
8137,0.048946910382
8138,0.053049242705
8139,0.056293770519
8140,0.048014454649
8141,0.046796582094
8142,0.048761525892
8143,0.054273196698
8144,0.062040218772
8145,0.080709042339
8146,0.10161451294
8147,0.17178386676
8148,0.15710820103
8149,0.096730294209
8150,0.069413935243
8151,0.053954743526
8152,0.05112757292
8153,0.049859541943
8154,0.044050575689
8155,0.040353968371
8156,0.037370277101
8157,0.035536259815
8158,0.032822966331
8159,0.030175566399
8160,0.029423226478
8161,0.026789692276
8162,0.026381702308
8163,0.027190536372
8164,0.026736953225
8165,0.026697301172
8166,0.026261712939
8167,0.026004819831
8168,0.025858345878
8169,0.026083892515
8170,0.026169788678
8171,0.025798280433
8172,0.026030297787
8173,0.026299794982
8174,0.025980427379
8175,0.026063504741
8176,0.025832415288
8177,0.026084284073
8178,0.025852437263
8179,0.026156721871
8180,0.026146408333
8181,0.026130224524
8182,0.026108374376
8183,0.026021098928
8184,0.025745283376
8185,0.025740219428
8186,0.025863615605
8187,0.025502579733
8188,0.025496417232
8189,0.025355239912
8190,0.025640480359
8191,0.025521350549
8192,0.025362094682
8193,0.025384137312
8194,0.025436566698
8195,0.02518102628
8196,0.025210625847
8197,0.025320978775
8198,0.025223469892
8199,0.02552107297
8200,0.025460178229
8201,0.025451808445
8202,0.027474530436
8203,0.033976645099
8204,0.040363411269
8205,0.20693516784
8206,0.047289680212
8207,0.10131154043
8208,0.17351635081
8209,0.28256559664
8210,0.35030683508
8211,0.40928517554
8212,0.46176245049
8213,0.51792343045
8214,0.56535280036
8215,0.67634245917
8216,0.64274721842
8217,0.7072537336
8218,0.043267007636
8219,0.043858647089
8220,0.043050738165
8221,0.042972717227
8222,0.042909738734
8223,0.041973474329
8224,0.04117763791
8225,0.040030668145
8226,0.038624076929
8227,0.037381094068
8228,0.036744793022
8229,0.034626069538
8230,0.03356758687
8231,0.030574267308
8232,0.030247763668
8233,0.029389056055
8234,0.030520906469
8235,0.034778647451
8236,0.038911428434
8237,0.040968404341
8238,0.041243791865
8239,0.041639175656
8240,0.042458315993
8241,0.042824147794
8242,0.0422386334
8243,0.041255117272
8244,0.039952494919
8245,0.040184852979
8246,0.039749869339
8247,0.039116129569
8248,0.046165476438
8249,0.050809549299
8250,0.038358036262
8251,0.037998996522
8252,0.038100970875
8253,0.037702771802
8254,0.036645845965
8255,0.036675217148
8256,0.036128553219
8257,0.036111868427
8258,0.035490949706
8259,0.035528255108
8260,0.034729075659
8261,0.034731801236
8262,0.03273588626
8263,0.031612628083
8264,0.031017112827
8265,0.031173026905
8266,0.030590282338
8267,0.030636228582
8268,0.03995957815
8269,0.041102386668
8270,0.036603570556
8271,0.035256531149
8272,0.034186295391
8273,0.032923087171
8274,0.032443911447
8275,0.031886477961
8276,0.031143552481
8277,0.064449280011
8278,0.083693006113
8279,0.10212453358
8280,0.12190069585
8281,0.1516628961
8282,1.1814713931
8283,1.7914050108
8284,2.9543713653
8285,0.12828581751
8286,0.1309901056
8287,0.13561834717
8288,0.082398231522
8289,0.084251082814
8290,0.083737242149
8291,0.081969336903
8292,0.082933573769
8293,0.083341704225
8294,0.084184970833
8295,0.073914286393
8296,0.084518219818
8297,0.073490062097
8298,0.07253520074
8299,0.072398290434
8300,0.072175065544
8301,0.070908352271
8302,0.068150332616
8303,0.067284376499
8304,0.066131245509
8305,0.066984790178
8306,0.067980607204
8307,0.066314244231
8308,0.065635331308
8309,0.065602745835
8310,0.065327640596
8311,0.064715534823
8312,0.063800466681
8313,0.062569207635
8314,0.061439067585
8315,0.062002351955
8316,0.061284351276
8317,0.061153065028
8318,0.061864212957
8319,0.062735795872
8320,0.062542575264
8321,0.062905217782
8322,0.063636205541
8323,0.06228595773
8324,0.063708194098
8325,0.064728797784
8326,0.065264075929
8327,0.06561014951
8328,0.066667449643
8329,0.065945836961
8330,0.066074187005
8331,0.066325469931
8332,0.065879443756
8333,0.065695323543
8334,0.066260609796
8335,0.067007985719
8336,0.06716509417
8337,0.064486594093
8338,0.06404792462
8339,0.064117590718
8340,0.065763475395
8341,0.066840421415
8342,0.066742287143
8343,0.066839812545
8344,0.060510332573
8345,0.061990323645
8346,0.063408625385
8347,0.063681203824
8348,0.063508450711
8349,0.062873986736
8350,0.063168953811
8351,0.063675561389
8352,0.064034656346
8353,0.063365667622
8354,0.063373614149
8355,0.062978480544
8356,0.063170035031
8357,0.060989513539
8358,0.060444243402
8359,0.061746351404
8360,0.062968883266
8361,0.063461140588
8362,0.049296656425
8363,0.049260972863
8364,0.04877094899
8365,0.088921421655
8366,0.086140000493
8367,0.081628759582
8368,0.083335587487
8369,0.078947299833
8370,0.048369393573
8371,0.048012655148
8372,0.047957111269
8373,0.048038771788
8374,0.048134822309
8375,0.046571061564
8376,0.046845054017
8377,0.02546015823
8378,0.026059118645
8379,0.026451127892
8380,0.035653442576
8381,0.035249416008
8382,0.03548161282
8383,0.037411379544
8384,0.039196494888
8385,0.039620387987
8386,0.043405265492
8387,0.044991852045
8388,0.049253721052
8389,0.048371556091
8390,0.047330101332
8391,0.034951409535
8392,0.034119323252
8393,0.035045525698
8394,0.041843562063
8395,0.040948708132
8396,0.035712981008
8397,0.036209827498
8398,0.036862885763
8399,0.035977930497
8400,0.036303452838
8401,0.036120112788
8402,0.027307245719
8403,0.027968674992
8404,0.027494758843
8405,0.022466687357
8406,0.023711343199
8407,0.023013168012
8408,0.025818828979
8409,0.025482426263
8410,0.025103201404
8411,0.025122876157
8412,0.043818116661
8413,0.04529463473
8414,0.042724971022
8415,0.042230655892
8416,0.046188258898
8417,0.046725530244
8418,0.046629092573
8419,0.048218370321
8420,0.048810186197
8421,0.04878887587
8422,0.048667011749
8423,0.048641132759
8424,0.040473893186
8425,0.03956423423
8426,0.042833955987
8427,0.044475579016
8428,0.043536358763
8429,0.038303951541
8430,0.037123586594
8431,0.041269532491
8432,0.036572494391
8433,0.034925923622
8434,0.034681828759
8435,0.035286245176
8436,0.035351610568
8437,0.036307549885
8438,0.039738232216
8439,0.040206627033
8440,0.044148772835
8441,0.046790409128
8442,0.049992369684
8443,0.045048416191
8444,0.045502420988
8445,0.044894705213
8446,0.044934588289
8447,0.021797806144
8448,0.021743174814
8449,0.021842543607
8450,0.02186103738
8451,0.023132108803
8452,0.023442958704
8453,0.023414913632
8454,0.025151978672
8455,0.025469443195
8456,0.025818761388
8457,0.02622170975
8458,0.024860369961
8459,0.02459923627
8460,0.024522704942
8461,0.024345988997
8462,0.024183552839
8463,0.026536890779
8464,0.023822082292
8465,0.024028726488
8466,0.023536338648
8467,0.023135152964
8468,0.023080915675
8469,0.022741984664
8470,0.022550984836
8471,0.022367077074
8472,0.022147660291
8473,0.022050304887
8474,0.022009001583
8475,0.022046045534
8476,0.022045965782
8477,0.022068592618
8478,0.022115039453
8479,0.022147226439
8480,0.022074076346
8481,0.022032810906
8482,0.022030234308
8483,0.022113781992
8484,0.022123690417
8485,0.021890585311
8486,0.021869212407
8487,0.021897263463
8488,0.021921313849
8489,0.021849947
8490,0.031061420273
8491,0.030811989723
8492,0.030944430873
8493,0.029674415345
8494,0.02942233168
8495,0.029160324963
8496,0.029099693863
8497,0.028872987374
8498,0.028630332958
8499,0.028496926056
8500,0.028276486756
8501,0.027844066348
8502,0.027462272105
8503,0.02689788065
8504,0.032391191323
8505,0.031678535803
8506,0.032356885108
8507,0.032905613764
8508,0.035741658815
8509,0.035382756292
8510,0.034537374851
8511,0.03456364836
8512,0.033524834791
8513,0.037612310882
8514,0.036504117897
8515,0.037855383358
8516,0.038614141519
8517,0.038454843955
8518,0.041008158737
8519,0.040516266602
8520,0.042697479458
8521,0.042129413487
8522,0.044880593427
8523,0.043987015878
8524,0.047853821783
8525,0.047638846244
8526,0.046883923512
8527,0.045823605482
8528,0.046514806382
8529,0.049732862941
8530,0.045767670515
8531,0.044731911913
8532,0.046086872955
8533,0.04691049997
8534,0.048104849435
8535,0.050283826443
8536,0.06453476932
8537,0.070550574416
8538,0.090944469465
8539,0.14296011827
8540,0.15566815049
8541,0.10332194296
8542,0.071113462262
8543,0.055099350694
8544,0.045170784927
8545,0.045183802561
8546,0.045779883637
8547,0.04654254107
8548,0.043933654647
8549,0.04027391976
8550,0.037096460298
8551,0.034853731445
8552,0.033104090558
8553,0.030760380875
8554,0.028062542526
8555,0.028074000339
8556,0.026166503889
8557,0.025344563749
8558,0.025096250858
8559,0.025227763256
8560,0.025609153194
8561,0.026265520664
8562,0.026076123502
8563,0.02564160933
8564,0.025333193872
8565,0.025413860258
8566,0.025297404124
8567,0.025626147049
8568,0.025595741462
8569,0.025839866936
8570,0.025518664377
8571,0.025385767904
8572,0.025567582168
8573,0.025852812957
8574,0.025650312339
8575,0.025774513887
8576,0.025600824593
8577,0.025681968349
8578,0.025897575243
8579,0.025640429884
8580,0.025994551171
8581,0.02601589048
8582,0.025988214839
8583,0.025939400215
8584,0.025878266047
8585,0.025873850137
8586,0.025634318186
8587,0.025531260203
8588,0.025450227925
8589,0.025396233993
8590,0.025721235198
8591,0.025355508446
8592,0.02515058716
8593,0.025182209539
8594,0.025042629394
8595,0.025059855315
8596,0.025137960902
8597,0.025128275425
8598,0.02507969316
8599,0.025265658703
8600,0.024987543333
8601,0.024937522739
8602,0.025038294473
8603,0.02490816857
8604,0.025261588488
8605,0.025300866751
8606,0.025553574802
8607,0.030689932448
8608,0.032197765386
8609,0.041357712315
8610,0.25181714082
8611,0.045880003285
8612,0.14591611058
8613,0.08481907512
8614,0.20492559399
8615,0.31294491995
8616,0.38480616809
8617,0.43537882012
8618,0.47617631696
8619,0.51861661752
8620,0.55333287904
8621,0.60313262322
8622,0.65660486229
8623,0.64682920855
8624,0.043955862125
8625,0.045458761365
8626,0.044368292057
8627,0.043457041652
8628,0.043941843395
8629,0.044010552039
8630,0.042610770798
8631,0.041326888011
8632,0.039989092578
8633,0.038438984819
8634,0.035919013335
8635,0.033805501076
8636,0.032519185543
8637,0.029706125137
8638,0.027467290968
8639,0.027417506863
8640,0.025201154584
8641,0.02374765703
8642,0.023207970889
8643,0.035396834765
8644,0.037747501265
8645,0.039534279291
8646,0.041312313598
8647,0.042430237161
8648,0.042510605659
8649,0.042863467204
8650,0.043559152594
8651,0.040357329821
8652,0.043514617357
8653,0.039136472197
8654,0.10025213531
8655,0.10079147629
8656,0.037781111834
8657,0.036678454886
8658,0.036499210075
8659,0.035113798887
8660,0.036202879885
8661,0.035447444234
8662,0.034530511973
8663,0.033749204035
8664,0.03164873848
8665,0.031931952719
8666,0.030539379346
8667,0.0296332107
8668,0.02920704041
8669,0.029317969665
8670,0.030341169274
8671,0.030243189421
8672,0.02981679874
8673,0.02957325514
8674,0.029651490396
8675,0.037919956542
8676,0.035487810837
8677,0.035114452695
8678,0.032362058582
8679,0.033255650414
8680,0.031630441396
8681,0.030959495502
8682,0.030364749311
8683,0.11453560196
8684,0.12473714732
8685,1.1159452544
8686,1.8747514206
8687,0.13200175847
8688,0.13469229017
8689,0.13738319494
8690,0.085912057854
8691,0.085166085319
8692,0.08657446046
8693,0.087451885464
8694,0.088669707251
8695,0.078720308109
8696,0.073205342442
8697,0.082153401635
8698,0.073010719348
8699,0.073910682793
8700,0.072755906301
8701,0.067877453393
8702,0.065223373915
8703,0.065758946702
8704,0.060844391572
8705,0.059830945717
8706,0.059942842749
8707,0.061747848005
8708,0.060762321324
8709,0.062019911725
8710,0.061799211173
8711,0.061914238424
8712,0.062544478433
8713,0.061663413687
8714,0.062729502274
8715,0.064043864872
8716,0.064653609516
8717,0.065268947256
8718,0.067602737035
8719,0.066132441652
8720,0.06638415447
8721,0.066682937045
8722,0.066788413302
8723,0.067531061418
8724,0.06811737688
8725,0.068480939399
8726,0.064618333326
8727,0.06555905976
8728,0.064310858595
8729,0.064674819641
8730,0.064128875086
8731,0.066789046336
8732,0.067686573302
8733,0.066991577401
8734,0.067441058905
8735,0.060563268849
8736,0.061952995712
8737,0.063158929603
8738,0.063472228186
8739,0.063317821903
8740,0.063576742474
8741,0.063780725084
8742,0.063873041676
8743,0.063575155029
8744,0.063751626373
8745,0.063683254881
8746,0.063328652729
8747,0.060346654865
8748,0.061246846626
8749,0.062237651606
8750,0.063326296409
8751,0.063484240662
8752,0.049615287914
8753,0.049491190748
8754,0.092647520527
8755,0.091818940506
8756,0.089304367291
8757,0.086735576189
8758,0.082774283211
8759,0.048360092808
8760,0.048306818836
8761,0.048248170356
8762,0.048346352336
8763,0.048425203872
8764,0.027138830908
8765,0.028472029131
8766,0.03989286376
8767,0.043389784842
8768,0.042920898595
8769,0.048166420151
8770,0.051658589285
8771,0.051336365329
8772,0.052505582325
8773,0.052530711821
8774,0.039524784541
8775,0.035423064776
8776,0.035184374128
8777,0.03578540682
8778,0.046757776443
8779,0.0454270571
8780,0.045507593482
8781,0.036538868372
8782,0.037215839418
8783,0.040162196634
8784,0.041445394598
8785,0.038499031997
8786,0.037389092726
8787,0.02769217519
8788,0.027477212278
8789,0.027525232039
8790,0.027783851599
8791,0.028174117634
8792,0.022684250848
8793,0.024001688953
8794,0.023315943038
8795,0.026074709579
8796,0.025711282959
8797,0.0250041722
8798,0.024881233942
8799,0.024688420143
8800,0.0247229652
8801,0.045323175941
8802,0.04693618631
8803,0.049043326311
8804,0.04525542661
8805,0.044079305114
8806,0.045363035949
8807,0.049513587499
8808,0.050526575329
8809,0.049660134018
8810,0.052654197684
8811,0.047189014761
8812,0.048144909191
8813,0.049039918938
8814,0.049692012849
8815,0.049727632022
8816,0.050299542262
8817,0.043639026611
8818,0.042525315623
8819,0.040614578865
8820,0.041687275783
8821,0.046285117157
8822,0.046957736098
8823,0.046031894876
8824,0.033326408143
8825,0.033884470676
8826,0.034813623503
8827,0.037254256513
8828,0.038293439784
8829,0.040526646874
8830,0.043593854881
8831,0.050558252504
8832,0.046986718661
8833,0.04942769355
8834,0.05189528616
8835,0.046271061079
8836,0.045629433099
8837,0.021808204453
8838,0.021739993135
8839,0.021779568147
8840,0.023510802848
8841,0.025849089605
8842,0.025062692964
8843,0.025176019086
8844,0.025518419402
8845,0.025740532426
8846,0.026001750688
8847,0.026520875025
8848,0.02483984477
8849,0.024565468847
8850,0.024389346227
8851,0.024199054337
8852,0.026896650435
8853,0.023890728714
8854,0.023996959536
8855,0.023670702147
8856,0.024190373633
8857,0.023518806906
8858,0.023286319822
8859,0.023037092716
8860,0.022805132895
8861,0.022608087047
8862,0.02251718543
8863,0.022367882211
8864,0.022227462087
8865,0.02208296339
8866,0.021991476384
8867,0.021992916364
8868,0.021866403746
8869,0.021993159283
8870,0.022054336735
8871,0.022006175494
8872,0.021931583333
8873,0.0220108866
8874,0.022019434
8875,0.021873777294
8876,0.021814909946
8877,0.021876330128
8878,0.021914645887
8879,0.021864894801
8880,0.022021422002
8881,0.02197636282
8882,0.021841574967
8883,0.021989450404
8884,0.021741703891
8885,0.031347402043
8886,0.036889649443
8887,0.031200876368
8888,0.041652383628
8889,0.029968906199
8890,0.029323629319
8891,0.029235093743
8892,0.029155197173
8893,0.028741180184
8894,0.028444287632
8895,0.028057345415
8896,0.028221395248
8897,0.027164182733
8898,0.041262812036
8899,0.033897276682
8900,0.031957860816
8901,0.033064560844
8902,0.038882550288
8903,0.038259785796
8904,0.038680169545
8905,0.036733164359
8906,0.036070881056
8907,0.036319770146
8908,0.034445124166
8909,0.039864215556
8910,0.038218956724
8911,0.0381562941
8912,0.03796008658
8913,0.040826698675
8914,0.04058667878
8915,0.043455419058
8916,0.043937307318
8917,0.042580612408
8918,0.043420238864
8919,0.044642563988
8920,0.045134147392
8921,0.04286179167
8922,0.042744129162
8923,0.045229033917
8924,0.042915632544
8925,0.042959333396
8926,0.043523581849
8927,0.04517118457
8928,0.045795739643
8929,0.045332322825
8930,0.04516874059
8931,0.042886877156
8932,0.042702004948
8933,0.055014678944
8934,0.06185514268
8935,0.074023031153
8936,0.11883021873
8937,0.12639515599
8938,0.077691475937
8939,0.054208741623
8940,0.04447899566
8941,0.038029231645
8942,0.039778401417
8943,0.041583873046
8944,0.043145890906
8945,0.043416141306
8946,0.040169134674
8947,0.037905886288
8948,0.035883259484
8949,0.035490995394
8950,0.035241494836
8951,0.033842389756
8952,0.032886509272
8953,0.031802533511
8954,0.030747831272
8955,0.029233433289
8956,0.027864081208
8957,0.026610578356
8958,0.026050327711
8959,0.024678972636
8960,0.024725853339
8961,0.024505289731
8962,0.024252621964
8963,0.02448653077
8964,0.024393887019
8965,0.024900751397
8966,0.025065050835
8967,0.025481591243
8968,0.025475072159
8969,0.025078099673
8970,0.024986201143
8971,0.02493197338
8972,0.025102303262
8973,0.025057065343
8974,0.025249508856
8975,0.024930837128
8976,0.025351453052
8977,0.025473037598
8978,0.025693816991
8979,0.025495534621
8980,0.025948742014
8981,0.025552743625
8982,0.025626671679
8983,0.02553915527
8984,0.025687480622
8985,0.025661220162
8986,0.025822498462
8987,0.025975911073
8988,0.025820323998
8989,0.026109080187
8990,0.026155527422
8991,0.026011847412
8992,0.025780290763
8993,0.025758705831
8994,0.025500010815
8995,0.025462910022
8996,0.025334668479
8997,0.025283904258
8998,0.025144737151
8999,0.025515982685
9000,0.024979147915
9001,0.024999766978
9002,0.024950640227
9003,0.024802071624
9004,0.024872675844
9005,0.024784464989
9006,0.024904314561
9007,0.024899292903
9008,0.024856571118
9009,0.025033712216
9010,0.025077643333
9011,0.024880823895
9012,0.024864501885
9013,0.024688811091
9014,0.025275659831
9015,0.025313917437
9016,0.026600277297
9017,0.033068746475
9018,0.042849143969
9019,0.043966926854
9020,0.25372433026
9021,0.30147457611
9022,0.053725989878
9023,0.16706204607
9024,0.23039752777
9025,0.36967764619
9026,0.43132045403
9027,0.48585148272
9028,0.5177624985
9029,0.5459696481
9030,0.57005150738
9031,0.05000929929
9032,0.045808510108
9033,0.046909528317
9034,0.048101745872
9035,0.044525140355
9036,0.041464684887
9037,0.040521879991
9038,0.038134128664
9039,0.036039109479
9040,0.034918344513
9041,0.03255303182
9042,0.031887575854
9043,0.030516338121
9044,0.028357959933
9045,0.027290543376
9046,0.025299794769
9047,0.02479736992
9048,0.023859507893
9049,0.020328422011
9050,0.020574845719
9051,0.018109263699
9052,0.022391984631
9053,0.031121152819
9054,0.035683392398
9055,0.03962401866
9056,0.041549555201
9057,0.041858019107
9058,0.043444087023
9059,0.04362488367
9060,0.043906181805
9061,0.039347718361
9062,0.045335601612
9063,0.04347853898
9064,0.11672154167
9065,0.11640294143
9066,0.11435656879
9067,0.038186654284
9068,0.036972969119
9069,0.035789264814
9070,0.033238124711
9071,0.031753547151
9072,0.030141481866
9073,0.029726511643
9074,0.029569425864
9075,0.029720186358
9076,0.031140246274
9077,0.028919945237
9078,0.028173787273
9079,0.028333119776
9080,0.027167724007
9081,0.025795556268
9082,0.029446192987
9083,0.029547014886
9084,0.028698932544
9085,0.028595929015
9086,0.031782923975
9087,0.028924445095
9088,0.031028749544
9089,0.030185738559
9090,0.13387596797
9091,0.086885922635
9092,0.087780326786
9093,0.088616393412
9094,0.079167524091
9095,0.084883396062
9096,0.081818695601
9097,0.082511599473
9098,0.079181848082
9099,0.060316339014
9100,0.061531188303
9101,0.061066757621
9102,0.061456376128
9103,0.06136978363
9104,0.061422975661
9105,0.061142160879
9106,0.061529233685
9107,0.06338281687
9108,0.063970429133
9109,0.06441298853
9110,0.065179699313
9111,0.068828878655
9112,0.066171342685
9113,0.066842958456
9114,0.067187127945
9115,0.067821306507
9116,0.068427819562
9117,0.069097468363
9118,0.069758575466
9119,0.065574965699
9120,0.066855269324
9121,0.064071187772
9122,0.064918121202
9123,0.064063008464
9124,0.067880852804
9125,0.068686406905
9126,0.06836093711
9127,0.069132247541
9128,0.060757458051
9129,0.062279955549
9130,0.064020705383
9131,0.063732312771
9132,0.063764496484
9133,0.063792220826
9134,0.063880651573
9135,0.064061660233
9136,0.06048692309
9137,0.063400241143
9138,0.063669193711
9139,0.063907950923
9140,0.06404873338
9141,0.049951747052
9142,0.049797663737
9143,0.094916574009
9144,0.094240243911
9145,0.091324430298
9146,0.048594258883
9147,0.048548346824
9148,0.048407776427
9149,0.048361958604
9150,0.048346982267
9151,0.048466176156
9152,0.04847187995
9153,0.048437127719
9154,0.02893906194
9155,0.03064252932
9156,0.044485687184
9157,0.04756442685
9158,0.052832751888
9159,0.050871658559
9160,0.052837758921
9161,0.05244552514
9162,0.053114324379
9163,0.055186795379
9164,0.057849227647
9165,0.055714486189
9166,0.04651067999
9167,0.038444715704
9168,0.035775289517
9169,0.03629430033
9170,0.036821137753
9171,0.049352600613
9172,0.048132214712
9173,0.050273548633
9174,0.037718769654
9175,0.041524459531
9176,0.043646523408
9177,0.045483558677
9178,0.045360827902
9179,0.041398058752
9180,0.038951515274
9181,0.038498294287
9182,0.027376253428
9183,0.027423430129
9184,0.027491217215
9185,0.02728453728
9186,0.027694616904
9187,0.028109388579
9188,0.028023181034
9189,0.028477434383
9190,0.028319953735
9191,0.023275497021
9192,0.02414543009
9193,0.023735029127
9194,0.026310184811
9195,0.026151514397
9196,0.025897937459
9197,0.024834527111
9198,0.024378578385
9199,0.024577906001
9200,0.024138883958
9201,0.047670432142
9202,0.049862658215
9203,0.051861812729
9204,0.052250363869
9205,0.047775518035
9206,0.047393281348
9207,0.046695660392
9208,0.052029980957
9209,0.05165995069
9210,0.053892139963
9211,0.054323443804
9212,0.055054404925
9213,0.048295021455
9214,0.049846455228
9215,0.05043982675
9216,0.045849641304
9217,0.044367491371
9218,0.049106565959
9219,0.036811333091
9220,0.037641602035
9221,0.035623097446
9222,0.036236423342
9223,0.039097970185
9224,0.040150435268
9225,0.041791311102
9226,0.041978322737
9227,0.043185614936
9228,0.045615759553
9229,0.053371685666
9230,0.046705981576
9231,0.051172817336
9232,0.04770997734
9233,0.057072110251
9234,0.045663731937
9235,0.044804363795
9236,0.021734113599
9237,0.031011517224
9238,0.030366744432
9239,0.027219360799
9240,0.025271658916
9241,0.025638768595
9242,0.02596122416
9243,0.02628154903
9244,0.026493013073
9245,0.024904565846
9246,0.02466452398
9247,0.024442257894
9248,0.024329069585
9249,0.023985381054
9250,0.023875643815
9251,0.023663882025
9252,0.024108756684
9253,0.024263402922
9254,0.023601707326
9255,0.023327425934
9256,0.023192373875
9257,0.022954407359
9258,0.022831081143
9259,0.022673413947
9260,0.022545306851
9261,0.022474050336
9262,0.02236572481
9263,0.02223615707
9264,0.022150307309
9265,0.022079552734
9266,0.021985789707
9267,0.021893060409
9268,0.02188149886
9269,0.021831351718
9270,0.021847471061
9271,0.022091233411
9272,0.022048993127
9273,0.022050698655
9274,0.021969964129
9275,0.02197334438
9276,0.021778936943
9277,0.021872691491
9278,0.021965877192
9279,0.023249927863
9280,0.021833560914
9281,0.021735389098
9282,0.021846426066
9283,0.023498373597
9284,0.022177137748
9285,0.022226612328
9286,0.023388423618
9287,0.023797371175
9288,0.032280953119
9289,0.051753853432
9290,0.035292805447
9291,0.032911438397
9292,0.03019529284
9293,0.029764498362
9294,0.029031738535
9295,0.028701016081
9296,0.0305255973
9297,0.027101336757
9298,0.042261854652
9299,0.04660682514
9300,0.041285466013
9301,0.035764577564
9302,0.039807646484
9303,0.039730335463
9304,0.03754378913
9305,0.041540791753
9306,0.044752611046
9307,0.039750022923
9308,0.041127859597
9309,0.044579539664
9310,0.04491179423
9311,0.043628270776
9312,0.046637127072
9313,0.04513835876
9314,0.039680738932
9315,0.040253645555
9316,0.042204211436
9317,0.039243382146
9318,0.040601170265
9319,0.040091424881
9320,0.041421390724
9321,0.042017041743
9322,0.044417140155
9323,0.045505018162
9324,0.045901400841
9325,0.045392997543
9326,0.044242740047
9327,0.044019170929
9328,0.044758723853
9329,0.039618607673
9330,0.036288320532
9331,0.037944457413
9332,0.046696898033
9333,0.051254443035
9334,0.059997300599
9335,0.098004742497
9336,0.10069152475
9337,0.088069363124
9338,0.056771784253
9339,0.043293522507
9340,0.037217915536
9341,0.032397226547
9342,0.034047445026
9343,0.036423240242
9344,0.038572637632
9345,0.038967602122
9346,0.040256052486
9347,0.037099347985
9348,0.035831254796
9349,0.034838974224
9350,0.035322560036
9351,0.034701880313
9352,0.033199324147
9353,0.032628807218
9354,0.031619197495
9355,0.030293804678
9356,0.028972652549
9357,0.028215164575
9358,0.027162200704
9359,0.025881824276
9360,0.024993636757
9361,0.02358907888
9362,0.023348328863
9363,0.023800794885
9364,0.023792485869
9365,0.023921312781
9366,0.02373423194
9367,0.024025672865
9368,0.023852701832
9369,0.024278498545
9370,0.024648078556
9371,0.02497066255
9372,0.025120535327
9373,0.024767469375
9374,0.024662301
9375,0.024450433107
9376,0.024551173547
9377,0.024884264303
9378,0.024745130754
9379,0.025140888622
9380,0.024733011137
9381,0.025333069519
9382,0.0257146504
9383,0.025889720555
9384,0.026763932471
9385,0.026908139501
9386,0.026194533136
9387,0.026435752805
9388,0.028201789751
9389,0.026511898396
9390,0.025600007682
9391,0.026573878831
9392,0.027583977383
9393,0.026794706416
9394,0.026943473102
9395,0.026801634014
9396,0.027521114544
9397,0.025976324746
9398,0.025823978712
9399,0.025559720543
9400,0.025510402497
9401,0.025370467598
9402,0.025291873242
9403,0.025208584062
9404,0.025189213798
9405,0.025034276768
9406,0.024897791648
9407,0.02486458428
9408,0.024890729533
9409,0.024783550815
9410,0.024647315061
9411,0.024845233476
9412,0.024726222705
9413,0.024570243823
9414,0.024875498209
9415,0.024810606998
9416,0.024862223383
9417,0.024865336487
9418,0.025062890601
9419,0.029792801057
9420,0.024766380626
9421,0.024551134573
9422,0.026188301115
9423,0.025723904148
9424,0.026367672016
9425,0.039659781018
9426,0.054880479017
9427,0.25342330022
9428,0.48104682082
9429,0.52205679999
9430,0.51248934341
9431,0.52102940464
9432,0.053851684557
9433,0.05911389196
9434,0.054910814326
9435,0.048758303038
9436,0.042503757481
9437,0.041930157858
9438,0.038310294254
9439,0.035664720876
9440,0.034096816919
9441,0.031572456287
9442,0.029337071225
9443,0.026909943443
9444,0.025825809728
9445,0.023625837442
9446,0.022749455532
9447,0.021875056433
9448,0.01915851221
9449,0.016634328659
9450,0.015305261852
9451,0.019706642175
9452,0.020737476711
9453,0.029763269612
9454,0.034065304358
9455,0.037532190482
9456,0.039443483549
9457,0.03905260236
9458,0.039548943874
9459,0.043604015678
9460,0.042356533661
9461,0.04162490452
9462,0.045763397472
9463,0.043764862361
9464,0.03983538976
9465,0.14660452016
9466,0.039613527942
9467,0.035518429055
9468,0.033236633502
9469,0.031318556289
9470,0.026766036446
9471,0.02718762677
9472,0.027176561505
9473,0.027291531697
9474,0.026866597049
9475,0.029443566387
9476,0.021339039443
9477,0.019235541249
9478,0.023922664223
9479,0.027269460926
9480,0.026921811154
9481,0.026013094156
9482,0.025394204247
9483,0.023635839608
9484,0.022133011027
9485,0.028534020418
9486,0.028683965652
9487,0.028361947311
9488,0.027354555731
9489,0.027821130931
9490,0.030678818821
9491,0.030129299383
9492,0.023753132586
9493,0.029769407539
9494,0.029298226231
9495,0.16881608479
9496,0.086026473847
9497,0.086088313131
9498,0.060683405504
9499,0.060697444723
9500,0.060854229001
9501,0.060942730745
9502,0.060401363046
9503,0.059936544897
9504,0.060188653215
9505,0.062184184444
9506,0.063088484717
9507,0.063750455296
9508,0.064358922331
9509,0.065192568854
9510,0.070127230969
9511,0.066091476353
9512,0.066991645253
9513,0.06745365349
9514,0.06788557668
9515,0.068534635845
9516,0.069075412135
9517,0.070139950269
9518,0.070536825865
9519,0.067058534277
9520,-99999
9521,0.068273340747
9522,0.069191408128
9523,0.070472476819
9524,0.069739996711
9525,0.070037327329
9526,0.071036717304
9527,0.064226957817
9528,0.064416822975
9529,0.063934518124
9530,0.050265970968
9531,0.05007442837
9532,0.095963834202
9533,0.095942559944
9534,0.095946345029
9535,0.09509531178
9536,0.048876970014
9537,0.048699613657
9538,0.048583372163
9539,0.048500470056
9540,0.04831834032
9541,0.048526221367
9542,0.048499218018
9543,0.048556317524
9544,0.048461351224
9545,0.048543727984
9546,0.031437369733
9547,0.031697924076
9548,0.048860673933
9549,0.051844077311
9550,0.0548874847
9551,0.052710448477
9552,0.053010631157
9553,0.052890916229
9554,0.052472507869
9555,0.053017114062
9556,0.05279066109
9557,0.058801396641
9558,0.060504576455
9559,0.058311438506
9560,0.037021017117
9561,0.037280211672
9562,0.037484736911
9563,0.051864046421
9564,0.050646948706
9565,0.03777653339
9566,0.03851637789
9567,0.045573551274
9568,0.045588636205
9569,0.047335799619
9570,0.048071954052
9571,0.048575419275
9572,0.044169580252
9573,0.039580436304
9574,0.040700521175
9575,0.039020744012
9576,0.027064047014
9577,0.026992485203
9578,0.027278137484
9579,0.027668625963
9580,0.027240571293
9581,0.027837184691
9582,0.028183583658
9583,0.027971141673
9584,0.028636651777
9585,0.028496857342
9586,0.028447346589
9587,0.023941818054
9588,0.024027281723
9589,0.023758242366
9590,0.024366406774
9591,0.024125761475
9592,0.026310173521
9593,0.026396389339
9594,0.024293040143
9595,0.024001441907
9596,0.023853600958
9597,0.050061836233
9598,0.052175885084
9599,0.053686578886
9600,0.049927534561
9601,0.049288447655
9602,0.048180553699
9603,0.053632763851
9604,0.055053666359
9605,0.050742350166
9606,0.047858504402
9607,0.05024356934
9608,0.039585973488
9609,0.040489610507
9610,0.039512899521
9611,0.037354630284
9612,0.041534265506
9613,0.041823842043
9614,0.04319762252
9615,0.045847897486
9616,0.043736361647
9617,0.044244928799
9618,0.044047882736
9619,0.046330761694
9620,0.057041819316
9621,0.054169125436
9622,0.044761056579
9623,0.04479223655
9624,0.049218280933
9625,0.051436586427
9626,0.04451464962
9627,0.047168695055
9628,0.058624708626
9629,0.061589014601
9630,0.059835190029
9631,0.043426459336
9632,0.032399067897
9633,0.030688975062
9634,0.031238568506
9635,0.03329208298
9636,0.025168852461
9637,0.025802568969
9638,0.026430596309
9639,0.026655766232
9640,0.027126494323
9641,0.024794974232
9642,0.0245949855
9643,0.024443423653
9644,0.02414814729
9645,0.024115025717
9646,0.024221573265
9647,0.023875872031
9648,0.024272492229
9649,0.024093312413
9650,0.023656203551
9651,0.023196818857
9652,0.022989275716
9653,0.022834081861
9654,0.022639527941
9655,0.022530269423
9656,0.022425457066
9657,0.022338240997
9658,0.022280938031
9659,0.022178899328
9660,0.022122820086
9661,0.022107201042
9662,0.021996256993
9663,0.021894831498
9664,0.021808872394
9665,0.021642825952
9666,0.021798088923
9667,0.022027669214
9668,0.021936417786
9669,0.022896050607
9670,0.023428009913
9671,0.022784800138
9672,0.022713444047
9673,0.023307851033
9674,0.022572208734
9675,0.022223473113
9676,0.022834040092
9677,0.021864141695
9678,0.022386498348
9679,0.022952810764
9680,0.025639422012
9681,0.024621343853
9682,0.03303159433
9683,0.034265118913
9684,0.033323190665
9685,0.029545309964
9686,0.029255275914
9687,0.032702149009
9688,0.042552200164
9689,0.039237129459
9690,0.047419058839
9691,0.047106283148
9692,0.045022291148
9693,0.042129069725
9694,0.046526686058
9695,0.046295627675
9696,0.045497043057
9697,0.046873107721
9698,0.044060572719
9699,0.043735555259
9700,0.048236783713
9701,0.047211376379
9702,0.035057417526
9703,0.036366131544
9704,0.038874832979
9705,0.036027028061
9706,0.035513140261
9707,0.03847775021
9708,0.040421940861
9709,0.040037447781
9710,0.041447509011
9711,0.041307217085
9712,0.042407275777
9713,0.042043422547
9714,0.046114642272
9715,0.047876810739
9716,0.050393662799
9717,0.046351776256
9718,0.045043525167
9719,0.044176594216
9720,0.044117799563
9721,0.043221346292
9722,0.032025691878
9723,0.032249067629
9724,0.033801033527
9725,0.04122009546
9726,0.038828160597
9727,0.051264114643
9728,0.090758046048
9729,0.098837492364
9730,0.070945963814
9731,0.040411347139
9732,0.035431644638
9733,0.03095586056
9734,0.027555868469
9735,0.02894956346
9736,0.032316907042
9737,0.032766553598
9738,0.034668808819
9739,0.037424516863
9740,0.037230910192
9741,0.035089061799
9742,0.03527168551
9743,0.034542584784
9744,0.033820794557
9745,0.034416405963
9746,0.035705567468
9747,0.032498313571
9748,0.031543246223
9749,0.030635487516
9750,0.029675414414
9751,0.028507003198
9752,0.027812776465
9753,0.026554272872
9754,0.025526111552
9755,0.024781266807
9756,0.023522695298
9757,0.022495403911
9758,0.022549260055
9759,0.023094420756
9760,0.022491491933
9761,0.023192308313
9762,0.023073019436
9763,0.023391493791
9764,0.023247464418
9765,0.023600896204
9766,0.023542595099
9767,0.023776357391
9768,0.023974019903
9769,0.024256885033
9770,0.024470282925
9771,0.024742402
9772,0.024327015595
9773,0.024337946043
9774,0.024312123792
9775,0.024170702285
9776,0.02437316658
9777,0.024629685073
9778,0.024724058862
9779,0.024829916049
9780,0.026343996777
9781,0.024997763574
9782,0.024919232449
9783,0.027804212791
9784,0.028066980204
9785,0.028853507685
9786,0.028427888734
9787,0.029039547598
9788,0.027651055739
9789,0.028164117906
9790,0.029870506357
9791,0.027470252161
9792,0.026255071548
9793,0.027157679215
9794,0.028347622773
9795,0.02673783872
9796,0.027023286328
9797,0.026781827997
9798,0.025919570993
9799,0.025672688424
9800,0.025740861551
9801,0.025669050564
9802,0.025298935991
9803,0.025340522561
9804,0.025228143669
9805,0.025181128952
9806,0.025186448628
9807,0.024945316949
9808,0.024804337338
9809,0.024711333163
9810,0.024803746565
9811,0.024674620322
9812,0.024596900435
9813,0.024494357763
9814,0.024860790809
9815,0.024543471437
9816,0.027152964109
9817,0.027043204063
9818,0.029049034662
9819,0.033742756595
9820,0.040575101843
9821,0.035069442094
9822,0.032389505909
9823,0.038078361425
9824,0.026845556124
9825,0.03060438982
9826,0.045854350503
9827,0.054201007264
9828,0.56916339328
9829,0.54585237462
9830,0.56202641217
9831,0.55971397951
9832,0.060428069828
9833,0.064342980384
9834,0.053767407694
9835,0.047675666881
9836,0.044708231455
9837,0.037606496917
9838,0.033987053164
9839,0.030444479325
9840,0.028443274893
9841,0.026081866911
9842,0.024154378407
9843,0.021887965536
9844,0.021750415371
9845,0.01978972013
9846,0.017061442794
9847,0.016380310205
9848,0.01641813091
9849,0.017972650343
9850,0.018699420168
9851,0.01953488345
9852,0.022010439111
9853,0.03044504568
9854,0.033035781825
9855,0.034731309743
9856,0.045426931892
9857,0.019257330332
9858,0.032301501223
9859,0.040785576542
9860,0.041365483266
9861,0.044071645797
9862,0.045395362662
9863,0.040762858408
9864,0.040287053302
9865,0.031229548403
9866,0.029561445989
9867,0.025369012171
9868,0.023036612984
9869,0.023085336193
9870,0.020039798246
9871,0.021613393397
9872,0.023563037736
9873,0.019390806601
9874,0.018297631099
9875,0.017909027245
9876,0.018630924245
9877,0.026238492623
9878,0.025787341354
9879,0.02442643801
9880,0.022681021258
9881,0.02167006529
9882,0.02013007368
9883,0.028030811841
9884,0.027862267677
9885,0.027960999982
9886,0.027605304568
9887,0.02679221762
9888,0.026357078206
9889,0.027204094133
9890,0.037004427196
9891,0.030206391835
9892,0.035550525737
9893,0.030295428441
9894,0.060065840368
9895,0.059965140796
9896,0.061564759247
9897,0.062372263704
9898,0.063170120639
9899,0.062104833164
9900,0.064314437397
9901,0.064532845512
9902,0.070971462887
9903,0.071283601203
9904,0.067024567822
9905,0.065978039828
9906,0.067371783772
9907,0.067199682919
9908,0.068177680817
9909,0.06884299411
9910,0.069593924051
9911,0.069606200321
9912,0.07163304798
9913,0.071651491257
9914,0.070365288808
9915,0.07354141317
9916,0.073189670267
9917,0.07013639076
9918,0.070376984768
9919,0.071622328706
9920,0.070711682583
9921,0.070940998639
9922,0.071616833096
9923,0.071637122122
9924,0.064281099416
9925,0.064093762972
9926,0.064460974695
9927,0.050312483782
9928,0.096380278736
9929,0.096344006686
9930,0.096482223119
9931,0.049081641243
9932,0.049072750532
9933,0.048798844189
9934,0.048686485327
9935,0.048484075935
9936,0.048379725229
9937,0.04866562885
9938,0.048726924822
9939,0.048573872496
9940,0.033123201822
9941,0.033098154516
9942,0.037748718396
9943,0.037532617888
9944,0.037363762632
9945,0.03762785401
9946,0.048762689747
9947,0.046873418702
9948,0.049310328237
9949,0.050721790233
9950,0.050918924067
9951,0.025814482848
9952,0.027119192912
9953,0.024815654592
9954,0.028231318399
9955,0.028074518257
9956,0.027761523274
9957,0.028930083486
9958,0.028710593281
9959,0.028646656184
9960,0.028727417575
9961,0.028457557229
9962,0.024318972075
9963,0.024350984264
9964,0.024439246531
9965,0.024057901948
9966,0.023981901056
9967,0.024728046474
9968,0.026396582143
9969,0.024133596771
9970,0.023723240095
9971,0.023377836879
9972,0.051769537846
9973,0.053157156127
9974,0.051263214705
9975,0.050065027433
9976,0.041615139409
9977,0.042891651806
9978,0.042204525972
9979,0.043252429847
9980,0.043911941153
9981,0.045446465274
9982,0.048132956806
9983,0.046950617028
9984,0.048923394325
9985,0.044454519892
9986,0.058596382824
9987,0.058167160175
9988,0.056380137061
9989,0.054253565089
9990,0.048676036272
9991,0.048914231838
9992,0.045940391662
9993,0.059666295183
9994,0.059706735197
9995,0.059810251584
9996,0.032954261778
9997,0.037819053122
9998,0.044667183091
9999,0.025164762793
10000,0.025591373037
10001,0.02571145554
10002,0.027447067007
10003,0.028402564982
10004,0.031939793371
10005,0.024756842716
10006,0.024695616897
10007,0.024408570016
10008,0.024796186607
10009,0.024473995792
10010,0.024982272155
10011,0.024128248773
10012,0.024889604622
10013,0.023968442585
10014,0.024033232845
10015,0.023043715753
10016,0.022993501315
10017,0.023082322873
10018,0.022688005577
10019,0.022310252191
10020,0.022261717459
10021,0.022207423562
10022,0.022170069634
10023,0.022139180698
10024,0.022093741225
10025,0.022052117032
10026,0.021993689304
10027,0.02194066637
10028,0.021869845498
10029,0.02174748283
10030,0.022006427997
10031,0.02264983462
10032,0.022449417303
10033,0.02254249317
10034,0.024169472643
10035,0.024414928418
10036,0.026861129344
10037,0.023770690589
10038,0.025982183358
10039,0.023523049602
10040,0.023213038179
10041,0.031882033393
10042,0.052992773951
10043,0.04641924491
10044,0.044764983103
10045,0.047773558717
10046,0.032024653943
10047,0.03415716784
10048,0.033208928731
10049,0.033208169117
10050,0.033171705552
10051,0.032910572699
10052,0.038900928072
10053,0.040812694164
10054,0.041980896474
10055,0.041500649889
10056,0.042374230509
10057,0.042861905675
10058,0.046219431791
10059,0.046549366776
10060,0.044872619367
10061,0.043323352455
10062,0.02855896289
10063,0.030359979969
10064,0.028043469872
10065,0.029832004814
10066,0.031806586929
10067,0.046510272666
10068,0.08304861138
10069,0.096755932714
10070,0.065560129818
10071,0.046138025892
10072,0.0355302466
10073,0.034235056482
10074,0.029186086695
10075,0.027091854295
10076,0.024661773662
10077,0.024963621331
10078,0.027589102876
10079,0.029867476548
10080,0.031185060266
10081,0.031442401671
10082,0.032265427529
10083,0.03326056118
10084,0.035027751834
10085,0.035080799439
10086,0.033744094548
10087,0.033842939746
10088,0.034340563971
10089,0.033986575162
10090,0.034403351684
10091,0.034316015621
10092,0.035710962915
10093,0.031509378694
10094,0.031339722839
10095,0.030322530142
10096,0.029301398248
10097,0.028468307495
10098,0.027698607592
10099,0.027415581469
10100,0.026773599914
10101,0.025622553964
10102,0.024853994982
10103,0.023888864748
10104,0.022736593949
10105,0.022113786468
10106,0.021471750236
10107,0.021692736465
10108,0.02177266086
10109,0.022683879119
10110,0.022229646032
10111,0.021776146725
10112,0.022762014068
10113,0.022543134885
10114,0.022762405645
10115,0.02330698424
10116,0.023423302414
10117,0.02382621554
10118,0.024544914764
10119,0.023727261758
10120,0.023907828413
10121,0.024110300519
10122,0.024135300787
10123,0.024105417935
10124,0.02397475446
10125,0.024046658704
10126,0.024072832994
10127,0.024423321157
10128,0.027463461037
10129,0.025336209021
10130,0.02689573397
10131,0.026584060329
10132,0.028778488839
10133,0.029629557496
10134,0.03087638606
10135,0.029610891758
10136,0.030762278945
10137,0.028441224838
10138,0.030076874533
10139,0.032066901565
10140,0.032168577785
10141,0.028612929322
10142,0.029448099327
10143,0.029842537006
10144,0.02944373186
10145,0.02776863955
10146,0.027788570444
10147,0.027299350347
10148,0.02582988456
10149,0.02649283628
10150,0.028582815557
10151,0.02594655181
10152,0.036828685364
10153,0.028358760296
10154,0.028809178092
10155,0.02467676413
10156,0.032984449439
10157,0.029296482064
10158,0.040115582519
10159,0.034014731454
10160,0.033744231436
10161,0.046871088124
10162,0.034349410109
10163,0.61822150125
10164,0.59060057078
10165,0.60932692133
10166,0.59344946143
10167,0.60647915346
10168,0.050775948239
10169,0.043146713192
10170,0.033250836267
10171,0.031864859555
10172,0.028204619907
10173,0.027057731087
10174,0.024196757845
10175,0.021618277693
10176,0.020154230638
10177,0.020281615925
10178,0.018643072345
10179,0.017434045203
10180,0.016803354078
10181,0.016702950619
10182,0.016581719553
10183,0.016785616822
10184,0.017581292987
10185,0.018219440021
10186,0.018469453024
10187,0.018704876514
10188,0.019605787157
10189,0.019324979366
10190,0.019729248178
10191,0.046751214402
10192,0.023369454682
10193,0.022818738134
10194,0.023016370048
10195,0.016999692094
10196,0.015766122716
10197,0.01973301612
10198,0.017176373513
10199,0.016005562905
10200,0.016841608241
10201,0.015805734558
10202,0.017108838827
10203,0.018815696323
10204,0.019699631419
10205,0.021338046918
10206,0.021238044991
10207,0.020094556913
10208,0.025510679435
10209,0.025230520011
10210,0.02412263932
10211,0.022985140634
10212,0.021684174818
10213,0.021403278237
10214,0.020423592827
10215,0.020954012683
10216,0.02816336002
10217,0.027640656158
10218,0.02715648111
10219,0.026910734291
10220,0.026241751574
10221,0.026034533399
10222,0.032991204996
10223,0.0314083924
10224,0.06170400926
10225,0.063196839669
10226,0.062015985616
10227,0.063956762093
10228,0.072240616148
10229,0.071729378386
10230,0.067316210516
10231,0.065086745704
10232,0.06584140482
10233,0.06734183905
10234,0.067371006568
10235,0.068069686652
10236,0.069084576368
10237,0.070377003444
10238,0.071825195449
10239,0.071592608302
10240,0.07254710233
10241,0.072319031361
10242,0.072979599447
10243,0.072005225103
10244,0.072835072771
10245,0.071372148112
10246,0.071091778244
10247,0.071133396064
10248,0.071724832462
10249,0.071503700491
10250,0.071476975058
10251,0.071825405841
10252,0.072167536652
10253,0.072264575199
10254,0.06435120834
10255,0.064264753797
10256,0.049297168014
10257,0.049189634942
10258,0.049400845206
10259,0.048869544277
10260,0.048484004584
10261,0.048671086516
10262,0.048968116892
10263,0.049232126445
10264,0.049111439498
10265,0.034104906772
10266,0.034960332141
10267,0.034416788328
10268,0.037111974487
10269,0.037550822096
10270,0.038186082595
10271,0.039271819299
10272,0.04028283331
10273,0.050546353362
10274,0.051047135041
10275,0.052000199368
10276,0.052249075824
10277,0.052362829497
10278,0.024587336157
10279,0.024553647977
10280,0.028304176109
10281,0.027936892906
10282,0.029221774208
10283,0.029054805884
10284,0.028830862347
10285,0.029001972007
10286,0.02894751481
10287,0.024753405407
10288,0.024942470177
10289,0.024452462143
10290,0.024086262763
10291,0.024057158141
10292,0.024975524885
10293,0.024003848144
10294,0.023714173354
10295,0.023159504755
10296,0.022267176927
10297,0.052116063441
10298,0.04450764357
10299,0.046134320273
10300,0.047720432722
10301,0.04911087367
10302,0.049891988673
10303,0.059355651886
10304,0.059771820736
10305,0.057539417584
10306,0.045731611317
10307,0.059764210273
10308,0.059447126108
10309,0.06007003145
10310,0.060608812454
10311,0.042533190162
10312,0.049092164814
10313,0.025232578111
10314,0.025820561865
10315,0.029330160444
10316,0.029063034945
10317,0.028244300615
10318,0.02831239206
10319,0.024919193018
10320,0.025768872742
10321,0.026657756975
10322,0.026528282199
10323,0.02602588033
10324,0.024103303194
10325,0.024369058096
10326,0.02461687222
10327,0.024775539605
10328,0.023541598848
10329,0.023567437723
10330,0.023838949806
10331,0.024169297032
10332,0.022446925617
10333,0.022267068684
10334,0.022187418214
10335,0.022164684372
10336,0.022108976755
10337,0.022048441088
10338,0.02198408828
10339,0.021933549075
10340,0.021844894284
10341,0.022033501355
10342,0.02250671853
10343,0.022727170808
10344,0.023496178072
10345,0.02418375473
10346,0.046560604501
10347,0.044938510943
10348,0.047085037616
10349,0.02759663568
10350,0.029535067078
10351,0.032522049999
10352,0.029577260588
10353,0.034828150655
10354,0.039043497754
10355,0.042163601061
10356,0.043795857361
10357,0.044410375747
10358,0.04507254974
10359,0.046600992799
10360,0.02418743062
10361,0.026492885284
10362,0.026723785105
10363,0.024005689388
10364,0.024767521191
10365,0.029056672716
10366,0.036499193576
10367,0.062421896451
10368,0.09766538209
10369,0.073071215588
10370,0.054947902402
10371,0.044903409491
10372,0.04093870474
10373,0.033083567433
10374,0.03032243728
10375,0.024190366481
10376,0.022842123222
10377,0.022942938922
10378,0.024704602075
10379,0.027268290311
10380,0.02867835808
10381,0.029298454315
10382,0.029775495084
10383,0.030532325635
10384,0.03164985711
10385,0.032175818911
10386,0.033612255875
10387,0.032422467525
10388,0.032950263629
10389,0.033384558193
10390,0.034018406652
10391,0.034130742209
10392,0.034950480748
10393,0.028063436014
10394,0.027264034907
10395,0.026672586714
10396,0.02600694076
10397,0.02515362627
10398,0.024431033658
10399,0.023270547691
10400,0.022087593883
10401,0.021551421339
10402,0.02094330484
10403,0.020494832324
10404,0.020918495094
10405,0.021081067717
10406,0.021124695012
10407,0.022350832609
10408,0.021868096647
10409,0.021287877899
10410,0.022058986375
10411,0.022295249509
10412,0.024078426827
10413,0.027731663348
10414,0.023696519134
10415,0.02368900179
10416,0.028189820016
10417,0.026985542931
10418,0.023969665694
10419,0.024091130183
10420,0.024089206743
10421,0.024108408776
10422,0.02561716779
10423,0.024068926542
10424,0.024143163004
10425,0.024358833739
10426,0.024676363436
10427,0.027807930343
10428,0.031266781761
10429,0.027876985032
10430,0.029725067184
10431,0.030772157464
10432,0.033618185734
10433,0.031663073153
10434,0.035025891861
10435,0.033787466428
10436,0.03193340762
10437,0.034270893339
10438,0.034491144596
10439,0.033131123621
10440,0.03145886963
10441,0.031643538692
10442,0.029899757477
10443,0.029262719086
10444,0.027217799704
10445,0.031195851362
10446,0.029226595008
10447,0.032139122645
10448,0.035792047922
10449,0.037222319509
10450,0.65582591095
10451,0.6329207166
10452,0.63680855468
10453,0.61714032949
10454,0.63609548888
10455,0.035362037614
10456,0.034797975765
10457,0.034311932055
10458,0.025393642157
10459,0.025213843383
10460,0.021787806148
10461,0.01993995543
10462,0.019171288951
10463,0.018649497975
10464,0.0174794547
10465,0.016619070926
10466,0.016803743681
10467,0.01680660903
10468,0.017103891132
10469,0.017546122289
10470,0.017762855587
10471,0.018224291251
10472,0.018725953258
10473,0.018905862166
10474,0.019342084845
10475,0.018941730901
10476,0.021785045054
10477,0.021418800998
10478,0.021066643418
10479,0.021644420112
10480,0.018574989882
10481,0.020489249335
10482,0.018988514082
10483,0.01919730292
10484,0.017337161623
10485,0.016389221442
10486,0.016136065107
10487,0.015169837999
10488,0.01955827143
10489,0.021010711557
10490,0.021116489925
10491,0.023256769947
10492,0.023368397283
10493,0.024269676116
10494,0.0261178749
10495,0.022912322771
10496,0.022280909834
10497,0.025450866935
10498,0.02473994133
10499,0.024602754656
10500,0.023769273836
10501,0.022857026604
10502,0.022961958985
10503,0.021913312692
10504,0.020803263871
10505,0.020673946268
10506,0.02041475601
10507,0.021156481215
10508,0.0236588127
10509,0.023146880389
10510,0.027774742416
10511,0.027155891136
10512,0.026411623219
10513,0.025624576744
10514,0.025447845423
10515,0.029664305893
10516,0.062560086078
10517,0.07231707724
10518,0.071925662248
10519,0.071575992448
10520,0.066748909939
10521,0.066977976168
10522,0.067635659457
10523,0.068883116543
10524,0.069490252561
10525,0.070861185367
10526,0.072330950881
10527,0.071734920548
10528,0.072203206483
10529,0.072251827576
10530,0.072836781869
10531,0.072471547641
10532,0.072250391055
10533,0.072037442841
10534,0.071880976738
10535,0.07181101253
10536,0.072265138461
10537,0.072443980075
10538,0.071812963899
10539,0.07221550848
10540,0.072614369408
10541,0.049503362018
10542,0.049393808391
10543,0.049428526045
10544,0.049054664764
10545,0.04879861436
10546,0.049462336482
10547,0.049286177752
10548,0.049182790423
10549,0.034818375831
10550,0.035245501987
10551,0.035177278169
10552,0.039795551217
10553,0.040385676446
10554,0.040100047809
10555,0.04093390523
10556,0.041975095686
10557,0.052484505334
10558,0.052790325989
10559,0.0245056487
10560,0.023238272345
10561,0.028608642068
10562,0.028255533154
10563,0.029618675385
10564,0.029281313862
10565,0.029375814523
10566,0.029388332422
10567,0.029074936179
10568,0.025077412639
10569,0.025265131945
10570,0.024382247277
10571,0.024083457925
10572,0.02387044882
10573,0.023832506803
10574,0.023656393672
10575,0.023231042662
10576,0.022283682607
10577,0.021296606798
10578,0.046105501043
10579,0.060263813272
10580,0.062306637058
10581,0.062141509369
10582,0.060707595868
10583,0.059727241711
10584,0.064485554217
10585,0.052334079127
10586,0.027928963987
10587,0.033523738374
10588,0.027766290736
10589,0.025783342418
10590,0.026249440101
10591,0.022183349921
10592,0.022121226051
10593,0.022045139327
10594,0.021968187023
10595,0.021953117946
10596,0.021970857733
10597,0.021955403136
10598,0.022294503403
10599,0.023473004737
10600,0.024108818559
10601,0.026821525205
10602,0.025276605536
10603,0.029755695708
10604,0.034954299949
10605,0.038522525652
10606,0.040966469889
10607,0.043271734076
10608,0.044298336665
10609,0.044506514624
10610,0.04513853304
10611,0.02197868818
10612,0.022539353825
10613,0.023834982717
10614,0.021046261386
10615,0.020986245021
10616,0.022518550253
10617,0.025988366153
10618,0.030506482985
10619,0.045225566965
10620,0.077969648614
10621,0.10182317345
10622,0.091402643703
10623,0.069225211934
10624,0.057853585327
10625,0.0406335539
10626,0.038541776989
10627,0.02849750935
10628,0.025435377325
10629,0.021984039321
10630,0.021473823362
10631,0.02127157264
10632,0.023375884535
10633,0.022315959852
10634,0.024729508303
10635,0.027259557653
10636,0.028219215734
10637,0.028416028019
10638,0.028684915969
10639,0.029167838644
10640,0.030821834842
10641,0.031424409789
10642,0.031706999129
10643,0.033426732187
10644,0.034397570896
10645,0.035480197945
10646,0.027391169517
10647,0.026601801918
10648,0.0259839375
10649,0.025510259802
10650,0.024827391766
10651,0.024016361983
10652,0.0231422308
10653,0.022418081772
10654,0.021386694932
10655,0.020912464292
10656,0.020391529485
10657,0.019762232256
10658,0.019703397133
10659,0.020203561558
10660,0.020507209134
10661,0.020639450345
10662,0.020588715032
10663,0.020870498389
10664,0.021584276776
10665,0.020978736708
10666,0.021248299054
10667,0.021781125676
10668,0.023715860639
10669,0.024932592642
10670,0.029693351524
10671,0.030697501589
10672,0.023898725531
10673,0.027216642774
10674,0.026934687763
10675,0.025108478421
10676,0.024889195803
10677,0.024750850541
10678,0.024281142511
10679,0.026770724098
10680,0.026208402059
10681,0.030707787318
10682,0.032167423151
10683,0.035845627322
10684,0.034436972834
10685,0.035711803799
10686,0.035530887741
10687,0.035139984762
10688,0.034805904484
10689,0.032874569169
10690,0.03355787304
10691,0.028905543228
10692,0.032055630079
10693,0.032361744764
10694,0.086322503509
10695,0.6803260674
10696,0.66343448233
10697,0.66161227522
10698,0.034590447517
10699,0.036115554551
10700,0.035246477712
10701,0.022695046473
10702,0.022707300074
10703,0.020746184919
10704,0.018602805018
10705,0.018434101122
10706,0.017528900686
10707,0.018246424858
10708,0.017645472853
10709,0.016794330314
10710,0.016587304229
10711,0.016597783548
10712,0.016628932407
10713,0.017059281955
10714,0.017238632209
10715,0.017160978341
10716,0.017188704344
10717,0.017445666472
10718,0.017505745195
10719,0.017713344967
10720,0.017840651361
10721,0.018048963452
10722,0.018205559378
10723,0.018315237964
10724,0.018462572162
10725,0.018952580951
10726,0.01921701177
10727,0.019393863334
10728,0.022206646134
10729,0.018147495278
10730,0.021823898859
10731,0.021597251073
10732,0.019462663113
10733,0.021077732562
10734,0.017725459029
10735,0.016170796589
10736,0.016680709744
10737,0.017060538719
10738,0.021848817985
10739,0.024063045208
10740,0.025038358133
10741,0.025902916172
10742,0.026741150861
10743,0.026078339382
10744,0.028102377575
10745,0.025798844492
10746,0.024864860839
10747,0.024878742695
10748,0.024233453821
10749,0.024143796845
10750,0.023635028371
10751,0.023155402133
10752,0.02244614607
10753,0.02186227262
10754,0.021236612967
10755,0.020666287721
10756,0.020053929156
10757,0.019785751898
10758,0.019936403987
10759,0.023264939798
10760,0.022563611092
10761,0.02561197783
10762,0.025176466625
10763,0.024799199824
10764,0.025286174097
10765,0.025704824555
10766,0.025044685466
10767,0.025000230588
10768,0.072180017967
10769,0.072114148222
10770,0.072128409819
10771,0.072007786962
10772,0.072014008087
10773,0.073022918107
10774,0.072736276526
10775,0.072617424593
10776,0.072449527372
10777,0.072454124996
10778,0.072497006637
10779,0.072705103666
10780,0.072818211887
10781,0.071848479907
10782,0.072829040933
10783,0.050054167857
10784,0.049888549667
10785,0.049125441197
10786,0.048741934986
10787,0.048874171096
10788,0.049535604165
10789,0.049332840139
10790,0.035495048685
10791,0.035428404303
10792,0.041804560181
10793,0.041717223439
10794,0.042660280401
10795,0.042480344787
10796,0.043837328866
10797,0.022452347261
10798,0.023027649759
10799,0.028460837719
10800,0.02983025048
10801,0.029570130669
10802,0.029747418228
10803,0.029614917946
10804,0.029284441885
10805,0.025826137559
10806,0.026180964246
10807,0.024324033985
10808,0.024130596957
10809,0.02361335507
10810,0.023734192869
10811,0.023602693405
10812,0.023372538683
10813,0.022458191103
10814,0.02105431761
10815,0.020121082863
10816,0.06418478984
10817,0.06466385367
10818,0.06368274079
10819,0.062650237918
10820,0.064990776481
10821,0.022364207099
10822,0.02219228378
10823,0.022053192842
10824,0.021948911811
10825,0.021908803299
10826,0.021925138519
10827,0.022028630103
10828,0.02235442017
10829,0.022784580509
10830,0.023295875337
10831,0.025695577038
10832,0.024179053942
10833,0.029403027679
10834,0.034620879974
10835,0.038830915591
10836,0.043105662541
10837,0.043481157445
10838,0.044831062788
10839,0.04443289867
10840,0.045059710545
10841,0.045207740428
10842,0.020763065417
10843,0.021473157812
10844,0.022479145468
10845,0.01962556065
10846,0.01968088681
10847,0.021893913558
10848,0.024547170143
10849,0.027881307603
10850,0.037708195273
10851,0.057805831753
10852,0.095432350413
10853,0.10427102095
10854,0.098322342589
10855,0.090935757493
10856,0.05676610557
10857,0.051590941534
10858,0.035567310541
10859,0.027591128764
10860,0.022718665248
10861,0.020498780477
10862,0.02027633703
10863,0.020123408687
10864,0.021028971351
10865,0.022920182487
10866,0.022055376719
10867,0.025859923832
10868,0.024068820283
10869,0.027210581546
10870,0.027305275862
10871,0.027720075249
10872,0.028650993259
10873,0.030147058943
10874,0.030780565975
10875,0.032360073024
10876,0.034183062984
10877,0.03409879536
10878,0.025933354163
10879,0.025480913541
10880,0.024964541109
10881,0.024470591423
10882,0.024064192494
10883,0.02331158835
10884,0.022660402475
10885,0.021957535206
10886,0.020783638502
10887,0.020139624742
10888,0.019927089819
10889,0.019302703821
10890,0.018831409068
10891,0.019083758697
10892,0.019160629365
10893,0.019607463152
10894,0.020007838885
10895,0.020261277297
10896,0.020262235086
10897,0.020266136342
10898,0.020544923634
10899,0.020784642782
10900,0.02138248117
10901,0.021463644726
10902,0.025718211265
10903,0.024719002406
10904,0.028011681688
10905,0.027314979254
10906,0.024697935126
10907,0.030859982796
10908,0.025841144783
10909,0.026774726934
10910,0.026014525963
10911,0.026696586709
10912,0.027653675696
10913,0.029884912231
10914,0.033532971528
10915,0.037238676126
10916,0.036644224565
10917,0.036440072057
10918,0.035775283315
10919,0.035095795554
10920,0.035174704393
10921,0.03434782367
10922,0.035822570195
10923,0.67752600578
10924,0.036769644873
10925,0.035947386297
10926,0.034921673183
10927,0.019970989858
10928,0.018285709711
10929,0.017106404988
10930,0.016448775491
10931,0.016679048373
10932,0.016864504832
10933,0.016725252704
10934,0.017276050907
10935,0.017152029655
10936,0.017454518769
10937,0.017333849998
10938,0.017409795695
10939,0.017769070503
10940,0.017486397954
10941,0.01761132216
10942,0.017775011974
10943,0.017821711033
10944,0.018076228105
10945,0.018165840458
10946,0.018345459607
10947,0.018388586165
10948,0.018453066609
10949,0.018846127917
10950,0.018985332653
10951,0.019234558183
10952,0.019316055433
10953,0.019368405189
10954,0.020389666953
10955,0.021838941696
10956,0.022641268353
10957,0.021374789326
10958,0.021374664408
10959,0.019614664092
10960,0.019389061119
10961,0.020281771808
10962,0.019018061676
10963,0.020642530001
10964,0.023292628559
10965,0.02634936412
10966,0.026333683776
10967,0.027341381639
10968,0.027622090292
10969,0.027326442308
10970,0.027986989017
10971,0.026994980632
10972,0.027939703393
10973,0.028123868424
10974,0.02698707072
10975,0.024348715079
10976,0.023676465457
10977,0.023060201066
10978,0.022399107865
10979,0.021700073277
10980,0.021182836243
10981,0.020744349591
10982,0.020178207877
10983,0.019783783804
10984,0.019314045103
10985,0.020071528417
10986,0.019497003972
10987,0.021814031087
10988,0.02480199511
10989,0.024263753766
10990,0.028804131538
10991,0.025916535843
10992,0.027939678899
10993,0.026483853113
10994,0.024650410647
10995,0.024404443176
10996,0.072909174696
10997,0.0727691328
10998,0.072678057155
10999,0.072699823394
11000,0.072677151607
11001,0.072721106549
11002,0.072600532672
11003,0.072742006887
11004,0.072694967702
11005,0.072752611362
11006,0.050174458364
11007,0.050288171029
11008,0.050417390912
11009,0.04905102544
11010,0.04871364269
11011,0.048525963888
11012,0.048506658634
11013,0.049024221171
11014,0.048720374501
11015,0.049679664817
11016,0.049421458134
11017,0.04360435687
11018,0.043725133057
11019,0.043852410305
11020,0.04451141501
11021,0.023124555362
11022,0.023312876028
11023,0.030220783188
11024,0.030022018887
11025,0.030076398948
11026,0.029949539451
11027,0.029591834154
11028,0.026574000561
11029,0.026958382463
11030,0.024491349279
11031,0.024222631368
11032,0.024136874114
11033,0.02482374862
11034,0.023653752271
11035,0.023481947341
11036,0.023503081137
11037,0.021085927262
11038,0.020696574279
11039,0.020205080444
11040,0.020759080637
11041,0.065141685703
11042,0.065917804929
11043,0.065269143215
11044,0.065392317421
11045,0.022251735606
11046,0.022076755651
11047,0.02216403306
11048,0.022046884974
11049,0.021909019431
11050,0.021909398104
11051,0.022374300158
11052,0.022648981414
11053,0.023358483533
11054,0.026465568356
11055,0.025223402991
11056,0.023396983977
11057,0.030077875051
11058,0.036187022956
11059,0.043905596858
11060,0.047371614561
11061,0.046095930863
11062,0.046650526027
11063,0.045644262295
11064,0.045175584301
11065,0.018969836791
11066,0.019792249808
11067,0.020053741919
11068,0.021213869022
11069,0.021848383806
11070,0.022340530387
11071,0.022672001806
11072,0.018444166859
11073,0.018511261155
11074,0.020164618212
11075,0.022318462835
11076,0.025346170992
11077,0.032671350638
11078,0.045734884253
11079,0.07113901214
11080,0.10364222131
11081,0.10088971908
11082,0.096176002207
11083,0.084235781589
11084,0.078494478684
11085,0.049240490632
11086,0.035847120071
11087,0.030750489309
11088,0.025406564415
11089,0.022500161681
11090,0.020809305213
11091,0.019161067601
11092,0.018949115773
11093,0.01989518306
11094,0.021499779513
11095,0.020619825248
11096,0.02308418354
11097,0.022375782584
11098,0.026071288459
11099,0.024531098143
11100,0.026353082462
11101,0.027107845249
11102,0.027844758646
11103,0.029770867514
11104,0.03168156428
11105,0.032205317175
11106,0.024079396319
11107,0.02353973316
11108,0.022896770915
11109,0.022608495987
11110,0.022250161486
11111,0.021399962486
11112,0.020442388064
11113,0.019761893994
11114,0.019076503376
11115,0.019229948721
11116,0.018395233828
11117,0.01831214925
11118,0.018124908861
11119,0.018494510121
11120,0.018683957494
11121,0.019152878887
11122,0.018792703016
11123,0.019672330085
11124,0.019317698578
11125,0.019903544166
11126,0.020010331314
11127,0.027953284723
11128,0.026562034406
11129,0.026015738919
11130,0.025841729472
11131,0.026274075441
11132,0.026912943182
11133,0.028881870883
11134,0.02860507043
11135,0.028755204845
11136,0.02844491239
11137,0.032859306267
11138,0.03223484978
11139,0.037181885679
11140,0.037362424696
11141,0.037332780604
11142,0.036764680827
11143,0.03640787901
11144,0.036714683197
11145,0.037093251901
11146,0.038665662269
11147,0.038815734141
11148,0.039226079898
11149,0.017652965903
11150,0.016631907794
11151,0.015508554177
11152,0.015637141468
11153,0.015074794564
11154,0.01655179916
11155,0.016438958476
11156,0.016805188637
11157,0.016768669624
11158,0.017203196793
11159,0.018017375162
11160,0.016945041105
11161,0.017959895447
11162,0.01780464557
11163,0.018028647023
11164,0.018314752065
11165,0.017628461581
11166,0.017724104597
11167,0.017669840314
11168,0.017766667238
11169,0.017770572084
11170,0.018058219455
11171,0.018281918698
11172,0.018382000398
11173,0.018490268248
11174,0.018671422288
11175,0.018640271772
11176,0.018829895642
11177,0.019087314659
11178,0.019374409121
11179,0.019442940134
11180,0.019593728075
11181,0.019610686807
11182,0.020857649654
11183,0.021394405591
11184,0.022187900461
11185,0.022604348936
11186,0.023462459478
11187,0.023253450124
11188,0.021260439952
11189,0.021207993546
11190,0.019479542232
11191,0.020531725916
11192,0.02211418981
11193,0.022979396067
11194,0.02447785153
11195,0.02443905637
11196,0.025755732784
11197,0.027155891018
11198,0.026712654549
11199,0.027493275752
11200,0.027873116044
11201,0.028373868157
11202,0.028811711204
11203,0.027845776038
11204,0.028298417099
11205,0.027174077902
11206,0.023839133345
11207,0.023162632758
11208,0.022494318998
11209,0.021774232651
11210,0.021126007662
11211,0.02095694586
11212,0.020525616859
11213,0.019907052619
11214,0.019479773338
11215,0.019003642431
11216,0.019346664577
11217,0.021353023402
11218,0.02091348507
11219,0.023009477185
11220,0.026191297683
11221,0.026643838257
11222,0.024754647283
11223,0.026335169144
11224,0.030489873999
11225,0.02699741828
11226,0.029264601732
11227,0.027728955789
11228,0.02433017394
11229,0.023478398442
11230,0.072827380838
11231,0.072760110337
11232,0.072728356865
11233,0.072707190229
11234,0.072631090702
11235,0.072748768481
11236,0.050285496456
11237,0.050519357997
11238,0.050595735212
11239,0.049300017847
11240,0.049039974092
11241,0.048371046465
11242,0.04834337183
11243,0.048600328183
11244,0.048222446396
11245,0.048074875798
11246,0.048375185369
11247,0.048260192873
11248,0.049990366455
11249,0.0496998812
11250,0.044125791886
11251,0.044561850252
11252,0.023355030082
11253,0.024722991553
11254,0.030426677065
11255,0.030374677078
11256,0.03025830728
11257,0.029639817919
11258,0.027388744565
11259,0.02773071426
11260,0.024633805752
11261,0.02451009797
11262,0.025617889938
11263,0.029098268375
11264,0.022883379469
11265,0.022144522331
11266,0.022972131641
11267,0.066033828908
11268,0.065988847995
11269,0.02295769886
11270,0.022338479377
11271,0.022601267036
11272,0.02224960795
11273,0.021954086154
11274,0.02224978702
11275,0.022466676773
11276,0.02445973795
11277,0.024763228322
11278,0.023467345577
11279,0.028187017217
11280,0.030388533856
11281,0.033876083653
11282,0.04003717211
11283,0.046250293258
11284,0.048718898945
11285,0.049880936805
11286,0.047462579327
11287,0.018306158454
11288,0.018942981764
11289,0.020164786909
11290,0.021209422711
11291,0.023512912348
11292,0.026098606154
11293,0.017670983683
11294,0.017246894334
11295,0.018743045644
11296,0.020785532501
11297,0.022428495058
11298,0.027412547113
11299,0.035108003818
11300,0.047868168901
11301,0.069932230311
11302,0.065455581687
11303,0.06299772466
11304,0.095668538601
11305,0.096529045262
11306,0.074624531443
11307,0.050192713749
11308,0.039587897804
11309,0.03289271529
11310,0.027032225894
11311,0.023228967398
11312,0.020968451357
11313,0.018790805186
11314,0.018236699395
11315,0.019130666091
11316,0.019978082452
11317,0.021849938446
11318,0.021184204611
11319,0.020470803441
11320,0.023019823324
11321,0.023723951091
11322,0.02246449745
11323,0.025108487527
11324,0.026688923742
11325,0.028552853428
11326,0.029002417239
11327,0.033831765249
11328,0.023687439977
11329,0.023146077822
11330,0.022589047302
11331,0.022049491537
11332,0.02155358853
11333,0.020955523001
11334,0.019928331966
11335,0.019292965747
11336,0.018827297437
11337,0.018007166873
11338,0.01819914111
11339,0.017354270544
11340,0.017481197102
11341,0.017384981216
11342,0.017457685091
11343,0.017980975482
11344,0.018239807476
11345,0.018472992062
11346,0.018883590031
11347,0.018480794977
11348,0.019494485977
11349,0.019144680582
11350,0.019633746744
11351,0.027500771606
11352,0.027652685392
11353,0.028009480583
11354,0.027508763159
11355,0.027293944926
11356,0.029692567816
11357,0.030601882372
11358,0.030474383422
11359,0.030022902661
11360,0.029666537609
11361,0.030259196343
11362,0.032922798439
11363,0.039055347963
11364,0.039113438012
11365,0.038005692698
11366,0.03744538846
11367,0.03740596951
11368,0.038549492136
11369,0.043126974566
11370,0.041733853781
11371,0.041807336839
11372,0.016349029292
11373,0.015037044839
11374,0.014204038137
11375,0.01555479546
11376,0.015040350827
11377,0.015846199114
11378,0.016108897641
11379,0.017261870675
11380,0.015791794153
11381,0.016171484601
11382,0.017119139657
11383,0.016760912502
11384,0.017299937627
11385,0.016789628958
11386,0.016859246062
11387,0.018241090689
11388,0.017720799452
11389,0.018093018893
11390,0.018386866026
11391,0.018329552596
11392,0.018271648456
11393,0.018581637582
11394,0.018637813817
11395,0.018725583391
11396,0.018699927487
11397,0.018797559593
11398,0.018899485774
11399,0.018899615922
11400,0.019525420083
11401,0.019933824313
11402,0.019407766772
11403,0.019797474325
11404,0.019826448785
11405,0.019631936528
11406,0.019797053412
11407,0.020516458033
11408,0.020740316003
11409,0.021078564433
11410,0.021875503499
11411,0.022412347176
11412,0.022408418983
11413,0.022366798124
11414,0.023080544202
11415,0.021027918159
11416,0.022245441636
11417,0.021934592834
11418,0.022192396812
11419,0.023037715205
11420,0.024858959556
11421,0.026288390337
11422,0.026455930529
11423,0.026827270508
11424,0.027030817994
11425,0.027122322958
11426,0.027380708691
11427,0.028001461024
11428,0.027903814389
11429,0.028442780802
11430,0.027977125464
11431,0.022123134792
11432,0.021777339231
11433,0.021171796036
11434,0.020664027979
11435,0.020391870199
11436,0.019690648075
11437,0.019284637068
11438,0.018855776517
11439,0.019184067873
11440,0.020228823952
11441,0.021389300856
11442,0.022941711176
11443,0.027417170977
11444,0.027373652155
11445,0.028163820787
11446,0.025052580422
11447,0.027235507004
11448,0.028705447707
11449,0.028794198047
11450,0.028725093411
11451,0.030106851975
11452,0.029084290625
11453,0.023393381827
11454,0.050817631606
11455,0.050866573085
11456,0.049376465478
11457,0.04835521416
11458,0.048052392605
11459,0.048223022959
11460,0.048811406916
11461,0.048211384954
11462,0.047741905407
11463,0.047909279405
11464,0.047415179688
11465,0.050741272205
11466,0.050161337701
11467,0.049606985309
11468,0.026040636557
11469,0.027287825016
11470,0.030599927758
11471,0.030624725617
11472,0.030675907078
11473,0.030403128254
11474,0.029915581669
11475,0.028046331045
11476,0.028554323219
11477,0.028256641433
11478,0.025355027079
11479,0.02494533122
11480,0.024934780804
11481,0.02817815451
11482,0.030895962104
11483,0.032853405746
11484,0.033957910159
11485,0.026158268739
11486,0.025514951469
11487,0.024257816058
11488,0.025089890703
11489,0.02680681036
11490,0.026515337332
11491,0.027709312717
11492,0.02721507804
11493,0.030037999929
11494,0.037088975706
11495,0.042491554295
11496,0.046260561095
11497,0.049836175856
11498,0.04926856126
11499,0.050545712639
11500,0.018106885718
11501,0.018455559693
11502,0.018696542584
11503,0.019249785654
11504,0.020412271653
11505,0.022193889196
11506,0.024766751607
11507,0.029576810697
11508,0.030220042405
11509,0.017333290847
11510,0.017001715752
11511,0.016831843588
11512,0.017799612479
11513,0.019033950915
11514,0.01985040527
11515,0.023300230391
11516,0.028186501782
11517,0.03526176246
11518,0.046418983419
11519,0.043712358766
11520,0.043095258425
11521,0.067143759609
11522,0.07360257358
11523,0.099072775255
11524,0.078921501791
11525,0.055479087791
11526,0.042200400709
11527,0.033498105915
11528,0.027775408157
11529,0.023502619438
11530,0.020254037546
11531,0.018217406322
11532,0.017295586604
11533,0.018186941378
11534,0.019640619419
11535,0.019254499636
11536,0.020370567159
11537,0.022105446425
11538,0.021527525292
11539,0.021889577417
11540,0.020812661298
11541,0.021338992635
11542,0.020827923498
11543,0.022920316006
11544,0.025334699228
11545,0.025208891651
11546,0.022918435525
11547,0.026352983229
11548,0.033900740398
11549,0.023235795184
11550,0.02288760723
11551,0.022443417493
11552,0.022056931825
11553,0.021583457694
11554,0.021009341487
11555,0.019942122619
11556,0.018745928347
11557,0.018280435416
11558,0.018093766001
11559,0.017920157629
11560,0.017059974554
11561,0.01717269691
11562,0.016427228768
11563,0.016826703783
11564,0.016698710548
11565,0.016717648171
11566,0.016901735262
11567,0.016875927862
11568,0.017587207609
11569,0.017119487684
11570,0.017862474914
11571,0.018187839272
11572,0.017908114931
11573,0.018520037097
11574,0.018826115044
11575,0.018148571493
11576,0.019251519263
11577,0.028694215289
11578,0.02944979807
11579,0.029129846476
11580,0.029195100322
11581,0.02955000578
11582,0.030330976315
11583,0.029990194374
11584,0.030444103316
11585,0.030347580653
11586,0.030855951461
11587,0.030630077462
11588,0.031732221951
11589,0.0398003267
11590,0.041064166545
11591,0.039497680224
11592,0.038777121932
11593,0.038597656467
11594,0.046387135209
11595,0.046153267214
11596,0.01471206367
11597,0.013728336842
11598,0.015756195501
11599,0.015676546738
11600,0.013641623564
11601,0.0147983397
11602,0.013927278499
11603,0.0156871785
11604,0.017003676618
11605,0.014849342482
11606,0.016783387699
11607,0.016747665624
11608,0.016408885204
11609,0.016219157039
11610,0.01675421821
11611,0.015903390845
11612,0.015565763429
11613,0.015601468049
11614,0.016374265902
11615,0.016524615898
11616,0.017973830656
11617,0.018242153738
11618,0.018416877566
11619,0.01868759166
11620,0.018533146325
11621,0.018605753472
11622,0.018569562044
11623,0.0186907876
11624,0.018820070006
11625,0.018791043922
11626,0.019225933372
11627,0.0194406872
11628,0.019777031588
11629,0.020316054769
11630,0.020278246274
11631,0.019986668933
11632,0.019799347213
11633,0.019985353869
11634,0.01995171523
11635,0.019905872604
11636,0.020484085323
11637,0.020359441809
11638,0.020503503328
11639,0.020709178324
11640,0.021233203249
11641,0.021561362816
11642,0.022219879623
11643,0.022247971083
11644,0.021594026872
11645,0.02225570258
11646,0.022557767699
11647,0.022651969785
11648,0.023331565422
11649,0.024768221151
11650,0.025396511981
11651,0.026493528655
11652,0.026371802044
11653,0.027160294242
11654,0.026904843349
11655,0.027236451188
11656,0.027447625519
11657,0.027724664294
11658,0.028224833872
11659,0.028273907562
11660,0.028736219446
11661,0.021307285271
11662,0.020734255422
11663,0.020462690454
11664,0.020090146397
11665,0.019509740582
11666,0.019075012725
11667,0.018713962895
11668,0.018645262206
11669,0.019427994667
11670,0.020219208171
11671,0.021491481688
11672,0.023910472697
11673,0.028517023165
11674,0.029551365815
11675,0.026413776767
11676,0.028987123607
11677,0.030818027174
11678,0.030141426119
11679,0.031049459116
11680,0.029804070281
11681,0.028106084725
11682,0.029573181817
11683,0.030029202689
11684,0.030722450764
11685,0.030910519437
11686,0.030516689791
11687,0.051137230873
11688,0.051269771167
11689,0.051184945751
11690,0.050787354729
11691,0.047927401328
11692,0.048026353658
11693,0.051403754315
11694,0.050831471143
11695,0.049905190438
11696,0.027249917883
11697,0.027860165117
11698,0.031516328924
11699,0.031020200217
11700,0.031083333605
11701,0.030802759533
11702,0.030580280382
11703,0.028578717324
11704,0.028163659519
11705,0.026664137697
11706,0.026304961542
11707,0.025584667344
11708,0.036676649356
11709,0.036140744806
11710,0.028274436755
11711,0.027430029715
11712,0.026325115689
11713,0.027298606144
11714,0.029179778714
11715,0.02713976903
11716,0.03001424943
11717,0.031345342276
11718,0.035223336172
11719,0.039883411733
11720,0.043543123121
11721,0.048877505935
11722,0.050809613882
11723,0.051211414506
11724,0.051344460073
11725,0.017780889018
11726,0.017386193567
11727,0.018219592458
11728,0.018997604057
11729,0.019253838518
11730,0.020190646177
11731,0.025613660587
11732,0.030526497585
11733,0.028093126787
11734,0.03388285401
11735,0.017034683777
11736,0.01685564374
11737,0.016724901849
11738,0.016726989794
11739,0.017416066414
11740,0.0177561061
11741,0.020172340068
11742,0.023335078182
11743,0.027781879621
11744,0.033860727679
11745,0.031542121764
11746,0.032383398779
11747,0.046229882239
11748,0.049785731241
11749,0.073273116767
11750,0.10143243279
11751,0.086568705589
11752,0.058570353929
11753,0.043473318075
11754,0.033157865333
11755,0.02738260408
11756,0.024445508649
11757,0.02157893743
11758,0.018791626547
11759,0.017249127292
11760,0.016251540209
11761,0.017511287279
11762,0.018418193182
11763,0.020499189231
11764,0.019810023076
11765,0.019243476852
11766,0.022575319531
11767,0.021656738834
11768,0.021739637419
11769,0.021331496944
11770,0.021280121751
11771,0.021479302621
11772,0.020944049798
11773,0.023849765068
11774,0.026353092522
11775,0.025939038887
11776,0.022734519441
11777,0.022361454702
11778,0.021957837032
11779,0.021661527646
11780,0.021269309817
11781,0.019730271796
11782,0.020634299338
11783,0.018958351222
11784,0.017725456593
11785,0.017589721649
11786,0.017298775177
11787,0.016760066663
11788,0.016259090075
11789,0.016327422645
11790,0.015507158139
11791,0.015635247112
11792,0.01621917024
11793,0.016102558
11794,0.016244826816
11795,0.016378198469
11796,0.016609401296
11797,0.016528227777
11798,0.016729257723
11799,0.017586031244
11800,0.017326066837
11801,0.01707760791
11802,0.016678719192
11803,0.017890431516
11804,0.017616842633
11805,0.029637515154
11806,0.03006912182
11807,0.030513815204
11808,0.030112421626
11809,0.029831618225
11810,0.030275540775
11811,0.030109495086
11812,0.030084425338
11813,0.030439630742
11814,0.030861181725
11815,0.032608014842
11816,0.040796086029
11817,0.040674913973
11818,0.050512208297
11819,0.050344272336
11820,0.014185324469
11821,0.013652363095
11822,0.013476011911
11823,0.013798101775
11824,0.01446389393
11825,0.014737060522
11826,0.014250532555
11827,0.013462230539
11828,0.015726692691
11829,0.016117758149
11830,0.014571144872
11831,0.016175869418
11832,0.014556107148
11833,0.015012870311
11834,0.014746658936
11835,0.014800109952
11836,0.01503216024
11837,0.015774529502
11838,0.015813242454
11839,0.016263331688
11840,0.016827860558
11841,0.017575412283
11842,0.018265300786
11843,0.018487902986
11844,0.018163055877
11845,0.018242571663
11846,0.018227491682
11847,0.017894365922
11848,0.01917603114
11849,0.019851602938
11850,0.018908417683
11851,0.019060417458
11852,0.019027893071
11853,0.019788540367
11854,0.020001845416
11855,0.020065537724
11856,0.020620948699
11857,0.020494996945
11858,0.020309302577
11859,0.020366708852
11860,0.020158294883
11861,0.020208947889
11862,0.020584985232
11863,0.020180575092
11864,0.020026865211
11865,0.020275839951
11866,0.020402547512
11867,0.020488882184
11868,0.020725429378
11869,0.021039440603
11870,0.021105543836
11871,0.021794543341
11872,0.022221033171
11873,0.022526042849
11874,0.022437758924
11875,0.02257593991
11876,0.023252687102
11877,0.024261020159
11878,0.024851444568
11879,0.02481681293
11880,0.025415426863
11881,0.0257788272
11882,0.026244360596
11883,0.02687793482
11884,0.025718827535
11885,0.027669381096
11886,0.026830333592
11887,0.027603054617
11888,0.02795903418
11889,0.028044821347
11890,0.028265041526
11891,0.028526295211
11892,0.028899433543
11893,0.019887686414
11894,0.019079299878
11895,0.018794070144
11896,0.018812351577
11897,0.019107913357
11898,0.019671955602
11899,0.020673039235
11900,0.02196100551
11901,0.023335041692
11902,0.026397811529
11903,0.030939479637
11904,0.030180407221
11905,0.03234251799
11906,0.034134299285
11907,0.033871845537
11908,0.031876544889
11909,0.031136390737
11910,0.032131095277
11911,0.036927255262
11912,0.030629438857
11913,0.032516450741
11914,0.032253268422
11915,0.032317748629
11916,0.031694100649
11917,0.051241271772
11918,0.051385896602
11919,0.051380804816
11920,0.051200424459
11921,0.052021232419
11922,0.051384302673
11923,0.051112353881
11924,0.050332078373
11925,0.027802340552
11926,0.028351623758
11927,0.032320477738
11928,0.031711528456
11929,0.031555335233
11930,0.031260914794
11931,0.030768714767
11932,0.028118617639
11933,0.027416748311
11934,0.027824456848
11935,0.027999593332
11936,0.027934478385
11937,0.028817709706
11938,0.030356498442
11939,0.029414156207
11940,0.02861155623
11941,0.030736642034
11942,0.028314312113
11943,0.031329161375
11944,0.038680386268
11945,0.044095997841
11946,0.040280641651
11947,0.047720346601
11948,0.050467139037
11949,0.050584028636
11950,0.051837125317
11951,0.052022663006
11952,0.017262072341
11953,0.017659750546
11954,0.017047080929
11955,0.018142818298
11956,0.0187190108
11957,0.019408837694
11958,0.020399645357
11959,0.020579956154
11960,0.031252913316
11961,0.030282531497
11962,0.03365143815
11963,0.03704638519
11964,0.016904554327
11965,0.016809748141
11966,0.016658224293
11967,0.016500857366
11968,0.016365834441
11969,0.016249374112
11970,0.017696925675
11971,0.019880679082
11972,0.022734789644
11973,0.02625506924
11974,0.024933208575
11975,0.027642499675
11976,0.036230766806
11977,0.036753789913
11978,0.049024777453
11979,0.070157658089
11980,0.10118967933
11981,0.093042385689
11982,0.059352078557
11983,0.04133222971
11984,0.030899544622
11985,0.026948273204
11986,0.024131484777
11987,0.022925969018
11988,0.02005651188
11989,0.017888277649
11990,0.017195356374
11991,0.01609328596
11992,0.015913461791
11993,0.016885776733
11994,0.01755092197
11995,0.018216981364
11996,0.02113715448
11997,0.020072109742
11998,0.019750782698
11999,0.021991839015
12000,0.021695603762
12001,0.021880133275
12002,0.021141670412
12003,0.020465026189
12004,0.016942860742
12005,0.016604848329
12006,0.015732834308
12007,0.016197066665
12008,0.015927727466
12009,0.015202689717
12010,0.015567413689
12011,0.014874529414
12012,0.014690838136
12013,0.014966620527
12014,0.015693253579
12015,0.015110532252
12016,0.015754076656
12017,0.015976122219
12018,0.015986361878
12019,0.016290324814
12020,0.016191971899
12021,0.01654589183
12022,0.017330436699
12023,0.030072893675
12024,0.029409526487
12025,0.030528076248
12026,0.031060404569
12027,0.03077021304
12028,0.030858088686
12029,0.030619215039
12030,0.029927892525
12031,0.029805323693
12032,0.030105124287
12033,0.031275246659
12034,0.055969525797
12035,0.058041298177
12036,0.014155140972
12037,0.013746895668
12038,0.014155420789
12039,0.013805369796
12040,0.014058552718
12041,0.014797613461
12042,0.015453950488
12043,0.016144340168
12044,0.015528382522
12045,0.014708021829
12046,0.015065049395
12047,0.014950765399
12048,0.014267510346
12049,0.014427049544
12050,0.014325158682
12051,0.014924968286
12052,0.015388812545
12053,0.015659535576
12054,0.015907114967
12055,0.016241374242
12056,0.016837722616
12057,0.017464873707
12058,0.018081985006
12059,0.018364785768
12060,0.018191969918
12061,0.017647233322
12062,0.018587832158
12063,0.018203407031
12064,0.019052959435
12065,0.019396369387
12066,0.018788308189
12067,0.019879893181
12068,0.018767193012
12069,0.019159831027
12070,0.019849277142
12071,0.020702580946
12072,0.020493479934
12073,0.020443536992
12074,0.020381941006
12075,0.020442451934
12076,0.020684844775
12077,0.020762371406
12078,0.020535422124
12079,0.020580421044
12080,0.020644213631
12081,0.02070890576
12082,0.021065726494
12083,0.021419443987
12084,0.022000484193
12085,0.022708709025
12086,0.023582430347
12087,0.024794925512
12088,0.025080524845
12089,0.025159080939
12090,0.02612632023
12091,0.026479987733
12092,0.027114926478
12093,0.02663263451
12094,0.027604576446
12095,0.027308623566
12096,0.02615311573
12097,0.028283610594
12098,0.028234240106
12099,0.02851719682
12100,0.028558305132
12101,0.018558765376
12102,0.018687923964
12103,0.019389574184
12104,0.019999340563
12105,0.020920645267
12106,0.023042375517
12107,0.024659649411
12108,0.02724853526
12109,0.032347794012
12110,0.031332581169
12111,0.033606420047
12112,0.036068605531
12113,0.037973783544
12114,0.034201053163
12115,0.037294012491
12116,0.032130018599
12117,0.031920583847
12118,0.037563708766
12119,0.043297347724
12120,0.039291700298
12121,0.042223844414
12122,0.033557905722
12123,0.033808388155
12124,0.033158100142
12125,0.032890754383
12126,0.051634252376
12127,0.051580179907
12128,0.051605809848
12129,0.051253830168
12130,0.051627139112
12131,0.052001358296
12132,0.051389890979
12133,0.028217476662
12134,0.028807096398
12135,0.032206153451
12136,0.031988871919
12137,0.031854691675
12138,0.03155481083
12139,0.031339466224
12140,0.02754826457
12141,0.027028542455
12142,0.028937703234
12143,0.028964455595
12144,0.031319398348
12145,0.032934343761
12146,0.031259334697
12147,0.030951720243
12148,0.03059461801
12149,0.031975027108
12150,0.032544175157
12151,0.042813977586
12152,0.046591494049
12153,0.049622656257
12154,0.05030345747
12155,0.050966313244
12156,0.051537658784
12157,0.017114733608
12158,0.017414794531
12159,0.017475924156
12160,0.016988645952
12161,0.017863326964
12162,0.018363435408
12163,0.019154933245
12164,0.020222192261
12165,0.020042725083
12166,0.025170206794
12167,0.027889154118
12168,0.034588844811
12169,0.036388937579
12170,0.039768316396
12171,0.016883011719
12172,0.016768555653
12173,0.016589493337
12174,0.016443982381
12175,0.016351553327
12176,0.016252493871
12177,0.016112268779
12178,0.017191132681
12179,0.019182279201
12180,0.021361268362
12181,0.02189293763
12182,0.023873274961
12183,0.028912691354
12184,0.030003643564
12185,0.036863812978
12186,0.047676753734
12187,0.065265530343
12188,0.092965074329
12189,0.091432621921
12190,0.058423577585
12191,0.038779642878
12192,0.028337867218
12193,0.024525656357
12194,0.022818899039
12195,0.021003578515
12196,0.018467309891
12197,0.016761752037
12198,0.016258296848
12199,0.015362523127
12200,0.01656814423
12201,0.015122747641
12202,0.021695095986
12203,0.022678172317
12204,0.015895136739
12205,0.014901050482
12206,0.014048220329
12207,0.01487402927
12208,0.01509181689
12209,0.014357767849
12210,0.014311570036
12211,0.014744752803
12212,0.014310357893
12213,0.014409420211
12214,0.014149021925
12215,0.014402513882
12216,0.014553007249
12217,0.015332578407
12218,0.014606999881
12219,0.01498724148
12220,0.015366157515
12221,0.015670720561
12222,0.015680510394
12223,0.016054846405
12224,0.030141071696
12225,0.029729996937
12226,0.0304781227
12227,0.03084340387
12228,0.031000949461
12229,0.030775745083
12230,0.030479556463
12231,0.030390499333
12232,0.03000207774
12233,0.030359798607
12234,0.031650065536
12235,0.058874040096
12236,0.059476148478
12237,0.014172151733
12238,0.013671586047
12239,0.013710259308
12240,0.013389820401
12241,0.013588904126
12242,0.014041608456
12243,0.014574388857
12244,0.014758486472
12245,0.015057212195
12246,0.01501470735
12247,0.014612162992
12248,0.014520666123
12249,0.014625279729
12250,0.014765273168
12251,0.013815550727
12252,0.014167430623
12253,0.014561251753
12254,0.015190087352
12255,0.015623443156
12256,0.015901532355
12257,0.016120464579
12258,0.016447001694
12259,0.016489259522
12260,0.016888924516
12261,0.018375453438
12262,0.018467903291
12263,0.018561022008
12264,0.018835519424
12265,0.017152692194
12266,0.018901657589
12267,0.019133741978
12268,0.018397716984
12269,0.017283561552
12270,0.018309010997
12271,0.018693747627
12272,0.019070771168
12273,0.019959720755
12274,0.020226326923
12275,0.019890489809
12276,0.020617578792
12277,0.020125172587
12278,0.02056517826
12279,0.020698799119
12280,0.020824172463
12281,0.020514763185
12282,0.0202017793
12283,0.020959704598
12284,0.020707485063
12285,0.020907157437
12286,0.021289823225
12287,0.021767118703
12288,0.022345529786
12289,0.022332147933
12290,0.023687715758
12291,0.024512960666
12292,0.02488417759
12293,0.025045899476
12294,0.025830434416
12295,0.026593361527
12296,0.027231803022
12297,0.027354714197
12298,0.02787606708
12299,0.027576472022
12300,0.029002615718
12301,0.027716567168
12302,0.027623767407
12303,0.030050549199
12304,0.028786292807
12305,0.028319531056
12306,0.028669698658
12307,0.018613442788
12308,0.018674062276
12309,0.020576061146
12310,0.021893775329
12311,0.024343587512
12312,0.025598768327
12313,0.028014083412
12314,0.034142102224
12315,0.030740226301
12316,0.036912662319
12317,0.034901271228
12318,0.040661479198
12319,0.040771833938
12320,0.043328592417
12321,0.036620609297
12322,0.040654030298
12323,0.033104192081
12324,0.047703905942
12325,0.040158243404
12326,0.042489333741
12327,0.042466439025
12328,0.034567054842
12329,0.037012543838
12330,0.034118535617
12331,0.034178038855
12332,0.052021105496
12333,0.051989411496
12334,0.05180137378
12335,0.051622884588
12336,0.051298770198
12337,0.051808057621
12338,0.052229164064
12339,0.051696447679
12340,0.050898665686
12341,0.02858297006
12342,0.029361016856
12343,0.032488955185
12344,0.032455996041
12345,0.031961310467
12346,0.027559854503
12347,0.027583632596
12348,0.029548410178
12349,0.029290090128
12350,0.036902366344
12351,0.038504716051
12352,0.03233479899
12353,0.032088004946
12354,0.03189790981
12355,0.032838902612
12356,0.033103820396
12357,0.033554056967
12358,0.043263070875
12359,0.045690812732
12360,0.048269084233
12361,0.049047211154
12362,0.050277888616
12363,0.051434369711
12364,0.017021758217
12365,0.017149748361
12366,0.017376963385
12367,0.017525592307
12368,0.016931158295
12369,0.017797720564
12370,0.018117189972
12371,0.018700951615
12372,0.019901869997
12373,0.021479398843
12374,0.027164097555
12375,0.029483311279
12376,0.032591275139
12377,0.035352623817
12378,0.038842196905
12379,0.041725811865
12380,0.016835763288
12381,0.016721505398
12382,0.016609254569
12383,0.016459384362
12384,0.016359834763
12385,0.01625766985
12386,0.016123982986
12387,0.01594807635
12388,0.0173688355
12389,0.019167459229
12390,0.020624327734
12391,0.021848205197
12392,0.025269997157
12393,0.025714694514
12394,0.029406030636
12395,0.035639232093
12396,0.044558530058
12397,0.05518031149
12398,0.076600588702
12399,0.085498521982
12400,0.057500677469
12401,0.037822159461
12402,0.026906747622
12403,0.021955101
12404,0.020453573361
12405,0.0202353806
12406,0.018634152652
12407,0.016826914599
12408,0.015807549799
12409,0.015817136449
12410,0.015312194389
12411,0.015222192629
12412,0.014857035073
12413,0.014637592732
12414,0.014230972055
12415,0.013984785846
12416,0.01321747471
12417,0.013767672301
12418,0.014011484654
12419,0.014466131619
12420,0.014002683459
12421,0.013834692048
12422,0.013703540594
12423,0.013795178778
12424,0.014085174035
12425,0.013718368262
12426,0.013843699877
12427,0.013805254689
12428,0.013901601836
12429,0.014057894689
12430,0.014279851945
12431,0.015078407046
12432,0.014785152465
12433,0.014219891655
12434,0.014507092798
12435,0.015070587507
12436,0.015374212031
12437,0.03058942423
12438,0.030440926404
12439,0.030561425833
12440,0.030806934859
12441,0.030499494999
12442,0.030250519174
12443,0.030257745008
12444,0.030421630576
12445,0.03078599257
12446,0.031748784835
12447,0.033172956477
12448,0.014035587639
12449,0.013700748925
12450,0.013683701008
12451,0.013343243754
12452,0.013924609366
12453,0.014461519329
12454,0.014430863838
12455,0.014318145898
12456,0.014114053853
12457,0.014580591223
12458,0.014584331143
12459,0.013633680518
12460,0.014056729365
12461,0.014116449612
12462,0.014372572477
12463,0.014911332965
12464,0.015156875614
12465,0.015616257566
12466,0.016165154056
12467,0.016608866588
12468,0.016734989831
12469,0.017034023976
12470,0.017567486949
12471,0.016767845522
12472,0.017289533211
12473,0.018763552702
12474,0.018067502016
12475,0.017174884645
12476,0.017270345476
12477,0.017575040574
12478,0.017844320142
12479,0.018321904837
12480,0.018780436122
12481,0.019266410929
12482,0.019843672039
12483,0.019970096208
12484,0.019934778722
12485,0.020043903051
12486,0.020244363714
12487,0.020379158489
12488,0.020625080676
12489,0.0208793017
12490,0.020879124154
12491,0.021099039422
12492,0.021250315167
12493,0.021609732087
12494,0.021750075643
12495,0.021629028567
12496,0.02201867572
12497,0.023011828762
12498,0.023786765355
12499,0.024724043099
12500,0.024975431083
12501,0.0251875608
12502,0.025312015782
12503,0.027486958216
12504,0.027893665449
12505,0.029680140477
12506,0.034957754995
12507,0.028391279703
12508,0.030164026163
12509,0.035421249246
12510,0.030833897795
12511,0.030939465783
12512,0.041112760582
12513,0.019161529232
12514,0.020847724406
12515,0.022209346124
12516,0.022036761213
12517,0.02344800665
12518,0.027706087931
12519,0.035825407972
12520,0.023485207099
12521,0.043149033714
12522,0.024766706078
12523,0.037659649842
12524,0.045722682258
12525,0.04551296425
12526,0.049246936529
12527,0.039461099364
12528,0.043690767125
12529,0.033959782125
12530,0.045403172185
12531,0.04538227333
12532,0.04154426734
12533,0.039370099352
12534,0.043528979884
12535,0.042139457412
12536,0.036925570584
12537,0.035226237161
12538,0.034386007221
12539,0.036211895866
12540,0.052329428669
12541,0.052374809241
12542,0.052295901608
12543,0.052315461582
12544,0.052311639097
12545,0.051300493161
12546,0.028650079786
12547,0.028968413018
12548,0.033018487411
12549,0.03324900706
12550,0.032593038041
12551,0.032177839594
12552,0.02795751263
12553,0.029555156158
12554,0.038169284396
12555,0.038345607725
12556,0.039210262496
12557,0.039734068632
12558,0.032957902909
12559,0.03285527034
12560,0.032787704379
12561,0.033387427143
12562,0.033510163038
12563,0.033669927162
12564,0.033863963118
12565,0.034031848062
12566,0.044730050669
12567,0.046717889185
12568,0.047373817126
12569,0.049128336894
12570,0.050100285393
12571,0.051120345863
12572,0.016969722096
12573,0.017091190397
12574,0.017172950052
12575,0.017290631688
12576,0.017451276714
12577,0.017684220445
12578,0.016894429268
12579,0.017901087241
12580,0.018132208841
12581,0.018249456141
12582,0.018916294988
12583,0.020088027271
12584,0.021225255218
12585,0.022470785776
12586,0.02817625353
12587,0.030849096974
12588,0.031642561656
12589,0.033712201699
12590,0.038489283139
12591,0.040706638428
12592,0.043395825046
12593,0.01680708792
12594,0.016698358941
12595,0.01658138818
12596,0.016456854647
12597,0.016374488439
12598,0.016261380742
12599,0.016135684674
12600,0.016008635149
12601,0.016039845779
12602,0.016959351186
12603,0.018403299969
12604,0.019301180813
12605,0.020161834324
12606,0.022674870341
12607,0.022955356341
12608,0.025072626572
12609,0.025370734385
12610,0.028946977168
12611,0.033497130828
12612,0.036226983503
12613,0.045071250377
12614,0.061630905385
12615,0.079329682331
12616,0.056744289587
12617,0.035438409337
12618,0.028270336624
12619,0.02331538717
12620,0.020106580103
12621,0.017967543808
12622,0.018503865703
12623,0.017017740419
12624,0.015664903185
12625,0.015607615239
12626,0.014904611331
12627,0.015117523662
12628,0.014712123261
12629,0.014596621314
12630,0.014474823389
12631,0.01422673266
12632,0.014198634017
12633,0.014125129744
12634,0.013690215589
12635,0.013655530884
12636,0.013583807254
12637,0.013479340512
12638,0.013183140666
12639,0.013293465317
12640,0.013534399051
12641,0.013336859333
12642,0.013351588003
12643,0.013251742816
12644,0.01351799802
12645,0.013479455428
12646,0.013647010083
12647,0.01395445923
12648,0.013712387399
12649,0.014862005299
12650,0.014612699142
12651,0.014268664798
12652,0.013840721549
12653,0.030214237783
12654,0.030611435267
12655,0.030420656063
12656,0.029989741347
12657,0.030013894328
12658,0.029978552856
12659,0.030335448025
12660,0.030605345622
12661,0.031343430697
12662,0.031878202228
12663,0.014013001919
12664,0.013946049103
12665,0.013639788642
12666,0.01339107936
12667,0.013586168458
12668,0.014074192341
12669,0.014171553894
12670,0.014102583278
12671,0.014151329817
12672,0.013877521618
12673,0.013961253097
12674,0.014299508555
12675,0.014003461719
12676,0.013905668093
12677,0.013726940087
12678,0.013450212993
12679,0.013955695833
12680,0.014500821412
12681,0.014938615739
12682,0.01516916988
12683,0.015384167655
12684,0.015809766496
12685,0.01619922713
12686,0.016618218804
12687,0.01683171716
12688,0.016719186787
12689,0.016894398271
12690,0.017334314026
12691,0.017202013989
12692,0.017510740607
12693,0.017242168373
12694,0.017160029343
12695,0.017494756244
12696,0.017801984173
12697,0.017929696872
12698,0.018192681658
12699,0.018642399343
12700,0.018817684003
12701,0.019060344747
12702,0.019431256354
12703,0.019768241435
12704,0.019907189354
12705,0.019944661951
12706,0.020190014123
12707,0.020319984579
12708,0.020388155958
12709,0.020505250439
12710,0.020873691852
12711,0.020962928749
12712,0.020577324979
12713,0.02156924487
12714,0.021350430957
12715,0.021525890807
12716,0.021207595302
12717,0.021502255452
12718,0.021650804579
12719,0.022023007756
12720,0.02294194114
12721,0.023830199315
12722,0.024739972775
12723,0.025452060755
12724,0.025346729174
12725,0.025360511442
12726,0.025497709093
12727,0.025414890712
12728,0.027809574144
12729,0.028112209418
12730,0.034717961622
12731,0.040798278365
12732,0.04184566462
12733,0.032664203372
12734,0.033667384571
12735,0.039836835616
12736,0.040372694195
12737,0.03443764369
12738,0.031249691526
12739,0.048678859008
12740,0.043551748627
12741,0.03274040679
12742,0.020013045083
12743,0.018274468425
12744,0.014553491741
12745,0.038042307918
12746,0.01292797481
12747,0.050782293185
12748,0.048674635656
12749,0.025101984216
12750,0.034485257442
12751,0.048152036455
12752,0.053670967294
12753,0.056759134018
12754,0.041102192935
12755,0.044389998432
12756,0.036360226149
12757,0.046140559302
12758,0.047009365976
12759,0.042723681601
12760,0.040892121517
12761,0.038645398007
12762,0.036650796208
12763,0.037179456322
12764,0.042255638631
12765,0.041669730729
12766,0.036521734744
12767,0.034158330864
12768,0.033573983413
12769,0.038877577165
12770,0.05322154867
12771,0.052933437556
12772,0.033543448603
12773,0.034042595152
12774,0.034022048938
12775,0.033211062841
12776,0.032833786631
12777,0.033315569703
12778,0.032679102978
12779,0.038293285429
12780,0.033191136568
12781,0.033275594013
12782,0.033525866603
12783,0.033720390841
12784,0.033735461327
12785,0.033814627146
12786,0.034144504684
12787,0.034302658396
12788,0.045615304877
12789,0.046487982442
12790,0.047703037109
12791,0.048142038278
12792,0.049592416295
12793,0.050881578418
12794,0.016941686341
12795,0.017011266694
12796,0.017067061391
12797,0.017127049979
12798,0.017189913529
12799,0.017184636424
12800,0.017340296664
12801,0.017515616795
12802,0.017753764307
12803,0.017932969726
12804,0.01686124096
12805,0.018097237721
12806,0.018289256603
12807,0.018400786346
12808,0.018586810807
12809,0.018979971578
12810,0.019761906628
12811,0.021068351453
12812,0.022632763338
12813,0.023503125849
12814,0.029200414606
12815,0.031402012023
12816,0.034191389961
12817,0.038634552079
12818,0.042193610005
12819,0.04414499867
12820,0.045323703401
12821,0.01677085904
12822,0.016682860531
12823,0.016589016328
12824,0.016481144538
12825,0.016411834008
12826,0.016330995199
12827,0.016240849746
12828,0.016146556635
12829,0.016012401787
12830,0.015868907399
12831,0.016583244601
12832,0.01756977174
12833,0.018045544182
12834,0.01877326813
12835,0.020670962584
12836,0.021109273427
12837,0.022626565917
12838,0.022596278261
12839,0.02489690454
12840,0.026867422529
12841,0.029590968047
12842,0.027871891166
12843,0.032522309764
12844,0.035461413695
12845,0.055794158852
12846,0.077931515796
12847,0.073059396542
12848,0.047822982051
12849,0.036592553993
12850,0.03104554231
12851,0.025431350344
12852,0.021879617311
12853,0.019347658033
12854,0.017752303882
12855,0.016912231368
12856,0.015964454905
12857,0.015189150975
12858,0.014689447414
12859,0.014939793965
12860,0.014358875577
12861,0.014531216528
12862,0.014325961812
12863,0.014566295271
12864,0.014407970289
12865,0.014547685466
12866,0.014431207442
12867,0.014319643066
12868,0.014222128039
12869,0.01425105439
12870,0.014202011394
12871,0.014907838341
12872,0.016275476375
12873,0.01378635487
12874,0.013244252795
12875,0.013250957271
12876,0.013342915238
12877,0.013205869463
12878,0.013137290739
12879,0.012984482012
12880,0.012958624195
12881,0.013102754484
12882,0.01295242093
12883,0.01283368244
12884,0.012839381937
12885,0.013039584867
12886,0.013267158065
12887,0.012980830613
12888,0.013475103084
12889,0.013653809698
12890,0.01356726448
12891,0.030641520711
12892,0.030425320082
12893,0.030437395528
12894,0.029981226432
12895,0.030599711955
12896,0.030598704655
12897,0.013970809216
12898,0.013640526518
12899,0.013315231803
12900,0.013355492928
12901,0.013700716168
12902,0.013871951887
12903,0.013691556388
12904,0.013582703373
12905,0.013503938268
12906,0.01364485066
12907,0.013248287234
12908,0.012949201745
12909,0.013281961572
12910,0.012856206725
12911,0.01304698457
12912,0.013065540498
12913,0.01322350971
12914,0.013478725019
12915,0.014025109021
12916,0.014383698745
12917,0.014647526428
12918,0.014695451844
12919,0.015061113891
12920,0.015111571452
12921,0.015354264853
12922,0.015403240418
12923,0.015566079364
12924,0.015671099146
12925,0.01583708209
12926,0.016257142594
12927,0.016512486971
12928,0.016629392054
12929,0.016660163325
12930,0.01688865906
12931,0.016594328504
12932,0.016875207935
12933,0.017153479713
12934,0.016954466897
12935,0.016955306811
12936,0.01703717119
12937,0.017261619315
12938,0.017388905467
12939,0.017577729192
12940,0.017880176172
12941,0.018276703114
12942,0.018768625652
12943,0.019144413065
12944,0.019393869225
12945,0.019339917604
12946,0.019524346069
12947,0.019881797768
12948,0.020029053347
12949,0.020262862539
12950,0.020546351691
12951,0.020923329285
12952,0.020692278685
12953,0.020837977135
12954,0.020576222438
12955,0.020504368438
12956,0.020766769067
12957,0.020855637779
12958,0.021677287548
12959,0.021723202844
12960,0.021825680306
12961,0.021135593126
12962,0.022282031893
12963,0.02295316355
12964,0.023918272742
12965,0.024660675879
12966,0.025553281638
12967,0.025693360186
12968,0.026016948198
12969,0.026015085289
12970,0.025554552064
12971,0.02588778639
12972,0.028040255685
12973,0.028245387114
12974,0.042435621491
12975,0.04235887317
12976,0.044182262396
12977,0.041994406059
12978,0.039213375715
12979,0.035469324078
12980,0.043717813098
12981,0.041804483984
12982,0.035577024435
12983,0.034586359172
12984,0.035783241527
12985,0.041352482987
12986,0.013485951864
12987,0.024588917092
12988,0.058012191678
12989,0.045552338215
12990,0.055117634459
12991,0.016393864986
12992,0.035723932389
12993,0.048881144565
12994,0.05552928219
12995,0.06110627135
12996,0.060582803701
12997,0.065563815117
12998,0.043704940822
12999,0.045150992188
13000,0.038462020036
13001,0.04075142462
13002,0.045535770885
13003,0.046118853979
13004,0.043759110577
13005,0.040886733752
13006,0.0371938837
13007,0.034532280184
13008,0.036176533756
13009,0.03517958441
13010,0.038734112057
13011,0.034224214399
13012,0.033585590716
13013,0.036276078121
13014,0.036205640229
13015,0.042545786563
13016,0.054009345837
13017,0.053912413537
13018,0.03518482359
13019,0.034104702837
13020,0.033436412382
13021,0.034427958291
13022,0.034488632467
13023,0.046842797195
13024,0.047305249532
13025,0.048134366555
13026,0.049055384946
13027,0.016913005411
13028,0.016972567716
13029,0.017020962221
13030,0.017071810465
13031,0.017117834815
13032,0.017138753816
13033,0.017174123903
13034,0.01722505044
13035,0.017370575462
13036,0.017492992854
13037,0.017612198566
13038,0.017817225304
13039,0.017901484577
13040,0.017920460598
13041,0.016831157466
13042,0.018007826764
13043,0.01824103048
13044,0.018262795042
13045,0.018389659653
13046,0.018485251439
13047,0.018851577266
13048,0.019579731769
13049,0.021132790289
13050,0.024759589772
13051,0.027343104558
13052,0.032092772527
13053,0.035070224183
13054,0.037475249252
13055,0.038937117738
13056,0.042132281883
13057,0.045170910728
13058,0.046180810516
13059,0.016749159874
13060,0.016667396894
13061,0.016588870625
13062,0.016534562216
13063,0.016482089298
13064,0.016400502646
13065,0.016304236806
13066,0.01625945118
13067,0.016216522153
13068,0.016160069236
13069,0.016068935433
13070,0.015943175547
13071,0.015866891148
13072,0.016673985687
13073,0.017406190805
13074,0.017958498172
13075,0.018472664472
13076,0.019222629976
13077,0.019949319536
13078,0.019756429179
13079,0.020804386206
13080,0.020812450207
13081,0.020903819077
13082,0.022355963363
13083,0.023668020094
13084,0.023080918209
13085,0.025473672724
13086,0.023563187984
13087,0.025337447892
13088,0.027668090426
13089,0.036957626138
13090,0.046704093229
13091,0.074522424131
13092,0.081660848647
13093,0.055829014478
13094,0.040845096905
13095,0.034397067198
13096,0.028342061299
13097,0.026137289408
13098,0.023020920787
13099,0.020228839559
13100,0.018262933292
13101,0.01667667455
13102,0.016151479977
13103,0.01512386753
13104,0.014293187573
13105,0.014225470142
13106,0.014202539902
13107,0.013985147135
13108,0.013971976091
13109,0.014404985236
13110,0.014294999254
13111,0.014288416997
13112,0.014286146911
13113,0.014331209652
13114,0.014545191311
13115,0.014469315403
13116,0.014457443602
13117,0.015116271061
13118,0.013058421071
13119,0.013148203641
13120,0.01313361604
13121,0.013059832668
13122,0.012892480834
13123,0.01274107775
13124,0.012823288149
13125,0.012752247465
13126,0.012811451029
13127,0.012562580057
13128,0.012209354357
13129,0.012482725404
13130,0.012654930719
13131,0.012567806378
13132,0.013174905984
13133,0.013005118636
13134,0.012449281297
13135,0.012704637779
13136,0.013486320822
13137,0.013247570118
13138,0.01337886287
13139,0.030564480467
13140,0.013938335958
13141,0.01360513974
13142,0.013296660957
13143,0.013115347507
13144,0.013281299865
13145,0.013596264987
13146,0.013426769953
13147,0.013373984738
13148,0.013254995987
13149,0.012992659883
13150,0.0130413786
13151,0.012692011124
13152,0.012712856243
13153,0.012319973555
13154,0.01255970925
13155,0.012117412163
13156,0.012392389248
13157,0.012636133962
13158,0.012999861885
13159,0.013265099969
13160,0.013607118088
13161,0.013930838504
13162,0.014359961163
13163,0.014832960362
13164,0.014595404189
13165,0.014792557704
13166,0.015105851768
13167,0.015221426657
13168,0.015403547098
13169,0.015442106888
13170,0.015462871867
13171,0.01559611238
13172,0.015791622394
13173,0.015875522538
13174,0.016037849457
13175,0.016527094082
13176,0.016359892504
13177,0.016647708382
13178,0.016946828599
13179,0.016805949565
13180,0.016942995777
13181,0.017217942097
13182,0.017485423039
13183,0.0176079626
13184,0.017563621088
13185,0.018023310937
13186,0.018388257339
13187,0.018765322925
13188,0.019170846092
13189,0.019074461465
13190,0.019421308853
13191,0.019624027841
13192,0.019794687512
13193,0.019950636097
13194,0.020122228115
13195,0.020336084726
13196,0.02066668006
13197,0.020842281808
13198,0.021490884732
13199,0.021430840087
13200,0.020037059352
13201,0.021952105025
13202,0.021873222339
13203,0.021530491424
13204,0.021316914337
13205,0.021819423989
13206,0.022082063682
13207,0.022152233568
13208,0.022337442182
13209,0.022686027631
13210,0.023217801223
13211,0.024047849271
13212,0.025056704033
13213,0.026529705236
13214,0.02644837301
13215,0.026131430195
13216,0.026464419983
13217,0.026537903049
13218,0.025840014775
13219,0.025741086824
13220,0.04387386404
13221,0.044684659104
13222,0.045647415578
13223,0.045189139635
13224,0.037716391645
13225,0.046078627532
13226,0.045990415726
13227,0.041154948498
13228,0.040064300021
13229,0.036574409202
13230,0.028414616259
13231,0.034816075068
13232,0.034576113105
13233,0.06377049633
13234,0.047672719991
13235,0.062264474245
13236,0.026789471182
13237,0.028098317847
13238,0.050169487914
13239,0.056212109792
13240,0.064651799119
13241,0.062091928124
13242,0.069454378357
13243,0.073155020847
13244,0.078877129543
13245,0.047390012636
13246,0.046340465796
13247,0.039889909386
13248,0.043040896806
13249,0.044722275818
13250,0.045390967735
13251,0.043663256962
13252,0.039741535392
13253,0.035910089201
13254,0.034246300754
13255,0.0348611498
13256,0.034796886637
13257,0.035161539549
13258,0.040675796457
13259,0.034672201016
13260,0.036732484255
13261,0.039491105368
13262,0.054608527465
13263,0.054413532474
13264,0.05439825536
13265,0.053960686034
13266,0.034562507138
13267,0.034548837231
13268,0.046757510629
13269,0.047573932624
13270,0.016931199865
13271,0.0168678344
13272,0.016988792936
13273,0.017005880657
13274,0.017022831304
13275,0.017051055804
13276,0.017080598111
13277,0.017117279712
13278,0.017169278631
13279,0.017183404274
13280,0.017210272045
13281,0.017311360691
13282,0.017416383523
13283,0.017527782055
13284,0.017628771278
13285,0.017735412301
13286,0.017841751379
13287,0.01790655226
13288,0.018067196985
13289,0.016804453184
13290,0.018347360286
13291,0.0183161134
13292,0.018554850561
13293,0.018633815959
13294,0.018540085641
13295,0.018930693995
13296,0.019200943887
13297,0.02021383817
13298,0.021122973356
13299,0.026037653519
13300,0.030923854431
13301,0.031769820452
13302,0.033795006484
13303,0.035229110321
13304,0.036727271158
13305,0.038427878972
13306,0.039604628937
13307,0.042780244887
13308,0.044981284514
13309,0.046171796017
13310,0.016731830459
13311,0.016667476635
13312,0.016606088301
13313,0.01654097646
13314,0.016490356621
13315,0.016430859885
13316,0.016366558522
13317,0.016288312539
13318,0.016250569003
13319,0.016214911588
13320,0.016185371551
13321,0.016163908821
13322,0.01609221567
13323,0.016007184658
13324,0.015930316303
13325,0.015848467249
13326,0.015911824114
13327,0.016580431392
13328,0.016833625456
13329,0.017280518315
13330,0.017550104455
13331,0.017975306267
13332,0.018557776209
13333,0.019050115847
13334,0.01865760526
13335,0.018932214827
13336,0.019777291019
13337,0.019741666516
13338,0.01976937601
13339,0.01972406768
13340,0.020679544988
13341,0.021584198962
13342,0.020854057727
13343,0.020949781718
13344,0.022291864902
13345,0.020853294507
13346,0.022183823257
13347,0.024982774702
13348,0.028693405907
13349,0.034254468552
13350,0.044218333214
13351,0.062638716164
13352,0.075168378029
13353,0.072188943454
13354,0.053082660522
13355,0.042200723353
13356,0.036039405879
13357,0.030436063639
13358,0.025185647581
13359,0.023872516959
13360,0.021208633991
13361,0.019586668623
13362,0.018521920381
13363,0.01731286688
13364,0.016796668318
13365,0.016061416934
13366,0.015344014463
13367,0.014671902282
13368,0.014310054104
13369,0.013970539681
13370,0.01392102762
13371,0.013960088904
13372,0.014017129948
13373,0.014214263304
13374,0.014014884337
13375,0.014386969811
13376,0.013786390311
13377,0.014445704025
13378,0.014383618689
13379,0.014853726433
13380,0.014586509961
13381,0.014458840905
13382,0.014935041774
13383,0.013164604693
13384,0.013133226621
13385,0.013156159927
13386,0.013030551866
13387,0.012907569706
13388,0.0126967446
13389,0.012513117991
13390,0.012542275501
13391,0.012410334296
13392,0.012498560251
13393,0.01213552892
13394,0.012136169504
13395,0.011941453983
13396,0.01183824817
13397,0.012038313979
13398,0.012340495119
13399,0.012159312028
13400,0.012277501051
13401,0.013013432136
13402,0.012786454948
13403,0.012382307304
13404,0.012018545152
13405,0.012085497801
13406,0.01249027237
13407,0.013149842009
13408,0.013841577244
13409,0.013562225103
13410,0.013343296104
13411,0.012981113797
13412,0.012961747487
13413,0.013061343423
13414,0.012875290243
13415,0.012562793923
13416,0.012817122614
13417,0.01259941631
13418,0.01218621169
13419,0.012366536348
13420,0.012251580821
13421,0.011901039346
13422,0.011701557437
13423,0.012051941365
13424,0.011651629594
13425,0.011499382633
13426,0.011912099656
13427,0.012457886295
13428,0.01245113091
13429,0.012514492088
13430,0.013044697537
13431,0.013334248602
13432,0.01318338987
13433,0.013609215413
13434,0.01395194347
13435,0.014381645283
13436,0.014623690043
13437,0.014652482093
13438,0.014761799786
13439,0.014860318264
13440,0.015590655962
13441,0.01564549744
13442,0.015748594146
13443,0.015814515657
13444,0.015841630446
13445,0.015944567596
13446,0.016096333457
13447,0.016636557761
13448,0.016246958756
13449,0.016872984244
13450,0.016678077695
13451,0.016727548548
13452,0.016882741137
13453,0.016927094784
13454,0.017168302131
13455,0.017600013958
13456,0.018060389363
13457,0.018457432192
13458,0.018729300771
13459,0.018789102284
13460,0.018856435789
13461,0.018833870687
13462,0.018795357243
13463,0.0187389043
13464,0.019495106734
13465,0.019813997925
13466,0.01999294514
13467,0.020222554863
13468,0.020394466528
13469,0.020493932054
13470,0.020593269082
13471,0.02135301929
13472,0.021413816896
13473,0.020755122191
13474,0.021283712374
13475,0.021856504098
13476,0.021332326986
13477,0.021236789862
13478,0.021466147236
13479,0.021698022045
13480,0.021703870942
13481,0.021977210396
13482,0.021808841324
13483,0.021890066328
13484,0.022184507688
13485,0.022546358522
13486,0.022710300755
13487,0.023428674635
13488,0.024007103665
13489,0.024421057855
13490,0.026252909745
13491,0.027415953928
13492,0.027623395681
13493,0.02794683637
13494,0.023795638981
13495,0.027008975395
13496,0.031239485974
13497,0.04184313101
13498,0.036695702911
13499,0.033135019759
13500,0.028146866183
13501,0.030409552093
13502,0.030582474037
13503,0.028216302587
13504,0.045279381074
13505,0.04334226379
13506,0.054822615302
13507,0.07271053471
13508,0.021846836142
13509,0.034317028653
13510,0.050651649411
13511,0.056888167136
13512,0.063134902772
13513,0.074055975652
13514,0.070037260695
13515,0.078988692669
13516,0.082806384434
13517,0.091526022485
13518,0.090012454207
13519,0.050195679955
13520,0.043319151579
13521,0.044819906317
13522,0.047857477236
13523,0.038586438402
13524,0.034182866656
13525,0.033001132351
13526,0.033795590651
13527,0.032298813503
13528,0.033214345174
13529,0.034364893009
13530,0.034973515555
13531,0.037499162417
13532,0.040093103149
13533,0.054781945094
13534,0.054789598406
13535,0.054324289456
13536,0.016990920756
13537,0.01690712173
13538,0.016835586529
13539,0.017023618118
13540,0.017017752803
13541,0.01703366399
13542,0.017045301035
13543,0.017049854866
13544,0.017078156149
13545,0.01711424058
13546,0.017164552612
13547,0.017170108693
13548,0.017196506914
13549,0.017194951389
13550,0.017194644941
13551,0.017211262965
13552,0.017266580523
13553,0.01735711102
13554,0.017428046409
13555,0.017496489338
13556,0.017558286758
13557,0.017578577022
13558,0.017673464618
13559,0.01776967131
13560,0.017833241774
13561,0.017845856063
13562,0.01791600212
13563,0.017910913791
13564,0.017955924186
13565,0.018145745533
13566,0.016789245417
13567,0.01866809429
13568,0.018715812609
13569,0.018739678284
13570,0.019391014824
13571,0.020473736299
13572,0.023128940694
13573,0.026078218513
13574,0.026869874649
13575,0.028106539893
13576,0.031881604016
13577,0.034145236625
13578,0.035818411147
13579,0.036501991956
13580,0.016748533206
13581,0.016682137958
13582,0.016625154943
13583,0.0165765377
13584,0.016550813494
13585,0.016480627068
13586,0.016525130122
13587,0.016440240055
13588,0.016407787041
13589,0.016354559493
13590,0.016301605002
13591,0.016243019154
13592,0.016273496342
13593,0.016232216717
13594,0.016217528494
13595,0.016170972368
13596,0.01613078967
13597,0.016055005359
13598,0.016001569647
13599,0.015925579588
13600,0.015851186309
13601,0.015765564716
13602,0.016000422984
13603,0.01634773593
13604,0.01644359151
13605,0.016818772771
13606,0.017133105431
13607,0.01721928896
13608,0.017504965071
13609,0.017501087186
13610,0.01824477965
13611,0.017833677205
13612,0.018086008307
13613,0.018595801382
13614,0.01908647461
13615,0.019314885685
13616,0.019337451574
13617,0.019122128425
13618,0.019001362932
13619,0.018762513046
13620,0.019447639202
13621,0.020094733545
13622,0.020316574591
13623,0.019708666268
13624,0.01988012526
13625,0.019607548007
13626,0.020084801001
13627,0.019968384813
13628,0.021516542251
13629,0.024282181825
13630,0.026639976904
13631,0.029719069123
13632,0.035267917402
13633,0.04303898419
13634,0.056720884326
13635,0.066355217053
13636,0.071903647753
13637,0.062512765095
13638,0.050028282086
13639,0.041910456664
13640,0.032659149197
13641,0.027017150417
13642,0.023300681869
13643,0.022464986131
13644,0.021929469453
13645,0.0211529898
13646,0.01962865215
13647,0.018383526736
13648,0.017561856501
13649,0.016893428314
13650,0.016431341199
13651,0.015812872941
13652,0.015144597984
13653,0.014118182318
13654,0.014549008683
13655,0.014173535868
13656,0.013819555816
13657,0.013709242083
13658,0.013777285515
13659,0.014002571762
13660,0.014390388588
13661,0.014641357646
13662,0.015457482921
13663,0.015095403005
13664,0.014916547723
13665,0.015081734989
13666,0.017721128638
13667,0.015844383872
13668,0.013558762097
13669,0.013165370894
13670,0.013229713497
13671,0.01296277398
13672,0.012663854918
13673,0.012510889494
13674,0.012471765427
13675,0.012347671882
13676,0.01230490625
13677,0.012254706878
13678,0.012189183983
13679,0.012206548886
13680,0.012077025007
13681,0.011989693233
13682,0.011972559738
13683,0.011745370669
13684,0.011699026681
13685,0.01160850208
13686,0.011623157319
13687,0.011885962882
13688,0.011724827847
13689,0.011976248131
13690,0.012862955853
13691,0.012489990926
13692,0.012361361451
13693,0.011772130451
13694,0.011644825527
13695,0.01372288736
13696,0.013601036206
13697,0.013232987923
13698,0.012966774336
13699,0.012762452836
13700,0.012570663873
13701,0.012366956854
13702,0.012632489139
13703,0.012260365182
13704,0.011943613552
13705,0.012047745255
13706,0.011783852029
13707,0.012059102244
13708,0.011537958446
13709,0.011750134599
13710,0.011553111156
13711,0.011330085028
13712,0.011231167987
13713,0.011091931738
13714,0.010797402775
13715,0.011307428268
13716,0.011942975265
13717,0.012532407801
13718,0.012807423616
13719,0.012966850813
13720,0.012758924121
13721,0.013003872927
13722,0.013171817977
13723,0.013395498457
13724,0.013391752274
13725,0.013645524367
13726,0.013629436528
13727,0.014011313889
13728,0.01453909688
13729,0.014838239247
13730,0.014913128072
13731,0.014984391448
13732,0.014829453848
13733,0.015722401414
13734,0.015775542724
13735,0.015843302497
13736,0.015864295753
13737,0.016023478867
13738,0.015964215564
13739,0.01619334386
13740,0.016511394895
13741,0.01641910784
13742,0.016571289354
13743,0.016604014386
13744,0.016516436258
13745,0.016698931199
13746,0.016731855379
13747,0.016863966095
13748,0.017191918465
13749,0.017449237336
13750,0.017629895127
13751,0.017947448397
13752,0.018376789143
13753,0.018519278965
13754,0.018926911881
13755,0.01861533807
13756,0.018689564092
13757,0.019182814514
13758,0.019139390867
13759,0.019356043959
13760,0.019671000904
13761,0.01982260745
13762,0.020122973245
13763,0.020212811399
13764,0.0203568202
13765,0.020584486609
13766,0.020531615447
13767,0.021007785727
13768,0.020991595941
13769,0.021033674973
13770,0.021302125753
13771,0.021500219871
13772,0.021631760321
13773,0.021679389009
13774,0.021617906706
13775,0.021887285637
13776,0.021889847519
13777,0.022090687889
13778,0.02221251444
13779,0.022154370491
13780,0.02226553026
13781,0.023137641474
13782,0.022901963225
13783,0.023729428748
13784,0.025973658609
13785,0.027740995142
13786,0.028541433288
13787,0.025983329872
13788,0.028016896994
13789,0.029651774073
13790,0.029581093616
13791,0.024920434725
13792,0.027663321143
13793,0.026700022121
13794,0.028024193594
13795,0.031315920284
13796,0.029943978823
13797,0.029426694088
13798,0.030672086863
13799,0.028939046951
13800,0.051756868974
13801,0.033160361334
13802,0.057157143676
13803,0.083276317417
13804,0.030982722677
13805,0.044016885249
13806,0.053018247148
13807,0.064098316696
13808,0.058190704535
13809,0.062781461919
13810,0.070180060825
13811,0.078304381584
13812,0.083578292982
13813,0.077766769029
13814,0.10005310271
13815,0.10038033289
13816,0.092539982665
13817,0.1037943331
13818,0.042902771254
13819,0.046143355325
13820,0.048975214281
13821,0.03165473627
13822,0.031725523201
13823,0.032488339254
13824,0.034654704689
13825,0.036627793122
13826,0.038159312839
13827,0.040315745768
13828,0.055431514094
13829,0.055064181904
13830,0.055148083616
13831,0.017006430692
13832,0.01701665543
13833,0.016974179516
13834,0.016899982909
13835,0.016859548449
13836,0.016824833875
13837,0.01703782048
13838,0.017040128643
13839,0.017038368948
13840,0.017047415533
13841,0.017065823086
13842,0.017075403828
13843,0.01710706616
13844,0.017155863285
13845,0.017175134779
13846,0.017194323352
13847,0.017225185577
13848,0.017226633227
13849,0.017206342254
13850,0.017233051624
13851,0.017302006585
13852,0.01735266257
13853,0.017420970365
13854,0.017472919334
13855,0.017517255845
13856,0.017619934271
13857,0.017858705305
13858,0.017783214081
13859,0.017862354838
13860,0.017908213875
13861,0.018148011001
13862,0.018060129583
13863,0.018486946684
13864,0.018744854137
13865,0.016791856192
13866,0.019201461685
13867,0.019639403906
13868,0.020253617023
13869,0.02169941515
13870,0.022700018358
13871,0.025290159497
13872,0.027866847371
13873,0.02614265527
13874,0.016759097334
13875,0.016781113832
13876,0.016699343059
13877,0.016667759618
13878,0.01663366538
13879,0.016594979856
13880,0.016558196184
13881,0.016532912475
13882,0.016478353153
13883,0.016455477835
13884,0.016503693149
13885,0.01642857209
13886,0.016413528295
13887,0.016393405198
13888,0.016364073514
13889,0.016310995311
13890,0.016348503812
13891,0.016245014278
13892,0.016271853672
13893,0.016239096181
13894,0.016236760539
13895,0.016234278795
13896,0.016229413715
13897,0.016206552844
13898,0.016155432047
13899,0.016102604112
13900,0.016036919128
13901,0.015976725822
13902,0.015913666161
13903,0.015868952336
13904,0.015808269602
13905,0.015764058794
13906,0.015683231964
13907,0.015948817695
13908,0.016068710141
13909,0.016181038398
13910,0.016411033692
13911,0.016853553252
13912,0.016851244583
13913,0.017146720698
13914,0.016916464889
13915,0.017166373588
13916,0.017390307046
13917,0.017522131645
13918,0.018016617807
13919,0.018219369094
13920,0.018767575235
13921,0.018577489243
13922,0.018167916942
13923,0.017967084609
13924,0.018488197328
13925,0.019062245963
13926,0.019552730688
13927,0.018774192104
13928,0.019034019393
13929,0.019144675806
13930,0.018842261455
13931,0.018874858817
13932,0.019310989106
13933,0.020551538224
13934,0.022341644238
13935,0.024322003992
13936,0.026454304477
13937,0.027116033714
13938,0.030198332306
13939,0.03471077951
13940,0.039724216952
13941,0.051621743193
13942,0.059537040103
13943,0.066380081004
13944,0.065077025383
13945,0.053555338901
13946,0.043233140785
13947,0.036285159887
13948,0.030344059272
13949,0.026955137498
13950,0.023831463204
13951,0.021242642531
13952,0.020732490691
13953,0.02056103487
13954,0.019875094772
13955,0.019347672916
13956,0.018165980212
13957,0.017486832481
13958,0.017636395964
13959,0.016997348657
13960,0.016392743765
13961,0.015615162879
13962,0.01493083899
13963,0.013907968549
13964,0.014591144528
13965,0.014231571605
13966,0.014351438829
13967,0.014012946303
13968,0.013739033925
13969,0.01361067804
13970,0.013867305312
13971,0.014206291839
13972,0.015351752763
13973,0.016299957059
13974,0.023081573974
13975,0.018508713638
13976,0.018025323861
13977,0.013212956039
13978,0.013326326263
13979,0.012806460153
13980,0.01267255617
13981,0.012454892164
13982,0.012438805585
13983,0.012409250281
13984,0.012335752451
13985,0.012224405195
13986,0.012103221919
13987,0.012041252048
13988,0.011980898808
13989,0.012039780053
13990,0.012036312587
13991,0.01192022774
13992,0.011861278076
13993,0.011878364851
13994,0.011894494484
13995,0.011718127214
13996,0.011435673822
13997,0.011431620741
13998,0.01140148244
13999,0.011283375895
14000,0.011538744979
14001,0.011436887841
14002,0.011621971701
14003,0.011325619165
14004,0.011549914475
14005,0.011454261906
14006,0.01342670043
14007,0.013123453394
14008,0.013033187857
14009,0.012866447467
14010,0.012563778858
14011,0.012285769979
14012,0.012813331325
14013,0.013023031985
14014,0.011992527539
14015,0.01217762895
14016,0.011887394176
14017,0.011635520229
14018,0.01147156158
14019,0.011601086372
14020,0.011262685781
14021,0.011086012639
14022,0.011070101907
14023,0.010772996817
14024,0.010604879746
14025,0.010294332168
14026,0.010308080489
14027,0.010648290879
14028,0.011152563312
14029,0.011916794675
14030,0.012860734092
14031,0.01245316171
14032,0.012790964655
14033,0.012822428489
14034,0.012863313129
14035,0.012668189566
14036,0.013293780935
14037,0.013019586834
14038,0.013043860312
14039,0.013641142435
14040,0.013357583039
14041,0.013595603926
14042,0.013725868955
14043,0.014160929359
14044,0.014500846118
14045,0.014811712798
14046,0.015144006245
14047,0.015016943026
14048,0.015217250764
14049,0.015043570416
14050,0.016228722458
14051,0.016358624912
14052,0.016538250593
14053,0.016471330365
14054,0.016462045097
14055,0.016286832225
14056,0.016443308577
14057,0.016605329354
14058,0.016813903963
14059,0.017030910179
14060,0.01727680689
14061,0.017493559113
14062,0.017782164979
14063,0.017989700057
14064,0.018299299974
14065,0.018216280972
14066,0.018468422859
14067,0.018571924458
14068,0.018995379602
14069,0.019114084058
14070,0.019247309104
14071,0.019404147592
14072,0.019822567139
14073,0.019749353801
14074,0.020004994449
14075,0.020495353463
14076,0.020637372946
14077,0.020762648801
14078,0.020969406346
14079,0.021083554771
14080,0.021024892725
14081,0.021106139373
14082,0.021356118274
14083,0.021583340637
14084,0.021438379109
14085,0.021676224874
14086,0.021664699217
14087,0.021591630322
14088,0.021800667047
14089,0.021912251798
14090,0.021844802384
14091,0.021787401402
14092,0.021567159515
14093,0.022164313805
14094,0.021790909959
14095,0.022264161855
14096,0.022790630364
14097,0.024219667792
14098,0.026813899821
14099,0.028911604002
14100,0.029469726079
14101,0.023830072968
14102,0.023530960469
14103,0.027445088258
14104,0.031131427396
14105,0.031712961802
14106,0.031622125346
14107,0.025285970191
14108,0.026799598014
14109,0.028697503729
14110,0.031015242491
14111,0.031417360991
14112,0.030504089967
14113,0.030482852969
14114,0.060245999591
14115,0.034920818162
14116,0.069107662865
14117,0.091987129497
14118,0.043943283683
14119,0.052774295622
14120,0.069149910265
14121,0.055712848307
14122,0.059917199562
14123,0.06373012716
14124,0.077201489625
14125,0.087660791036
14126,0.085217429566
14127,0.10895104453
14128,0.11036562173
14129,0.099967415209
14130,0.11718727924
14131,0.11496988716
14132,0.042568295527
14133,0.045720724784
14134,0.049255987728
14135,0.032608012356
14136,0.033916337392
14137,0.036861679279
14138,0.035922164359
14139,0.038330752911
14140,0.04077191962
14141,0.055669645543
14142,0.01702978253
14143,0.017016267738
14144,0.017036600988
14145,0.016997924553
14146,0.017024674696
14147,0.016937458011
14148,0.016882723449
14149,0.016851735624
14150,0.016832249257
14151,0.017063366814
14152,0.017047477935
14153,0.017046319096
14154,0.017059949055
14155,0.017074793502
14156,0.017075907817
14157,0.01709739016
14158,0.017125338663
14159,0.017134973377
14160,0.017174164638
14161,0.017215191464
14162,0.017230614501
14163,0.01729214064
14164,0.01726434332
14165,0.01729798507
14166,0.017257130091
14167,0.01722633323
14168,0.017276689129
14169,0.017354064634
14170,0.017408437267
14171,0.017461712101
14172,0.017486615488
14173,0.01754803598
14174,0.0175836924
14175,0.017664220883
14176,0.017889138084
14177,0.017943264943
14178,0.017850618125
14179,0.017953785119
14180,0.018589216058
14181,0.01880371619
14182,0.01941967359
14183,0.016798071847
14184,0.020120617015
14185,0.021341397036
14186,0.022087310077
14187,0.023133631405
14188,0.023518795077
14189,0.016771375174
14190,0.016741622291
14191,0.016802885358
14192,0.016727708534
14193,0.01666395889
14194,0.016611719005
14195,0.016579490991
14196,0.016551926028
14197,0.016531798425
14198,0.016511328852
14199,0.016462477409
14200,0.016485427614
14201,0.016443350826
14202,0.01643228315
14203,0.016496500323
14204,0.016402705199
14205,0.016423101972
14206,0.016392589051
14207,0.016372135925
14208,0.016307067963
14209,0.016344530436
14210,0.016355207689
14211,0.016364473777
14212,0.016267653107
14213,0.016266427412
14214,0.016267478673
14215,0.016242365467
14216,0.016242020845
14217,0.016241992645
14218,0.016248112672
14219,0.016235048549
14220,0.016200869406
14221,0.016170885709
14222,0.016145208131
14223,0.016120822148
14224,0.01608524814
14225,0.016059923322
14226,0.01603762633
14227,0.015992461839
14228,0.015964300955
14229,0.015940841911
14230,0.015915381032
14231,0.015875333882
14232,0.015826526143
14233,0.015776314497
14234,0.015730641968
14235,0.015662885777
14236,0.015717877669
14237,0.015893977295
14238,0.016123155777
14239,0.016258330219
14240,0.016334608608
14241,0.016485786089
14242,0.016520110887
14243,0.016491785054
14244,0.016727270019
14245,0.016805800698
14246,0.016704523646
14247,0.016953624307
14248,0.01689701515
14249,0.01715934788
14250,0.017533881852
14251,0.017765520538
14252,0.018102931089
14253,0.01782472605
14254,0.017495954065
14255,0.017559844924
14256,0.017366299924
14257,0.017657412686
14258,0.018188696867
14259,0.017865721689
14260,0.018219178595
14261,0.018535553927
14262,0.01847190784
14263,0.018415494582
14264,0.018327157593
14265,0.018888872645
14266,0.019628641038
14267,0.020225921732
14268,0.021293176754
14269,0.022378101371
14270,0.023517052593
14271,0.025022913401
14272,0.025043053721
14273,0.025863861038
14274,0.0276306672
14275,0.029429293729
14276,0.032951186091
14277,0.034121945152
14278,0.038636493199
14279,0.049120400366
14280,0.063065054194
14281,0.064151987592
14282,0.05525223608
14283,0.041438451476
14284,0.034799283927
14285,0.028351254441
14286,0.02481958065
14287,0.023529800116
14288,0.020985340305
14289,0.019197856019
14290,0.019332939595
14291,0.01896394612
14292,0.018865318995
14293,0.018369433232
14294,0.017899236691
14295,0.017366858239
14296,0.017132958678
14297,0.016334185497
14298,0.015697192563
14299,0.015225972901
14300,0.014975310991
14301,0.014757402085
14302,0.013879512439
14303,0.013844068778
14304,0.013839147296
14305,0.014589138236
14306,0.014446958464
14307,0.014079173837
14308,0.014268799898
14309,0.013916938515
14310,0.013747482846
14311,0.013623857911
14312,0.013444866905
14313,0.012667226153
14314,0.012598640174
14315,0.012644849422
14316,0.012498254197
14317,0.012492385374
14318,0.012523326682
14319,0.01249944763
14320,0.012224899862
14321,0.01201763468
14322,0.011997540046
14323,0.011947343008
14324,0.011878122813
14325,0.011836461049
14326,0.011896841776
14327,0.011779429879
14328,0.011810215531
14329,0.011798847693
14330,0.011785080329
14331,0.011136387393
14332,0.011118624166
14333,0.010987699898
14334,0.010833407282
14335,0.011110720192
14336,0.011148039348
14337,0.011295081326
14338,0.010930205165
14339,0.010736149797
14340,0.011194345323
14341,0.011090841806
14342,0.013287473116
14343,0.013166408625
14344,0.012776573108
14345,0.012468563636
14346,0.013089185351
14347,0.012184252836
14348,0.012008163678
14349,0.011786028939
14350,0.011608531337
14351,0.011351767843
14352,0.011799187561
14353,0.011042656296
14354,0.010813516482
14355,0.010644118683
14356,0.010500213187
14357,0.010339058976
14358,0.010219453253
14359,0.0099318659011
14360,0.0099160502992
14361,0.0098969955992
14362,0.010213100197
14363,0.010654260411
14364,0.011073396924
14365,0.011660922947
14366,0.012278079348
14367,0.012515377019
14368,0.0127473375
14369,0.013305417215
14370,0.012673114023
14371,0.012776505532
14372,0.01305178064
14373,0.013064778648
14374,0.013320224559
14375,0.01352377235
14376,0.013859590846
14377,0.014240186018
14378,0.01481376058
14379,0.015215325091
14380,0.015487816946
14381,0.015520013907
14382,0.015100179816
14383,0.015337309271
14384,0.015403826771
14385,0.015087128888
14386,0.016292258726
14387,0.016482438057
14388,0.016574943336
14389,0.016893762558
14390,0.017238034614
14391,0.017374196135
14392,0.017831192921
14393,0.019119694386
14394,0.019282321948
14395,0.019528805495
14396,0.019960562977
14397,0.020081020553
14398,0.020147470205
14399,0.020247563425
14400,0.02081865876
14401,0.020907007576
14402,0.021086177126
14403,0.021185606796
14404,0.021164703361
14405,0.021152804354
14406,0.021325994352
14407,0.021452122159
14408,0.021390548577
14409,0.021554415102
14410,0.02143664077
14411,0.021494436086
14412,0.021444544734
14413,0.021624801087
14414,0.021683620323
14415,0.021569624903
14416,0.02136501534
14417,0.021012632958
14418,0.020865418599
14419,0.02132789436
14420,0.021015069463
14421,0.021115463414
14422,0.021379202893
14423,0.022512635643
14424,0.023088922625
14425,0.025114538164
14426,0.027097417757
14427,0.029552178861
14428,0.031518296284
14429,0.029590075272
14430,0.021603082265
14431,0.021898238105
14432,0.025880750764
14433,0.030029144168
14434,0.03440619081
14435,0.033494632162
14436,0.034429791089
14437,0.025466745619
14438,0.025251793963
14439,0.026808494965
14440,0.027880549163
14441,0.030511563486
14442,0.032369108017
14443,0.031790815235
14444,0.032828756841
14445,0.056291427669
14446,0.066456354231
14447,0.039642768619
14448,0.077307852091
14449,0.098706423451
14450,0.047931149292
14451,0.052027338345
14452,0.070058855595
14453,0.076981295479
14454,0.053033019204
14455,0.058568726893
14456,0.06413943007
14457,0.08499867722
14458,0.095879143272
14459,0.091997082212
14460,0.11365398163
14461,0.12200419074
14462,0.10854519149
14463,0.12840300613
14464,0.12038703445
14465,0.13009426641
14466,0.043255080553
14467,0.045896243425
14468,0.04914843485
14469,0.033952372155
14470,0.038028232863
14471,0.038214670813
14472,0.036319105361
14473,0.040411866978
14474,0.017043612331
14475,0.017057434366
14476,0.017033242727
14477,0.017051172598
14478,0.01701261683
14479,0.016993960069
14480,0.016981440581
14481,0.01695028999
14482,0.016924996593
14483,0.016887683817
14484,0.016855713792
14485,0.016825868598
14486,0.017075430323
14487,0.017085799418
14488,0.017060213988
14489,0.017087492005
14490,0.01709882671
14491,0.017091985227
14492,0.017123772512
14493,0.017156807816
14494,0.017202716197
14495,0.017194325466
14496,0.017206392031
14497,0.017255715812
14498,0.017287715596
14499,0.017272594332
14500,0.017283002656
14501,0.017331810483
14502,0.017315916388
14503,0.01734900894
14504,0.017349965274
14505,0.01735263788
14506,0.017339384681
14507,0.017320129968
14508,0.017261940957
14509,0.017257079485
14510,0.017249146013
14511,0.017278638299
14512,0.017323606995
14513,0.017361458061
14514,0.017380940901
14515,0.017437766197
14516,0.01747080938
14517,0.017538594917
14518,0.017526157816
14519,0.017613620057
14520,0.017782622918
14521,0.017876005029
14522,0.018468428274
14523,0.018142413833
14524,0.018053035119
14525,0.018303189644
14526,0.018805290803
14527,0.019374175561
14528,0.019673850898
14529,0.020221389643
14530,0.021432062812
14531,0.022352582619
14532,0.02231697788
14533,0.016795118117
14534,0.016752526315
14535,0.016755478892
14536,0.016843226313
14537,0.016723540063
14538,0.016667518522
14539,0.016647615946
14540,0.016628190134
14541,0.016581244285
14542,0.016545698611
14543,0.016532555765
14544,0.01651918574
14545,0.016507888195
14546,0.016456351976
14547,0.016446817804
14548,0.016473912617
14549,0.016428384919
14550,0.016498030262
14551,0.016400162202
14552,0.016414435948
14553,0.016385483943
14554,0.016380443963
14555,0.016312525321
14556,0.0162954182
14557,0.016325986931
14558,0.016345019211
14559,0.016361250083
14560,0.016362292891
14561,0.016373524242
14562,0.016293040095
14563,0.016297556702
14564,0.016276446771
14565,0.016255266644
14566,0.016258100124
14567,0.016266240278
14568,0.016273470622
14569,0.016243769521
14570,0.016240483235
14571,0.016237223772
14572,0.016224889075
14573,0.016201466485
14574,0.016199468042
14575,0.016175951646
14576,0.016132700728
14577,0.016110957257
14578,0.016090114213
14579,0.016082375213
14580,0.016061002309
14581,0.016033747004
14582,0.016006222011
14583,0.01597235762
14584,0.015942356384
14585,0.015896942875
14586,0.015846019228
14587,0.015794669734
14588,0.015714734898
14589,0.015696359706
14590,0.015654720981
14591,0.015705161984
14592,0.015751799857
14593,0.015945434491
14594,0.016153159179
14595,0.016296856191
14596,0.016247550716
14597,0.016482465564
14598,0.016428368485
14599,0.016390594457
14600,0.016259009308
14601,0.016414238174
14602,0.016467135857
14603,0.016713700638
14604,0.016815924849
14605,0.016690766193
14606,0.016509912634
14607,0.016557478472
14608,0.016726516525
14609,0.016592308853
14610,0.016720464135
14611,0.016801889929
14612,0.017164609095
14613,0.017425444397
14614,0.01755623915
14615,0.017673233594
14616,0.017360043032
14617,0.017185694901
14618,0.017268296336
14619,0.017218951832
14620,0.0170659014
14621,0.017016527946
14622,0.017152385585
14623,0.017220566754
14624,0.01749702654
14625,0.01741974711
14626,0.017487983008
14627,0.01772622286
14628,0.01788198605
14629,0.018138292281
14630,0.018199198031
14631,0.018259292203
14632,0.018064551694
14633,0.018039147722
14634,0.018078288542
14635,0.01852165964
14636,0.019177786601
14637,0.019488982118
14638,0.020064489222
14639,0.020742726418
14640,0.021262902476
14641,0.021630728783
14642,0.022462455871
14643,0.023090967335
14644,0.024069580718
14645,0.023668522912
14646,0.024519565126
14647,0.024858404139
14648,0.026053675758
14649,0.027213746442
14650,0.02824928549
14651,0.030706470114
14652,0.031385008115
14653,0.033725168374
14654,0.036240932878
14655,0.041887788649
14656,0.053941659069
14657,0.061234390804
14658,0.062134235665
14659,0.050280524704
14660,0.037852858403
14661,0.032357519104
14662,0.026234995091
14663,0.02362402497
14664,0.021130442215
14665,0.021381171299
14666,0.019366751516
14667,0.018411234885
14668,0.017909624335
14669,0.017348716757
14670,0.018005004692
14671,0.017708209141
14672,0.017560722845
14673,0.017256214901
14674,0.017183824074
14675,0.017135740041
14676,0.016875153649
14677,0.016854958706
14678,0.016516374165
14679,0.016083858623
14680,0.015732308284
14681,0.015433832579
14682,0.015166790913
14683,0.015060759482
14684,0.014877598637
14685,0.014677156675
14686,0.013799574046
14687,0.01377178381
14688,0.01446018077
14689,0.013834265175
14690,0.014006471599
14691,0.014261113986
14692,0.012809839574
14693,0.013012590974
14694,0.012773528011
14695,0.012787626622
14696,0.012758665384
14697,0.012745084195
14698,0.012657726735
14699,0.012390298854
14700,0.011907864586
14701,0.011914049052
14702,0.01183587106
14703,0.011761538151
14704,0.011730434005
14705,0.011658357338
14706,0.011656414426
14707,0.011713005505
14708,0.011675251885
14709,0.011784311558
14710,0.0109738791
14711,0.011002031516
14712,0.010916173318
14713,0.010745178849
14714,0.010599004839
14715,0.010435496254
14716,0.010615596312
14717,0.010841316292
14718,0.01064341798
14719,0.010353735731
14720,0.010447856827
14721,0.010239952139
14722,0.010951187698
14723,0.012275910905
14724,0.012101007193
14725,0.011611972024
14726,0.011810922554
14727,0.011414996392
14728,0.011200142186
14729,0.012041013395
14730,0.011028716262
14731,0.010824207073
14732,0.010657094471
14733,0.010461006382
14734,0.010185554675
14735,0.010000151475
14736,0.0097578521442
14737,0.0095373227251
14738,0.0095225616204
14739,0.0097242956542
14740,0.0099597727037
14741,0.010073751511
14742,0.010434391069
14743,0.010379779967
14744,0.011197229694
14745,0.011520562726
14746,0.012028628807
14747,0.012645327794
14748,0.012421065691
14749,0.012707956998
14750,0.013185089042
14751,0.013039061534
14752,0.012959514667
14753,0.013083083335
14754,0.013228415003
14755,0.013366497286
14756,0.013590108008
14757,0.013795668787
14758,0.013976194921
14759,0.014621629731
14760,0.015333115025
14761,0.015564589258
14762,0.015724517067
14763,0.015757341132
14764,0.015817857505
14765,0.015207555773
14766,0.015401496562
14767,0.015471753085
14768,0.015505804715
14769,0.016041585222
14770,0.016166830255
14771,0.016425917336
14772,0.016730014237
14773,0.016972956652
14774,0.017336706882
14775,0.017498509694
14776,0.017589632275
14777,0.018990018845
14778,0.019159115947
14779,0.019415559777
14780,0.01978793482
14781,0.020269770467
14782,0.020452667407
14783,0.020385373734
14784,0.020352341184
14785,0.021273175285
14786,0.021266588527
14787,0.021310900721
14788,0.021506656077
14789,0.021388180106
14790,0.021399509111
14791,0.021413309196
14792,0.021306111187
14793,0.021408788099
14794,0.021205922302
14795,0.020955203639
14796,0.020638035491
14797,0.020633481945
14798,0.020256996061
14799,0.020115399322
14800,0.019901686086
14801,0.021239320263
14802,0.021969162145
14803,0.023812334625
14804,0.026002473503
14805,0.028062736223
14806,0.03313395838
14807,0.03121127395
14808,0.021493684602
14809,0.022849638447
14810,0.025325547963
14811,0.025686269388
14812,0.028884665696
14813,0.032662686503
14814,0.036050972143
14815,0.036235859562
14816,0.038267063741
14817,0.036756415401
14818,0.024300921883
14819,0.023793817509
14820,0.025444545528
14821,0.028002064923
14822,0.029984101944
14823,0.034687428365
14824,0.031605326545
14825,0.064784019536
14826,0.056403537656
14827,0.079178916956
14828,0.054131688625
14829,0.090904423045
14830,0.04611759406
14831,0.070387838949
14832,0.076106199
14833,0.08543913441
14834,0.048125735737
14835,0.052294113575
14836,0.05652101213
14837,0.062734442827
14838,0.092661018734
14839,0.10274671171
14840,0.11609445516
14841,0.12775584821
14842,0.13419387076
14843,0.11825805786
14844,0.14356430963
14845,0.13146730955
14846,0.14484578328
14847,0.043861625328
14848,0.040455147582
14849,0.03823072395
14850,0.017043790711
14851,0.01705281448
14852,0.0170304682
14853,0.01706302605
14854,0.017068731907
14855,0.017022698598
14856,0.017014140947
14857,0.017004678575
14858,0.016971105692
14859,0.016953318715
14860,0.01695319435
14861,0.016932133667
14862,0.016889098228
14863,0.016895125026
14864,0.016858701173
14865,0.016846342266
14866,0.017077863117
14867,0.017084387463
14868,0.017089154957
14869,0.017098728831
14870,0.017106372066
14871,0.017110185184
14872,0.017110168395
14873,0.017128610302
14874,0.017130224509
14875,0.017148172076
14876,0.017162940336
14877,0.017203329298
14878,0.017209481402
14879,0.017205234074
14880,0.017225385483
14881,0.017226725117
14882,0.017292283545
14883,0.017329073759
14884,0.01730249816
14885,0.017269816022
14886,0.017294989949
14887,0.017335344111
14888,0.017329445164
14889,0.017311042452
14890,0.017426536504
14891,0.0173830092
14892,0.017383266123
14893,0.017367494595
14894,0.017355668903
14895,0.017427275749
14896,0.017379986249
14897,0.017385907048
14898,0.017290199734
14899,0.017294935918
14900,0.017311275093
14901,0.017264496686
14902,0.017279135139
14903,0.017309163722
14904,0.017345864821
14905,0.017387677953
14906,0.017465479952
14907,0.01750159179
14908,0.01752032908
14909,0.017565936551
14910,0.017611386685
14911,0.01769846288
14912,0.018143749966
14913,0.018583865311
14914,0.019230445803
14915,0.018606617395
14916,0.019373165419
14917,0.018376657431
14918,0.018948424227
14919,0.01943352693
14920,0.020936214796
14921,0.02182155219
14922,0.021684287729
14923,0.022804271557
14924,0.016808396527
14925,0.01682700645
14926,0.016768122161
14927,0.016912136085
14928,0.016753813605
14929,0.016630337845
14930,0.016664976918
14931,0.016585584283
14932,0.016554388157
14933,0.016543638019
14934,0.01652369711
14935,0.016518511623
14936,0.016450090063
14937,0.016476267658
14938,0.016432300375
14939,0.016418030395
14940,0.016500572779
14941,0.016539286755
14942,0.016394142394
14943,0.016383914455
14944,0.016320245936
14945,0.016332159087
14946,0.016318754861
14947,0.016315043307
14948,0.016329762258
14949,0.016349721771
14950,0.01635153342
14951,0.016354902976
14952,0.016381860917
14953,0.016374266647
14954,0.01631442488
14955,0.016317785965
14956,0.016324648815
14957,0.016319847038
14958,0.016316268809
14959,0.016292829002
14960,0.016297343842
14961,0.016294680808
14962,0.016287184321
14963,0.016279979429
14964,0.016281432751
14965,0.016287125239
14966,0.01627549875
14967,0.016259557109
14968,0.016259117719
14969,0.016257247245
14970,0.016249320493
14971,0.01621609075
14972,0.016235701797
14973,0.016222961041
14974,0.016146297001
14975,0.016120322726
14976,0.016108559611
14977,0.016117059548
14978,0.01610091081
14979,0.016086580493
14980,0.016084373109
14981,0.01601337463
14982,0.015973542824
14983,0.015976205774
14984,0.015927701301
14985,0.015874770737
14986,0.01585952704
14987,0.015769422942
14988,0.01578328864
14989,0.01581319876
14990,0.015852120264
14991,0.015905251578
14992,0.016259353041
14993,0.016351116571
14994,0.016402004202
14995,0.016794936993
14996,0.016434012145
14997,0.016369833867
14998,0.016443791547
14999,0.017528405095
15000,0.016587281097
15001,0.016563563208
15002,0.016722766518
15003,0.016551030386
15004,0.016276200373
15005,0.016420411813
15006,0.016432277004
15007,0.016981482005
15008,0.017176514241
15009,0.017367967272
15010,0.01739551284
15011,0.017275945543
15012,0.017150480484
15013,0.017098062621
15014,0.01705312688
15015,0.017188206771
15016,0.017190501609
15017,0.017227791873
15018,0.017030693749
15019,0.016954692086
15020,0.016939603704
15021,0.017112160672
15022,0.017214969904
15023,0.017258619732
15024,0.017491917373
15025,0.017560662045
15026,0.017448964304
15027,0.017630805729
15028,0.017729850487
15029,0.018100607908
15030,0.018075863477
15031,0.017759987195
15032,0.017680110547
15033,0.018059570425
15034,0.018518328125
15035,0.018919450739
15036,0.019237459532
15037,0.019752839066
15038,0.020261432722
15039,0.020615634196
15040,0.021123520975
15041,0.021820856742
15042,0.022412264907
15043,0.02264754247
15044,0.02272119935
15045,0.023589495204
15046,0.024078068922
15047,0.023896213985
15048,0.024485342571
15049,0.025192837259
15050,0.025809003093
15051,0.026337611865
15052,0.026968686704
15053,0.02896528425
15054,0.030136616067
15055,0.032675171391
15056,0.035317387732
15057,0.038133133804
15058,0.046027058021
15059,0.057054519243
15060,0.059906940967
15061,0.058703342075
15062,0.046757928301
15063,0.035182115988
15064,0.029948143348
15065,0.024180702703
15066,0.022330329432
15067,0.019818012453
15068,0.018748085943
15069,0.019105248262
15070,0.017250342147
15071,0.016440138994
15072,0.017042611364
15073,0.016641083639
15074,0.015647324067
15075,0.017137612547
15076,0.016644575903
15077,0.016829351647
15078,0.016808170692
15079,0.016374731885
15080,0.016776373945
15081,0.016646256504
15082,0.016572089658
15083,0.016505934125
15084,0.016244615114
15085,0.015976603117
15086,0.015797772734
15087,0.015624267614
15088,0.015476439723
15089,0.015302197472
15090,0.015168741114
15091,0.015000281703
15092,0.014796321244
15093,0.01460070799
15094,0.014404457627
15095,0.014150912497
15096,0.013050244727
15097,0.013077277488
15098,0.012992900608
15099,0.012960944429
15100,0.01283540941
15101,0.012729142294
15102,0.012670052461
15103,0.012118913929
15104,0.012004581617
15105,0.011945606752
15106,0.011823918035
15107,0.011758665252
15108,0.011701525764
15109,0.011631692948
15110,0.011590824399
15111,0.011593783955
15112,0.011560531331
15113,0.011582146702
15114,0.01168813206
15115,0.010846039852
15116,0.010687769933
15117,0.010609444097
15118,0.010460608436
15119,0.010202398755
15120,0.0099568420782
15121,0.010170681371
15122,0.010677786577
15123,0.010356769984
15124,0.010222231335
15125,0.01013222209
15126,0.010110774141
15127,0.010086506593
15128,0.010917058052
15129,0.012485671117
15130,0.01230744143
15131,0.011638403932
15132,0.011832085989
15133,0.012012917212
15134,0.011451138639
15135,0.011246994038
15136,0.012253576184
15137,0.011142428129
15138,0.010970232026
15139,0.010841606084
15140,0.010675473093
15141,0.010389824407
15142,0.010202273909
15143,0.010219327834
15144,0.009904293777
15145,0.0096445287403
15146,0.0095696649123
15147,0.0094064795479
15148,0.0094066763892
15149,0.0093832449926
15150,0.0097339430192
15151,0.0097673849334
15152,0.0099489787364
15153,0.0096091530029
15154,0.0098253728616
15155,0.01015754701
15156,0.010609657844
15157,0.010747734342
15158,0.011331440189
15159,0.011671909885
15160,0.012402572715
15161,0.012579794748
15162,0.012693287824
15163,0.01269086443
15164,0.012657269146
15165,0.012894746336
15166,0.013009046889
15167,0.013220561108
15168,0.013184131982
15169,0.013180199574
15170,0.013396065097
15171,0.013524160092
15172,0.013481705391
15173,0.013900471752
15174,0.014262849859
15175,0.01464160105
15176,0.015070689157
15177,0.015744808804
15178,0.015750174582
15179,0.015509048438
15180,0.015912845569
15181,0.015666506939
15182,0.015914481011
15183,0.016014623021
15184,0.01600705428
15185,0.016233596663
15186,0.016151134285
15187,0.015689651965
15188,0.01584541939
15189,0.016016106439
15190,0.01621026398
15191,0.016339684373
15192,0.016474704759
15193,0.016730192765
15194,0.017109726972
15195,0.017510255426
15196,0.017660018195
15197,0.017736227035
15198,0.017760526002
15199,0.018799127138
15200,0.018959434499
15201,0.019173629933
15202,0.01954461679
15203,0.020043972641
15204,0.02053977173
15205,0.021377681713
15206,0.02143739068
15207,0.021165549276
15208,0.021068548013
15209,0.020897079774
15210,0.020688958981
15211,0.019677933797
15212,0.019323925727
15213,0.018908847953
15214,0.018394030439
15215,0.019690088154
15216,0.020368089184
15217,0.021521237648
15218,0.02324087444
15219,0.025971840196
15220,0.028976178254
15221,0.035238359819
15222,0.032306050565
15223,0.022421008065
15224,0.023181938734
15225,0.03205486536
15226,0.034356032642
15227,0.037451448381
15228,0.039429406409
15229,0.041954890605
15230,0.040057250392
15231,0.038904793855
15232,0.023216723066
15233,0.033685700117
15234,0.03851322473
15235,0.035221277977
15236,0.03484560653
15237,0.059552339093
15238,0.074015846542
15239,0.090393273816
15240,0.070236079884
15241,0.096515398654
15242,0.067258859485
15243,0.05053960261
15244,0.078791026623
15245,0.070811173385
15246,0.099086535287
15247,0.090561763502
15248,0.044742634937
15249,0.048439760877
15250,0.051375010226
15251,0.05681409138
15252,0.062808451054
15253,0.11463875762
15254,0.12856784407
15255,0.14442088367
15256,0.13207293005
15257,0.15713783986
15258,0.15986132616
15259,0.14325624139
15260,0.15981661111
15261,0.041693869335
15262,0.017049741058
15263,0.017054761234
15264,0.017045604307
15265,0.017064702209
15266,0.017027366439
15267,0.017065402035
15268,0.017076563014
15269,0.017018548986
15270,0.017002952368
15271,0.016994910378
15272,0.016963215452
15273,0.016953209914
15274,0.016950783456
15275,0.016952099056
15276,0.016904283466
15277,0.01691459427
15278,0.016872738955
15279,0.016857228753
15280,0.017083084351
15281,0.01710482348
15282,0.017106674243
15283,0.017109110893
15284,0.017128342818
15285,0.017117709653
15286,0.017113745342
15287,0.017145712634
15288,0.017177830697
15289,0.01714253395
15290,0.017195064407
15291,0.017164634009
15292,0.017166790679
15293,0.017187001365
15294,0.017161389349
15295,0.017227728161
15296,0.017235335938
15297,0.017234102592
15298,0.017256816935
15299,0.017237018519
15300,0.017279673413
15301,0.017289654757
15302,0.017271457676
15303,0.01733092997
15304,0.01729365916
15305,0.017305301985
15306,0.017345162957
15307,0.017315998989
15308,0.017345053181
15309,0.017396800536
15310,0.017361632272
15311,0.017398273231
15312,0.017525581686
15313,0.017495076052
15314,0.017439577676
15315,0.017421923476
15316,0.017402029573
15317,0.017359107659
15318,0.017318250492
15319,0.017289210257
15320,0.017290281842
15321,0.017278812243
15322,0.017311800198
15323,0.017380876071
15324,0.017445987525
15325,0.017426919956
15326,0.017456309767
15327,0.017492177105
15328,0.017512895445
15329,0.017544672967
15330,0.017719367186
15331,0.017861831104
15332,0.018131860823
15333,0.018765816549
15334,0.019285030538
15335,0.01964669358
15336,0.020614950568
15337,0.019834662317
15338,0.020188165793
15339,0.021264482297
15340,0.02294943578
15341,0.022540564986
15342,0.02192899521
15343,0.016835398925
15344,0.016824098914
15345,0.016904921551
15346,0.016601027189
15347,0.016615535079
15348,0.016633699995
15349,0.016593042851
15350,0.016542894021
15351,0.016445020069
15352,0.016427974371
15353,0.016482546686
15354,0.016412539729
15355,0.016472331444
15356,0.016517682718
15357,0.016553394498
15358,0.016392995959
15359,0.016337023943
15360,0.016356506902
15361,0.016333308931
15362,0.016321730658
15363,0.016332382003
15364,0.016305243434
15365,0.01634625211
15366,0.016360609068
15367,0.016385533232
15368,0.016372732365
15369,0.016420311877
15370,0.016416479863
15371,0.016328123008
15372,0.016323388294
15373,0.016348102605
15374,0.016337896703
15375,0.016334855752
15376,0.016350371747
15377,0.016312412369
15378,0.016310111483
15379,0.016307431745
15380,0.016295140305
15381,0.016299672921
15382,0.016302271123
15383,0.016296894299
15384,0.016298431747
15385,0.016310410583
15386,0.01629518053
15387,0.016330275595
15388,0.016332447887
15389,0.016305921418
15390,0.016293503445
15391,0.01628501424
15392,0.016312956356
15393,0.016249767372
15394,0.016291459143
15395,0.016292431449
15396,0.016236921375
15397,0.016176032517
15398,0.016151944766
15399,0.016185725122
15400,0.016097913664
15401,0.016166964888
15402,0.016048724188
15403,0.016008792171
15404,0.015984147177
15405,0.015964794033
15406,0.015882956088
15407,0.015806570925
15408,0.015789647226
15409,0.016324429323
15410,0.015805437586
15411,0.016887626729
15412,0.016535988724
15413,0.01609759379
15414,0.016346123921
15415,0.016694863851
15416,0.016455001565
15417,0.01660941883
15418,0.017064450698
15419,0.017611962281
15420,0.018090370195
15421,0.017027915025
15422,0.016468686907
15423,0.016530291644
15424,0.01710165313
15425,0.01753578921
15426,0.017753803731
15427,0.017000058015
15428,0.017087976396
15429,0.01718137578
15430,0.017545307982
15431,0.017605639242
15432,0.016951019793
15433,0.017614601746
15434,0.017279334912
15435,0.016759768481
15436,0.016953980816
15437,0.01698807469
15438,0.017155713591
15439,0.017606991781
15440,0.018209005702
15441,0.017475327616
15442,0.017313009359
15443,0.017282291943
15444,0.017529659846
15445,0.017790129925
15446,0.01801586113
15447,0.017861999428
15448,0.0175336626
15449,0.017640506434
15450,0.018114843889
15451,0.01854164807
15452,0.01889673488
15453,0.019058546861
15454,0.019484038402
15455,0.019852162248
15456,0.020228875277
15457,0.020532679056
15458,0.020846851494
15459,0.021221323809
15460,0.021617549529
15461,0.022091783427
15462,0.022183328658
15463,0.022183439674
15464,0.022391039331
15465,0.022936194131
15466,0.023466186597
15467,0.023197047335
15468,0.023574781923
15469,0.024133012941
15470,0.024893105182
15471,0.025306719558
15472,0.025317971407
15473,0.025717299366
15474,0.025874053691
15475,0.027339961432
15476,0.027685030109
15477,0.029623653579
15478,0.031775968957
15479,0.032869915154
15480,0.038029446656
15481,0.04440046249
15482,0.055614654158
15483,0.058342102285
15484,0.05599028977
15485,0.042517042693
15486,0.031065041427
15487,0.027526956615
15488,0.022349216859
15489,0.019775617612
15490,0.017380931078
15491,0.016859983356
15492,0.017154992864
15493,0.015481703789
15494,0.015304427648
15495,0.014861461653
15496,0.016392072527
15497,0.016141051366
15498,0.015765488154
15499,0.014549867745
15500,0.015070573075
15501,0.014619466401
15502,0.015818411444
15503,0.015792841845
15504,0.016308540476
15505,0.016406121119
15506,0.0159072175
15507,0.015796590614
15508,0.016451003826
15509,0.016372586733
15510,0.016335062582
15511,0.016319846966
15512,0.01616456277
15513,0.016088804121
15514,0.015713993385
15515,0.015560681325
15516,0.015433859559
15517,0.015315637018
15518,0.015199087768
15519,0.01490801135
15520,0.014712144366
15521,0.014475112313
15522,0.013029301425
15523,0.013098751308
15524,0.013030183301
15525,0.0129403111
15526,0.012818192337
15527,0.012750859206
15528,0.012709694515
15529,0.0121797029
15530,0.012119317936
15531,0.011997724378
15532,0.011826217727
15533,0.011785971088
15534,0.011699805736
15535,0.011595145404
15536,0.011547232804
15537,0.011532663683
15538,0.01049584023
15539,0.010315680361
15540,0.010124670233
15541,0.0099410803439
15542,0.0098103699456
15543,0.0096710009194
15544,0.0098111888061
15545,0.0099230205398
15546,0.010714800707
15547,0.010543041742
15548,0.010326013238
15549,0.010168733419
15550,0.01008297535
15551,0.009922590333
15552,0.010836955618
15553,0.010792403063
15554,0.012561122848
15555,0.011679807473
15556,0.011816039032
15557,0.012017828483
15558,0.012163597703
15559,0.011473895258
15560,0.011328669131
15561,0.012445583968
15562,0.011220894837
15563,0.011030155311
15564,0.010906624301
15565,0.010809482951
15566,0.01060523459
15567,0.010467967045
15568,0.010369305416
15569,0.010232811883
15570,0.010017394942
15571,0.0096866934463
15572,0.0097205542484
15573,0.0094655141976
15574,0.0093891598778
15575,0.0095692537982
15576,0.0094479712613
15577,0.00978913404
15578,0.0095205682591
15579,0.0096046428491
15580,0.010229278915
15581,0.010075160815
15582,0.010690112986
15583,0.011185127695
15584,0.011701864889
15585,0.011987901986
15586,0.012110647499
15587,0.012241536988
15588,0.012384947647
15589,0.012743273937
15590,0.012786238358
15591,0.012599582051
15592,0.012429826632
15593,0.012936733562
15594,0.013050823579
15595,0.013260314277
15596,0.013144216154
15597,0.01299553463
15598,0.013008978674
15599,0.01340163173
15600,0.013740429421
15601,0.014153108725
15602,0.01438130633
15603,0.015123460772
15604,0.014908949939
15605,0.016058794444
15606,0.015864305766
15607,0.016061332517
15608,0.015869090449
15609,0.015507654365
15610,0.016179039594
15611,0.016258512659
15612,0.016376822607
15613,0.01649513307
15614,0.016812843623
15615,0.017245124618
15616,0.017884741085
15617,0.017609149546
15618,0.017853434935
15619,0.017979896399
15620,0.017921899667
15621,0.01799038015
15622,0.018597358112
15623,0.018753827781
15624,0.018919459166
15625,0.019184732316
15626,0.018759239173
15627,0.018369060511
15628,0.017671688001
15629,0.017059204647
15630,0.01729638053
15631,0.018724889242
15632,0.01920552705
15633,0.020858803473
15634,0.021580587125
15635,0.025866929859
15636,0.030558123461
15637,0.039513558071
15638,0.035908921778
15639,0.037381662833
15640,0.041773038315
15641,0.045609649708
15642,0.044906492295
15643,0.042512934786
15644,0.042417218253
15645,0.039307999759
15646,0.03742102999
15647,0.037379428563
15648,0.062285045755
15649,0.078191175586
15650,0.093248958731
15651,0.085601057499
15652,0.11685202043
15653,0.084092649713
15654,0.080501505287
15655,0.070869071702
15656,0.11035962523
15657,0.092175550203
15658,0.046171057947
15659,0.049776604254
15660,0.055537931795
15661,0.060748906004
15662,0.1274976105
15663,0.14140512998
15664,0.15524707278
15665,0.14816504003
15666,0.14430503186
15667,0.1719999876
15668,0.17756461565
15669,0.16413671816
15670,0.1815940455
15671,0.017059616734
15672,0.017062078296
15673,0.01705599155
15674,0.0170449675
15675,0.017070032246
15676,0.017038073164
15677,0.01707022166
15678,0.017075043051
15679,0.01708472968
15680,0.017009501581
15681,0.017003263368
15682,0.016975914703
15683,0.016982949949
15684,0.016964990757
15685,0.016972925624
15686,0.016939789149
15687,0.016913427314
15688,0.016898831755
15689,0.016878192031
15690,0.017095117717
15691,0.017118097112
15692,0.017116101937
15693,0.017121626013
15694,0.017138800011
15695,0.017149076418
15696,0.017132321411
15697,0.017132009879
15698,0.017174249542
15699,0.01717123484
15700,0.017149958673
15701,0.017154471173
15702,0.017233992523
15703,0.017182933403
15704,0.017193465
15705,0.017216368238
15706,0.017189436304
15707,0.017263813561
15708,0.017250782684
15709,0.017278107766
15710,0.017256237032
15711,0.017274622263
15712,0.017379250715
15713,0.017383391132
15714,0.017421897456
15715,0.017416123738
15716,0.017480632885
15717,0.017524871782
15718,0.017396080766
15719,0.017530685117
15720,0.017313702153
15721,0.017403951343
15722,0.017377873241
15723,0.01737407546
15724,0.017306748819
15725,0.017538756906
15726,0.017672671676
15727,0.017619102252
15728,0.017489361777
15729,0.017398634466
15730,0.017499915818
15731,0.017427343962
15732,0.017516413687
15733,0.01765958223
15734,0.01778406909
15735,0.018407884052
15736,0.019084656724
15737,0.019809782761
15738,0.01976351804
15739,0.019914068965
15740,0.022791565963
15741,0.023253683358
15742,0.016813309797
15743,0.016940025227
15744,0.016517864443
15745,0.01654257094
15746,0.01646009378
15747,0.016445121766
15748,0.016480362744
15749,0.016415576313
15750,0.016524034281
15751,0.016541590571
15752,0.016530314379
15753,0.016419639698
15754,0.016343679658
15755,0.016344403131
15756,0.016332218413
15757,0.016373603379
15758,0.016346013385
15759,0.016335996487
15760,0.016340722585
15761,0.016333220161
15762,0.016354380757
15763,0.016799322865
15764,0.01644522161
15765,0.016389770591
15766,0.016336003615
15767,0.016390956229
15768,0.016374081038
15769,0.016372394551
15770,0.016349673874
15771,0.016393216287
15772,0.016363402527
15773,0.016328019339
15774,0.016330414225
15775,0.016314273639
15776,0.016314754274
15777,0.016308255456
15778,0.016293369221
15779,0.016329456792
15780,0.016329558557
15781,0.016332250248
15782,0.016346654301
15783,0.016354208755
15784,0.016347262971
15785,0.016416489321
15786,0.016345463234
15787,0.016308310632
15788,0.016315506212
15789,0.016410179082
15790,0.016368227061
15791,0.016449072473
15792,0.016410168574
15793,0.016529528704
15794,0.016378584465
15795,0.016230773795
15796,0.016271935838
15797,0.016200095876
15798,0.016235045917
15799,0.016295686537
15800,0.016056067756
15801,0.015993693109
15802,0.015974750292
15803,0.016055730938
15804,0.018982854629
15805,0.017583626224
15806,0.016464203726
15807,0.019022205047
15808,0.019130883256
15809,0.018260915135
15810,0.017202843752
15811,0.016588591758
15812,0.017484066453
15813,0.017407846808
15814,0.017668731815
15815,0.018926956504
15816,0.019031683998
15817,0.017343434624
15818,0.017453734588
15819,0.018115573825
15820,0.01855770699
15821,0.017190956837
15822,0.017619701558
15823,0.01771898716
15824,0.016944459473
15825,0.017025188978
15826,0.018746230836
15827,0.01807567566
15828,0.016758044971
15829,0.017256822303
15830,0.017088356119
15831,0.017301956945
15832,0.018103073162
15833,0.017879991675
15834,0.01768045123
15835,0.017864677367
15836,0.017512452032
15837,0.017618100879
15838,0.017946924637
15839,0.018164219395
15840,0.017722943285
15841,0.01758844205
15842,0.017900395562
15843,0.018283357266
15844,0.018643308161
15845,0.019066535641
15846,0.019430872388
15847,0.020062940339
15848,0.022130133825
15849,0.020328549917
15850,0.020644167085
15851,0.020946418281
15852,0.021159571341
15853,0.021793351293
15854,0.021652860406
15855,0.02189094946
15856,0.022041668598
15857,0.022551831878
15858,0.022121661985
15859,0.022201167946
15860,0.022515374359
15861,0.023002171812
15862,0.022808859879
15863,0.022772350362
15864,0.023044393166
15865,0.023143764148
15866,0.023459920164
15867,0.023697418964
15868,0.024600638739
15869,0.024812843336
15870,0.02481589953
15871,0.025036835017
15872,0.02595465433
15873,0.026242112405
15874,0.025959353559
15875,0.026868739043
15876,0.029200425427
15877,0.029368646192
15878,0.033069280202
15879,0.038033068877
15880,0.040796040899
15881,0.048723691043
15882,0.055693808476
15883,0.054646059115
15884,0.053150923286
15885,0.044647565891
15886,0.033519752258
15887,0.026119995306
15888,0.024559032173
15889,0.020331477628
15890,0.018651140152
15891,0.016495918723
15892,0.015373938707
15893,0.014636635602
15894,0.015608098296
15895,0.014006054232
15896,0.013903683293
15897,0.014127695952
15898,0.013957608491
15899,0.014196503842
15900,0.015683125162
15901,0.015301637677
15902,0.013953394908
15903,0.014075057583
15904,0.014600074008
15905,0.014427493237
15906,0.014006351577
15907,0.015351374697
15908,0.015238269011
15909,0.015391936904
15910,0.015243657925
15911,0.015920649266
15912,0.01609372422
15913,0.016173396629
15914,0.015572584917
15915,0.015503741025
15916,0.016193028647
15917,0.016214506249
15918,0.016085956849
15919,0.013025820746
15920,0.012977398623
15921,0.012821233314
15922,0.012553903444
15923,0.012582004403
15924,0.012419729453
15925,0.012255601055
15926,0.01220243995
15927,0.012214149228
15928,0.011916263395
15929,0.011845541098
15930,0.011766254864
15931,0.011720685782
15932,0.011668576042
15933,0.011645875351
15934,0.011573085379
15935,0.010300990192
15936,0.010138217127
15937,0.010016803324
15938,0.0097136194822
15939,0.009523389432
15940,0.0093442156718
15941,0.0095019005297
15942,0.0096645363516
15943,0.010727831387
15944,0.010461883693
15945,0.01031055089
15946,0.01019311508
15947,0.0098887824718
15948,0.010032732967
15949,0.0096785993685
15950,0.011112639573
15951,0.010948481371
15952,0.010877452788
15953,0.01277454185
15954,0.012719158978
15955,0.011375017334
15956,0.011294246618
15957,0.01112568872
15958,0.011030966397
15959,0.0109781445
15960,0.010855675369
15961,0.010681892485
15962,0.010581253985
15963,0.0098004490089
15964,0.0096043310131
15965,0.0093952017035
15966,0.0090695872553
15967,0.0090227674286
15968,0.0091071011069
15969,0.0089682407018
15970,0.0095534429552
15971,0.0093713034411
15972,0.009677000947
15973,0.0098681796919
15974,0.0095078952738
15975,0.0091695753433
15976,0.0092574717925
15977,0.010097554109
15978,0.010760606178
15979,0.011229638657
15980,0.011660919555
15981,0.011501735961
15982,0.011710433107
15983,0.01206063761
15984,0.012147263206
15985,0.012232629581
15986,0.012559407335
15987,0.012533395249
15988,0.01305390198
15989,0.012710087888
15990,0.012662610724
15991,0.013038628341
15992,0.012922802804
15993,0.01294391851
15994,0.01333808077
15995,0.013895358135
15996,0.014344116314
15997,0.015043321237
15998,0.015361387307
15999,0.016343122193
16000,0.016230929861
16001,0.016100874787
16002,0.016245804047
16003,0.016186941317
16004,0.015980807288
16005,0.015795117607
16006,0.016583791278
16007,0.01676315722
16008,0.016984600447
16009,0.017235033323
16010,0.018258020808
16011,0.017290066258
16012,0.017978819151
16013,0.017589278037
16014,0.018183170637
16015,0.018379650736
16016,0.018199090845
16017,0.018198652764
16018,0.018430522446
16019,0.018540795807
16020,0.018660081242
16021,0.018722404762
16022,0.017051755698
16023,0.016757979242
16024,0.016111662601
16025,0.016095680355
16026,0.016002683308
16027,0.017592752021
16028,0.016792712066
16029,0.018852489314
16030,0.018405558705
16031,0.020475866829
16032,0.023897780876
16033,0.027175394616
16034,0.030047342076
16035,0.034488144962
16036,0.040755154283
16037,0.044532514442
16038,0.039151623856
16039,0.039956634044
16040,0.043241262219
16041,0.046237651822
16042,0.048281642785
16043,0.048341134585
16044,0.046851730052
16045,0.050635554329
16046,0.045839115686
16047,0.043525454429
16048,0.040359710146
16049,0.04076546738
16050,0.085119025373
16051,0.096032607535
16052,0.14417971754
16053,0.10478528709
16054,0.14313993835
16055,0.11497614556
16056,0.10938870585
16057,0.081899165577
16058,0.070803160271
16059,0.14085622118
16060,0.13806882385
16061,0.10681889491
16062,0.047798288857
16063,0.052470449862
16064,0.056254244844
16065,0.065410091159
16066,0.16789056329
16067,0.16412814436
16068,0.19019341437
16069,0.19933285813
16070,0.18563829027
16071,0.2050252128
16072,0.017070402491
16073,0.017063020926
16074,0.017061547396
16075,0.017054599521
16076,0.017064666454
16077,0.017035614294
16078,0.017022860925
16079,0.017064058551
16080,0.017080449873
16081,0.017082571716
16082,0.017089813561
16083,0.017013193041
16084,0.016984553618
16085,0.016973443715
16086,0.016953527051
16087,0.016918317146
16088,0.016921639701
16089,0.016918558277
16090,0.016854037688
16091,0.017116703295
16092,0.017136068908
16093,0.017134968423
16094,0.017145027866
16095,0.017156251245
16096,0.017171895461
16097,0.017160256079
16098,0.017152908693
16099,0.0171747044
16100,0.017179473497
16101,0.017182028139
16102,0.017207296509
16103,0.017211703364
16104,0.017180970908
16105,0.017178962871
16106,0.017238109185
16107,0.01722906876
16108,0.017250810634
16109,0.017624420699
16110,0.017891171051
16111,0.017586227404
16112,0.017455820056
16113,0.017785132421
16114,0.017723368661
16115,0.017456136636
16116,0.018027941861
16117,0.01785465642
16118,0.018402840491
16119,0.018045349502
16120,0.020256402655
16121,0.018847479214
16122,0.019451325897
16123,0.018971428309
16124,0.017859303987
16125,0.016943566457
16126,0.016623659263
16127,0.016612924969
16128,0.016548408329
16129,0.016493732906
16130,0.017990686901
16131,0.016330423159
16132,0.016346572059
16133,0.016354236201
16134,0.016340858085
16135,0.016360042616
16136,0.016352252718
16137,0.016414041345
16138,0.016430000352
16139,0.016395762921
16140,0.016389749138
16141,0.016432060816
16142,0.016426774781
16143,0.016385432625
16144,0.016351908101
16145,0.016356948911
16146,0.016334699273
16147,0.016306575753
16148,0.016329129858
16149,0.016320246042
16150,0.016320050058
16151,0.016376840236
16152,0.016367700053
16153,0.016417371256
16154,0.016406030211
16155,0.016406636284
16156,0.016401637408
16157,0.016369066437
16158,0.016493002656
16159,0.016472216339
16160,0.016396249578
16161,0.01642727457
16162,0.016501988133
16163,0.016513861622
16164,0.016472642987
16165,0.016507191142
16166,0.016568344952
16167,0.016698650963
16168,0.016705371185
16169,0.016535740014
16170,0.016458795424
16171,0.016492234365
16172,0.01655664389
16173,0.016555781025
16174,0.016373640974
16175,0.016212264413
16176,0.016007653098
16177,0.016009496622
16178,0.020694119943
16179,0.023313854276
16180,0.019250380061
16181,0.018095835875
16182,0.018400199518
16183,0.019520368503
16184,0.017033603507
16185,0.018714855415
16186,0.01934142669
16187,0.016937544219
16188,0.017914712449
16189,0.017446007482
16190,0.017297397602
16191,0.01781986225
16192,0.018014174252
16193,0.017289618396
16194,0.017454151612
16195,0.017491951821
16196,0.017655828779
16197,0.01811893752
16198,0.018347975892
16199,0.0179488374
16200,0.017492478283
16201,0.018039235387
16202,0.018137570811
16203,0.018456713467
16204,0.019244527095
16205,0.019309681139
16206,0.019985993436
16207,0.022656525857
16208,0.0209431893
16209,0.021108322126
16210,0.020867505436
16211,0.021177837897
16212,0.021763254965
16213,0.021942605523
16214,0.021932673997
16215,0.022138311132
16216,0.022253372194
16217,0.022191511593
16218,0.022065891298
16219,0.022517087413
16220,0.022652232006
16221,0.023012294515
16222,0.022932688867
16223,0.023005039325
16224,0.023447771045
16225,0.024011875701
16226,0.024043734134
16227,0.024189174362
16228,0.024288085325
16229,0.024581917961
16230,0.025368635456
16231,0.025136780769
16232,0.024686847249
16233,0.025097627213
16234,0.025243110356
16235,0.026461572477
16236,0.027023652163
16237,0.029395322389
16238,0.030824621484
16239,0.034512609325
16240,0.036908428229
16241,0.042801469822
16242,0.048756679379
16243,0.052763955301
16244,0.048430745016
16245,0.036014966476
16246,0.027345435821
16247,0.021681630034
16248,0.02134921717
16249,0.018084221381
16250,0.017661932812
16251,0.015780237879
16252,0.014718035487
16253,0.014566425587
16254,0.013421126256
16255,0.013025250707
16256,0.012718157145
16257,0.012848895421
16258,0.012786253029
16259,0.01325669972
16260,0.013563467728
16261,0.013725644361
16262,0.013359720769
16263,0.015171548406
16264,0.014688541088
16265,0.01359127048
16266,0.013660412827
16267,0.013668430807
16268,0.014359125983
16269,0.014249442657
16270,0.014249459312
16271,0.014031862182
16272,0.013712538073
16273,0.013536059427
16274,0.01491900004
16275,0.014860347752
16276,0.01468837902
16277,0.015070717249
16278,0.014912262019
16279,0.01579127707
16280,0.015965272862
16281,0.015975839645
16282,0.015505457907
16283,0.015274051412
16284,0.015237739896
16285,0.012938941064
16286,0.01271226069
16287,0.012535163678
16288,0.012554991777
16289,0.012413974469
16290,0.012566586104
16291,0.012410739042
16292,0.012268002791
16293,0.012441065988
16294,0.012488230503
16295,0.012269462665
16296,0.011816250657
16297,0.01166300207
16298,0.011628146688
16299,0.01167896401
16300,0.01167944476
16301,0.010267540726
16302,0.010167627625
16303,0.010030922597
16304,0.0098002859203
16305,0.0095157101559
16306,0.0093958260111
16307,0.0092353822632
16308,0.0089889401506
16309,0.0091242532037
16310,0.0093823759723
16311,0.009400313921
16312,0.010760523013
16313,0.0096489286045
16314,0.009471992637
16315,0.011024157612
16316,0.011203625346
16317,0.01101670601
16318,0.010884463956
16319,0.014226821773
16320,0.013062771523
16321,0.011248548452
16322,0.011122854467
16323,0.01097259947
16324,0.0096376142119
16325,0.0098681668723
16326,0.0088786340845
16327,0.0090839472943
16328,0.0094286866016
16329,0.0094382507894
16330,0.0085551924932
16331,0.0084247278932
16332,0.0086059831562
16333,0.0087278090352
16334,0.0089732447596
16335,0.010823693291
16336,0.009814799495
16337,0.0104597853
16338,0.011307015297
16339,0.011535279016
16340,0.011947347407
16341,0.011595134279
16342,0.011861603547
16343,0.01209756666
16344,0.012344758521
16345,0.012624337381
16346,0.0127915872
16347,0.013372287747
16348,0.013848330755
16349,0.015044004001
16350,0.015585831668
16351,0.01645616055
16352,0.016331086716
16353,0.016341031986
16354,0.01644403592
16355,0.016517285729
16356,0.016373391202
16357,0.016231806745
16358,0.01615769523
16359,0.016577241015
16360,0.016780347387
16361,0.016883365936
16362,0.016922714704
16363,0.017028258389
16364,0.018419422297
16365,0.018343636289
16366,0.016770256627
16367,0.016585885901
16368,0.015133267147
16369,0.014236494893
16370,0.015040047618
16371,0.014790486332
16372,0.016443989429
16373,0.015811328361
16374,0.017511696392
16375,0.019261762397
16376,0.022493387522
16377,0.026038316769
16378,0.028643379743
16379,0.033800794357
16380,0.037592590116
16381,0.044790511894
16382,0.049857247607
16383,0.049581786471
16384,0.042038881125
16385,0.04367047132
16386,0.047998287988
16387,0.050443801838
16388,0.050943942961
16389,0.054707550219
16390,0.055529417955
16391,0.048501887433
16392,0.045235882145
16393,0.047771566025
16394,0.12971309376
16395,0.12894519558
16396,0.16767008
16397,0.23521272663
16398,0.15306006263
16399,0.1283463577
16400,0.090349107573
16401,0.079374501307
16402,0.16856700973
16403,0.17556264157
16404,0.14484475553
16405,0.12158175307
16406,0.053330153195
16407,0.066456569973
16408,0.18151458093
16409,0.19463504333
16410,0.20468878708
16411,0.22074728551
16412,0.21414484743
16413,0.23018238209
16414,0.017077090524
16415,0.017060863004
16416,0.01710419073
16417,0.017082027795
16418,0.017073929793
16419,0.017045725585
16420,0.017041030517
16421,0.017015998809
16422,0.01707683045
16423,0.017089966017
16424,0.017078874151
16425,0.017084580281
16426,0.017091621026
16427,0.017106345598
16428,0.017030232631
16429,0.0169474723
16430,0.016979271628
16431,0.016935753053
16432,0.016930282043
16433,0.016980989241
16434,0.016933982865
16435,0.017125167166
16436,0.01714950972
16437,0.017168480711
16438,0.017160730202
16439,0.01717905397
16440,0.017185086751
16441,0.017153435052
16442,0.017176592234
16443,0.017157536648
16444,0.017241823021
16445,0.017198338923
16446,0.01720028915
16447,0.017319866708
16448,0.017213210203
16449,0.017238250207
16450,0.017266921546
16451,0.017237642291
16452,0.017254855065
16453,0.017208692848
16454,0.017577078616
16455,0.017703871589
16456,0.017569302995
16457,0.018691999114
16458,0.016375429725
16459,0.016382849252
16460,0.016365010892
16461,0.016352542366
16462,0.016493612473
16463,0.01653810905
16464,0.016472480832
16465,0.016385949495
16466,0.016514342978
16467,0.01646207123
16468,0.016370086707
16469,0.016360568977
16470,0.016341601777
16471,0.016368178929
16472,0.016365996729
16473,0.016323406643
16474,0.016386570335
16475,0.016413190616
16476,0.016376453659
16477,0.016472815276
16478,0.016403264822
16479,0.016374428533
16480,0.016387041415
16481,0.016444598361
16482,0.016433846998
16483,0.016487671656
16484,0.016491805704
16485,0.016478800242
16486,0.016509029016
16487,0.016504664567
16488,0.016540833617
16489,0.016684098138
16490,0.016526181952
16491,0.016656746555
16492,0.016952140985
16493,0.016997394636
16494,0.016948551631
16495,0.016720366916
16496,0.016663169683
16497,0.016902678948
16498,0.016704014481
16499,0.016577772441
16500,0.016677681434
16501,0.016678716905
16502,0.016253032993
16503,0.017538648141
16504,0.019672507328
16505,0.020528780889
16506,0.019550783829
16507,0.019833735434
16508,0.01947432169
16509,0.019686111735
16510,0.019384964729
16511,0.019478439261
16512,0.018289031875
16513,0.018442200292
16514,0.020000835446
16515,0.020038072744
16516,0.018217372662
16517,0.018741239427
16518,0.018582417802
16519,0.018736298917
16520,0.018242765851
16521,0.018748675077
16522,0.019106657938
16523,0.019243754826
16524,0.020830600891
16525,0.022556080681
16526,0.02137381381
16527,0.023445651003
16528,0.021562332539
16529,0.021497884823
16530,0.021966453617
16531,0.021675849649
16532,0.021926852402
16533,0.022083532062
16534,0.022344951563
16535,0.022393595347
16536,0.022844624344
16537,0.022396243943
16538,0.022709295641
16539,0.023084652134
16540,0.023447225376
16541,0.023492617179
16542,0.023358021551
16543,0.023712596907
16544,0.023771781022
16545,0.024095313781
16546,0.023797931449
16547,0.024087697831
16548,0.024112434249
16549,0.024025867319
16550,0.024884585639
16551,0.025206929908
16552,0.025205889447
16553,0.027279476951
16554,0.030004684368
16555,0.032555006936
16556,0.033029385151
16557,0.039920880145
16558,0.047470848031
16559,0.049560160853
16560,0.043809793726
16561,0.035802662162
16562,0.027953689061
16563,0.02238787303
16564,0.018431755938
16565,0.018265782754
16566,0.015776555103
16567,0.015767905036
16568,0.013827618738
16569,0.013612568761
16570,0.013354312493
16571,0.011995438715
16572,0.01186501646
16573,0.011840538293
16574,0.011958426008
16575,0.011951780267
16576,0.012665895192
16577,0.01216697097
16578,0.013165299567
16579,0.012780958007
16580,0.013335076499
16581,0.012883845828
16582,0.012956947278
16583,0.01446324992
16584,0.014202139843
16585,0.013339009009
16586,0.013378995695
16587,0.013383024443
16588,0.014143001771
16589,0.014021140757
16590,0.013780146828
16591,0.013461331883
16592,0.01349517081
16593,0.013216707286
16594,0.013256622168
16595,0.014603211502
16596,0.014460419236
16597,0.014252773474
16598,0.015000472284
16599,0.014734337186
16600,0.014680919813
16601,0.014509418976
16602,0.015752840565
16603,0.015717963125
16604,0.015461338736
16605,0.015225484602
16606,0.014974494815
16607,0.012565111851
16608,0.012697330336
16609,0.012790567212
16610,0.012663216012
16611,0.012625405056
16612,0.012474872312
16613,0.012517532333
16614,0.012534991766
16615,0.012619406036
16616,0.012530495885
16617,0.010369059714
16618,0.010195338246
16619,0.010050265306
16620,0.0095768743546
16621,0.009242444193
16622,0.0091064616379
16623,0.0089888461013
16624,0.0088266020509
16625,0.0087037602393
16626,0.0087453500956
16627,0.009121983692
16628,0.0088259832909
16629,0.0092616266419
16630,0.0095339320463
16631,0.011141064754
16632,0.0096949189935
16633,0.0088646608663
16634,0.0085698821166
16635,0.0086347209042
16636,0.0088898269283
16637,0.0084058634894
16638,0.0082687273308
16639,0.0082683704632
16640,0.0089932953428
16641,0.0082838636127
16642,0.0089424923503
16643,0.011013681202
16644,0.0095035726267
16645,0.011022296704
16646,0.010450417313
16647,0.01166291208
16648,0.011533499291
16649,0.011768883745
16650,0.011914733791
16651,0.012153643478
16652,0.012340228433
16653,0.012351451523
16654,0.012525521995
16655,0.012755221413
16656,0.013266479734
16657,0.014299646246
16658,0.016529892301
16659,0.016706061224
16660,0.016671108618
16661,0.016534474456
16662,0.012533570666
16663,0.013516162222
16664,0.012887641992
16665,0.014246911807
16666,0.013540063585
16667,0.01496867747
16668,0.016449054928
16669,0.017948079352
16670,0.021011606268
16671,0.024506528613
16672,0.02663229654
16673,0.03124745469
16674,0.039191691696
16675,0.036358489823
16676,0.050108597611
16677,0.047893637226
16678,0.056617829851
16679,0.055497158063
16680,0.044492250937
16681,0.057765423556
16682,0.061658775929
16683,0.054213032759
16684,0.053992384298
16685,0.057701838202
16686,0.060826153531
16687,0.061336996231
16688,0.1722349171
16689,0.14389266826
16690,0.2168229078
16691,0.30287861428
16692,0.16344753335
16693,0.15817539758
16694,0.10460407841
16695,0.087381585683
16696,0.20469736465
16697,0.21845471254
16698,0.19259213228
16699,0.16655473241
16700,0.14437259035
16701,0.072780566212
16702,0.19368205923
16703,0.22601790709
16704,0.2179560538
16705,0.23388581725
16706,0.24095330154
16707,0.24699918224
16708,0.017160031002
16709,0.017087644502
16710,0.01710085313
16711,0.017110193496
16712,0.017116064681
16713,0.017086084293
16714,0.017088451903
16715,0.017107939337
16716,0.017122303154
16717,0.017120199096
16718,0.016936335461
16719,0.017118959463
16720,0.017154210418
16721,0.017192367069
16722,0.017187881601
16723,0.017194507009
16724,0.017193273753
16725,0.017153710756
16726,0.017191524889
16727,0.017289869086
16728,0.017235051895
16729,0.01732472998
16730,0.017585881981
16731,0.017285784235
16732,0.017394756969
16733,0.017281270012
16734,0.017481200033
16735,0.017347354368
16736,0.01733785082
16737,0.016372916202
16738,0.01660198588
16739,0.016710115506
16740,0.016679563579
16741,0.016451078825
16742,0.016449020251
16743,0.016507543696
16744,0.016402425218
16745,0.016390067509
16746,0.016375396795
16747,0.01639634427
16748,0.016374376458
16749,0.016368096287
16750,0.016404478051
16751,0.016421936403
16752,0.016441902245
16753,0.016435892426
16754,0.016449300626
16755,0.016489838546
16756,0.016526864709
16757,0.016491921641
16758,0.016568465527
16759,0.016669046462
16760,0.016656681486
16761,0.016668755791
16762,0.017224448003
16763,0.01765598128
16764,0.016947983162
16765,0.017394560452
16766,0.017596162966
16767,0.017555610443
16768,0.017698099707
16769,0.01687076459
16770,0.017472371913
16771,0.0171165777
16772,0.016978378514
16773,0.017135930084
16774,0.016864559551
16775,0.016475473793
16776,0.016872087138
16777,0.020115160039
16778,0.019240917555
16779,0.018438953019
16780,0.018460429506
16781,0.019711992904
16782,0.019301436815
16783,0.021230351674
16784,0.022067088078
16785,0.028343830802
16786,0.023225784692
16787,0.022008870773
16788,0.022068865015
16789,0.022057611708
16790,0.022018462009
16791,0.02208354564
16792,0.022177038802
16793,0.023115533686
16794,0.022123645061
16795,0.022797257297
16796,0.022266586895
16797,0.023533105183
16798,0.023720714284
16799,0.023416324284
16800,0.02342323587
16801,0.023060186289
16802,0.023413480298
16803,0.023250914983
16804,0.023240988574
16805,0.023094684587
16806,0.023493962257
16807,0.024177649743
16808,0.023861628918
16809,0.023672408009
16810,0.024348263958
16811,0.024769116175
16812,0.026652822699
16813,0.028606821951
16814,0.029527876233
16815,0.034596149307
16816,0.040699073516
16817,0.04537074206
16818,0.038095977559
16819,0.032608229446
16820,0.026840899683
16821,0.022037820518
16822,0.018338052974
16823,0.015504353854
16824,0.015537015899
16825,0.01363208772
16826,0.013806126811
16827,0.012200898047
16828,0.012061971908
16829,0.012132803159
16830,0.010815076009
16831,0.011092568314
16832,0.010823782358
16833,0.011177860781
16834,0.010920923943
16835,0.011355543174
16836,0.011252200316
16837,0.011286881267
16838,0.011750206004
16839,0.012421495149
16840,0.012245164503
16841,0.012082487314
16842,0.012419534014
16843,0.01300603296
16844,0.01258620218
16845,0.012650905138
16846,0.014178309481
16847,0.014184474601
16848,0.014166752981
16849,0.01306986377
16850,0.013146697408
16851,0.01404480007
16852,0.01378541968
16853,0.013597017183
16854,0.013277788066
16855,0.013410539864
16856,0.013277668802
16857,0.012963599484
16858,0.013004716457
16859,0.013109125522
16860,0.01426071357
16861,0.01410992852
16862,0.01402409854
16863,0.013964787678
16864,0.014756814294
16865,0.014505718302
16866,0.014460666974
16867,0.014405288841
16868,0.014203319377
16869,0.012979482264
16870,0.012943794635
16871,0.012905313663
16872,0.012833845973
16873,0.012896849864
16874,0.012886621589
16875,0.012690393267
16876,0.012700931562
16877,0.010367813847
16878,0.01035954216
16879,0.010343191179
16880,0.010153863306
16881,0.009345486304
16882,0.0091631149595
16883,0.0089805736276
16884,0.0088221294069
16885,0.0086558894275
16886,0.0085329680943
16887,0.0084912885707
16888,0.0085053544034
16889,0.0086316294887
16890,0.0089204372707
16891,0.0086839636665
16892,0.0093117665793
16893,0.0092534380522
16894,0.0087426714999
16895,0.0085390034971
16896,0.0082831397456
16897,0.0080994588539
16898,0.007927621942
16899,0.0078932027392
16900,0.0080719285128
16901,0.008277614852
16902,0.0080248427795
16903,0.0087289527905
16904,0.0087081318445
16905,0.0090962908086
16906,0.0099861274267
16907,0.011624228662
16908,0.011469082646
16909,0.010989221586
16910,0.01156149339
16911,0.011557579239
16912,0.011739238841
16913,0.011781344687
16914,0.011872764325
16915,0.012042994635
16916,0.012064606183
16917,0.012033112581
16918,0.011764343392
16919,0.011913976499
16920,0.01070044057
16921,0.011744977318
16922,0.011029161566
16923,0.012215393273
16924,0.011489153366
16925,0.012725744313
16926,0.013993836782
16927,0.015271399332
16928,0.016561917667
16929,0.01945883545
16930,0.022739172402
16931,0.024494045583
16932,0.028698578043
16933,0.033735670083
16934,0.040896658581
16935,0.039898450831
16936,0.053603269278
16937,0.053648379787
16938,0.049141325295
16939,0.065554621085
16940,0.061713580905
16941,0.058013157289
16942,0.048701497241
16943,0.044751845192
16944,0.075111750191
16945,0.065637674516
16946,0.06945722014
16947,0.069968368234
16948,0.065538266528
16949,0.06427778716
16950,0.22480272247
16951,0.17938750536
16952,0.14122478973
16953,0.25657263488
16954,0.39795348172
16955,0.20119576573
16956,0.17579867545
16957,0.12466522706
16958,0.092895302044
16959,0.23962221863
16960,0.25147121126
16961,0.23946858897
16962,0.22092520648
16963,0.19648554168
16964,0.17994870714
16965,0.24838530081
16966,0.2275658439
16967,0.24135062517
16968,0.2574599614
16969,0.25318714357
16970,0.017102979644
16971,0.017154135852
16972,0.01713116114
16973,0.017122215389
16974,0.017107564577
16975,0.017132068953
16976,0.017132084566
16977,0.017146996873
16978,0.01714645841
16979,0.017145232284
16980,0.017370709849
16981,0.017374767703
16982,0.017411246432
16983,0.017415527171
16984,0.017681013495
16985,0.018163991043
16986,0.017907241002
16987,0.01821949978
16988,0.01761628075
16989,0.01815943825
16990,0.017762491246
16991,0.016693296792
16992,0.016943882997
16993,0.017041956667
16994,0.016812202274
16995,0.016425322177
16996,0.016406286719
16997,0.016383855857
16998,0.016411309671
16999,0.016418510567
17000,0.016387135123
17001,0.016405709858
17002,0.01640742624
17003,0.016429612161
17004,0.017727132993
17005,0.018124967491
17006,0.01855584489
17007,0.018174459621
17008,0.018315361361
17009,0.018253748834
17010,0.01792263177
17011,0.018048038194
17012,0.017523971097
17013,0.017359187242
17014,0.01745847611
17015,0.019889720986
17016,0.018721653466
17017,0.021211310027
17018,0.022195937299
17019,0.021380869448
17020,0.021407387222
17021,0.021472617049
17022,0.021644928575
17023,0.021879349711
17024,0.021723742656
17025,0.022082342096
17026,0.022879631656
17027,0.023508113501
17028,0.022762040853
17029,0.022840469295
17030,0.022470995623
17031,0.022538476306
17032,0.022483092133
17033,0.022936713256
17034,0.022867823271
17035,0.02261737034
17036,0.023179287046
17037,0.023024350211
17038,0.023291922621
17039,0.023284391711
17040,0.024073011188
17041,0.025237195373
17042,0.025491337251
17043,0.026771258211
17044,0.032815652489
17045,0.038283551208
17046,0.038812072782
17047,0.031838167918
17048,0.028085597135
17049,0.024341702962
17050,0.020801886872
17051,0.017693452079
17052,0.015170239434
17053,0.013106591769
17054,0.013323503886
17055,0.011773677494
17056,0.012009895751
17057,0.010593435275
17058,0.011090839299
17059,0.010615318746
17060,0.011105988468
17061,0.0099566145227
17062,0.0096823684819
17063,0.010215083659
17064,0.01016382366
17065,0.010566391642
17066,0.01037342357
17067,0.010816209724
17068,0.010421790514
17069,0.01070988768
17070,0.010745849274
17071,0.010736633582
17072,0.011154029505
17073,0.011384141297
17074,0.0118237344
17075,0.012328109613
17076,0.012330778497
17077,0.012275685946
17078,0.011935626151
17079,0.012275049636
17080,0.012231963752
17081,0.01272332424
17082,0.012355389209
17083,0.01243312641
17084,0.014307394962
17085,0.014328710399
17086,0.014141516108
17087,0.012880372466
17088,0.013789157915
17089,0.013645126815
17090,0.013455071624
17091,0.013112794878
17092,0.013263856173
17093,0.0131460458
17094,0.012760173004
17095,0.012762375221
17096,0.012894891787
17097,0.012778586331
17098,0.014002661341
17099,0.013942134856
17100,0.013842449324
17101,0.013885932248
17102,0.013783422343
17103,0.014248635491
17104,0.014194239884
17105,0.013935895078
17106,0.013019678605
17107,0.012944566244
17108,0.012874157078
17109,0.012849399142
17110,0.013009330461
17111,0.013343998858
17112,0.013516928981
17113,0.013250966887
17114,0.0104401574
17115,0.010005911607
17116,0.0092580994169
17117,0.0090325970905
17118,0.0088741005454
17119,0.0086900334646
17120,0.0085721982771
17121,0.0084949468149
17122,0.0083560513
17123,0.0083052911003
17124,0.008405069976
17125,0.0085028020293
17126,0.0083274460721
17127,0.0089337712708
17128,0.0085028443038
17129,0.0087115809768
17130,0.0089043229891
17131,0.0081227922998
17132,0.0079827543748
17133,0.0079214076739
17134,0.0077674894517
17135,0.0083010887866
17136,0.0089691724872
17137,0.0082684967766
17138,0.0081601535961
17139,0.00791696937
17140,0.0084703650783
17141,0.0083962153516
17142,0.0090989772839
17143,0.010495551579
17144,0.011856760871
17145,0.011862283116
17146,0.011671943374
17147,0.0095293422131
17148,0.0090224809066
17149,0.0099743127171
17150,0.009208554314
17151,0.010309833829
17152,0.0095967981315
17153,0.010720238702
17154,0.01182715816
17155,0.012919018219
17156,0.013980076891
17157,0.015013817329
17158,0.017932126332
17159,0.020949803395
17160,0.022374416721
17161,0.026069336909
17162,0.030566110379
17163,0.03645857215
17164,0.046010849519
17165,0.041805377902
17166,0.059940159129
17167,0.062318022048
17168,0.054011012446
17169,0.070889391271
17170,0.072064508916
17171,0.068320748312
17172,0.064551603575
17173,0.053800426625
17174,0.049388727121
17175,0.085470730913
17176,0.09837854064
17177,0.087738475603
17178,0.080891906836
17179,0.14933411358
17180,0.17671782222
17181,0.17227063498
17182,0.24127847799
17183,0.20492669685
17184,0.11889257966
17185,0.17107239237
17186,0.2590934058
17187,0.26469436829
17188,0.2575807047
17189,0.25558481382
17190,0.24571601106
17191,0.22699198549
17192,0.2307127931
17193,0.23074145822
17194,0.24198369836
17195,0.2590442092
17196,0.26401390304
17197,0.2525887209
17198,0.017168305776
17199,0.017146604366
17200,0.017175804193
17201,0.017143306212
17202,0.017179547147
17203,0.017182641483
17204,0.018272170292
17205,0.018760785885
17206,0.017336038052
17207,0.017662954877
17208,0.017532744812
17209,0.018364910116
17210,0.018708218608
17211,0.018650612926
17212,0.018331609824
17213,0.017196821156
17214,0.017077492038
17215,0.017858468775
17216,0.019759975614
17217,0.018885068495
17218,0.018970249358
17219,0.018960950028
17220,0.018688540962
17221,0.0187234457
17222,0.017843507363
17223,0.021138288459
17224,0.020988691262
17225,0.021141240627
17226,0.021199086053
17227,0.021360216258
17228,0.021466069864
17229,0.021782359544
17230,0.022047228965
17231,0.022426785386
17232,0.022111837639
17233,0.02258177754
17234,0.021531907076
17235,0.021821009412
17236,0.021965276944
17237,0.022281695781
17238,0.022025370559
17239,0.0217250514
17240,0.022224130355
17241,0.022185069515
17242,0.022350810623
17243,0.022247035316
17244,0.02283915646
17245,0.02260502629
17246,0.023242360351
17247,0.023662877698
17248,0.023214065123
17249,0.02336876842
17250,0.024923267429
17251,0.02828966328
17252,0.031084922203
17253,0.032432166204
17254,0.026831113701
17255,0.022797450279
17256,0.021176169407
17257,0.018930355349
17258,0.016524764021
17259,0.014419986122
17260,0.012639954767
17261,0.011105365217
17262,0.011445982526
17263,0.010183053527
17264,0.010475885589
17265,0.0093380562471
17266,0.0092879017878
17267,0.010022061316
17268,0.0095523877131
17269,0.0090917535634
17270,0.0089805834449
17271,0.0094921219267
17272,0.0090729751213
17273,0.0097037698943
17274,0.0098126486635
17275,0.010003575723
17276,0.010008343701
17277,0.010509098682
17278,0.010264899169
17279,0.010032624163
17280,0.010486001112
17281,0.010484093277
17282,0.010394630531
17283,0.010445956961
17284,0.010637838803
17285,0.011004566916
17286,0.011402417113
17287,0.012591455512
17288,0.012094210753
17289,0.011773905881
17290,0.012376341768
17291,0.012176397102
17292,0.012824742906
17293,0.012755145066
17294,0.01264307212
17295,0.012494645963
17296,0.012642154229
17297,0.012554860652
17298,0.013588212851
17299,0.013358916652
17300,0.01320720199
17301,0.013105056163
17302,0.013247748228
17303,0.013364191095
17304,0.012605090575
17305,0.012702266309
17306,0.012751074432
17307,0.012810775731
17308,0.012989812822
17309,0.013767021619
17310,0.013752002264
17311,0.013689800936
17312,0.01367258253
17313,0.013676466506
17314,0.013597233198
17315,0.014023755523
17316,0.013899050312
17317,0.013785773441
17318,0.012927477445
17319,0.012827428994
17320,0.012870633274
17321,0.013628751456
17322,0.014216706656
17323,0.01447504229
17324,0.014111890529
17325,0.010577236611
17326,0.0094956772126
17327,0.0090517583196
17328,0.0089157520951
17329,0.0087287293988
17330,0.0086015059971
17331,0.0084760356314
17332,0.0083693980798
17333,0.0081596746866
17334,0.0081424092698
17335,0.008118260507
17336,0.0079691954237
17337,0.0079203831002
17338,0.007851609289
17339,0.0076262129921
17340,0.00816247592
17341,0.0084758736939
17342,0.0074610513176
17343,0.0080558383572
17344,0.0074822474835
17345,0.0074613358112
17346,0.0077541992478
17347,0.0080755141911
17348,0.0076938255619
17349,0.0079923053254
17350,0.0083747020388
17351,0.0075267507823
17352,0.0083276513902
17353,0.007372379955
17354,0.0084671938366
17355,0.0078396666923
17356,0.0089052878873
17357,0.0098952230111
17358,0.010814795798
17359,0.011683426931
17360,0.012544986137
17361,0.013068826116
17362,0.014558390168
17363,0.016660273109
17364,0.019262637694
17365,0.020343650867
17366,0.023502577637
17367,0.027278599621
17368,0.031787319018
17369,0.041175995989
17370,0.037078523235
17371,0.051418682757
17372,0.049344847775
17373,0.045967185459
17374,0.068849060074
17375,0.072653272352
17376,0.060460432526
17377,0.067876097082
17378,0.095732118569
17379,0.09315897229
17380,0.091619460391
17381,0.078718758461
17382,0.074737085
17383,0.060065793838
17384,0.05327967717
17385,0.057547698691
17386,0.15304772018
17387,0.13194358636
17388,0.12651900963
17389,0.12778352637
17390,0.16916135192
17391,0.16613995023
17392,0.1969704344
17393,0.19418885448
17394,0.23888353216
17395,0.22262505427
17396,0.22236616403
17397,0.26660726349
17398,0.26796755342
17399,0.26489897902
17400,0.25962103785
17401,0.2589926102
17402,0.25877085646
17403,0.25856410398
17404,0.2652900144
17405,0.23763411727
17406,0.26059627459
17407,0.26419755457
17408,0.24998933806
17409,0.01717100548
17410,0.01923524107
17411,0.018780910227
17412,0.019311038379
17413,0.019256895227
17414,0.018287117451
17415,0.019053456767
17416,0.019164413547
17417,0.019383675553
17418,0.018239882805
17419,0.019870185979
17420,0.023773420183
17421,0.025640862331
17422,0.019145296352
17423,0.019141197256
17424,0.019192221797
17425,0.019207405223
17426,0.019426534409
17427,0.020555814949
17428,0.020682659026
17429,0.020793870714
17430,0.020999538294
17431,0.021195796047
17432,0.021247709691
17433,0.021426703734
17434,0.021637738519
17435,0.021271956071
17436,0.02119068977
17437,0.020842119553
17438,0.021100054286
17439,0.021545151029
17440,0.021714099569
17441,0.021243940696
17442,0.020921929715
17443,0.021337950127
17444,0.021556477539
17445,0.021290745593
17446,0.021646549105
17447,0.021428605582
17448,0.021539074852
17449,0.021995897862
17450,0.021550535555
17451,0.021944478322
17452,0.022024049056
17453,0.021128428937
17454,0.02184214966
17455,0.020920979857
17456,0.022516557868
17457,0.022699878273
17458,0.026234511143
17459,0.02630894302
17460,0.026167969029
17461,0.021854441816
17462,0.020062126233
17463,0.017494376249
17464,0.01772821179
17465,0.017381501804
17466,0.014929221444
17467,0.013345078943
17468,0.011908573669
17469,0.010603028752
17470,0.0093284889602
17471,0.0098649408738
17472,0.0088650847672
17473,0.0091581368702
17474,0.0082484579118
17475,0.0084229997168
17476,0.0084358201718
17477,0.009025004383
17478,0.0086262756497
17479,0.0083953473456
17480,0.0086151083855
17481,0.0089933976213
17482,0.009120854186
17483,0.0093760592379
17484,0.0091120817546
17485,0.0095948450143
17486,0.0097900663406
17487,0.0098218639528
17488,0.0096678339801
17489,0.0097169222465
17490,0.010456206576
17491,0.010340552078
17492,0.010129436171
17493,0.0099112621807
17494,0.010362479061
17495,0.010154851208
17496,0.010225640781
17497,0.010075716118
17498,0.010166248686
17499,0.010363815594
17500,0.010653736621
17501,0.011043309313
17502,0.011504751054
17503,0.01236283086
17504,0.012175112847
17505,0.01259928556
17506,0.01381479398
17507,0.014081036908
17508,0.013475259783
17509,0.012490581984
17510,0.013431835845
17511,0.014032979711
17512,0.013414507593
17513,0.01281379042
17514,0.013722670068
17515,0.013865256822
17516,0.013846522381
17517,0.013621085701
17518,0.014865243009
17519,0.014021659068
17520,0.013952481173
17521,0.01588999268
17522,0.014995250473
17523,0.016658330657
17524,0.014896104471
17525,0.0097383741707
17526,0.0092942065415
17527,0.0090254132601
17528,0.0088259126412
17529,0.0086681895941
17530,0.0085226852736
17531,0.0083680692778
17532,0.0083360740271
17533,0.0082341149591
17534,0.0080722192317
17535,0.0079736405605
17536,0.0080055662817
17537,0.007906410658
17538,0.007727933158
17539,0.0073458789345
17540,0.0072503296693
17541,0.0075081159656
17542,0.0075065118885
17543,0.0074753876567
17544,0.0072627435756
17545,0.0071993427124
17546,0.0071066606097
17547,0.0072925943817
17548,0.0064848094516
17549,0.0063422033951
17550,0.0070877236295
17551,0.006042740074
17552,0.0061311375021
17553,0.00666612593
17554,0.0063088437805
17555,0.007277761256
17556,0.0081544115566
17557,0.0089324854466
17558,0.0096451734903
17559,0.010281299966
17560,0.011418938883
17561,0.011991770197
17562,0.013004295015
17563,0.014018641678
17564,0.01566403494
17565,0.017744563383
17566,0.018409007522
17567,0.02104287342
17568,0.024274136491
17569,0.027955733336
17570,0.032055988787
17571,0.044471980035
17572,0.04175191792
17573,0.040905167922
17574,0.036179325335
17575,0.056177297886
17576,0.054534564248
17577,0.052280346419
17578,0.051383888163
17579,0.048107796902
17580,0.080355446112
17581,0.082217170925
17582,0.075353850501
17583,0.065192982128
17584,0.071465398006
17585,0.12913503691
17586,0.12599973124
17587,0.11432199008
17588,0.10666602008
17589,0.086101226262
17590,0.063272871477
17591,0.061509025875
17592,0.20133397731
17593,0.19041891968
17594,0.19554642172
17595,0.19023980478
17596,0.18600767304
17597,0.19937593725
17598,0.20294789286
17599,0.215121457
17600,0.23313410215
17601,0.26179653027
17602,0.28712542177
17603,0.26021394153
17604,0.26703311286
17605,0.26870845333
17606,0.26681785729
17607,0.26281903529
17608,0.26015139249
17609,0.26005173094
17610,0.26088968612
17611,0.2631020364
17612,0.2678724295
17613,0.22884494916
17614,0.24150168728
17615,0.25267259746
17616,0.26198200092
17617,0.01935348913
17618,0.019128300167
17619,0.019443581556
17620,0.019077148821
17621,0.019509381088
17622,0.019469379082
17623,0.019470342914
17624,0.019528570807
17625,0.023214444858
17626,0.027475406958
17627,0.029582669685
17628,0.029954200391
17629,0.019271344205
17630,0.019153715128
17631,0.019330886782
17632,0.021977498476
17633,0.023319754237
17634,0.023936502098
17635,0.024554275611
17636,0.024900543665
17637,0.022580484281
17638,0.02094715936
17639,0.021076010493
17640,0.020602641517
17641,0.020629626837
17642,0.020710145829
17643,0.020044046127
17644,0.020954543841
17645,0.021161037132
17646,0.020671896209
17647,0.020182939732
17648,0.020687587385
17649,0.020907529038
17650,0.020548882762
17651,0.020945450507
17652,0.020458318614
17653,0.020874864571
17654,0.021155769286
17655,0.020627040703
17656,0.020961916956
17657,0.021197016837
17658,0.020659390679
17659,0.019730778449
17660,0.020667326166
17661,0.019261370701
17662,0.01931524707
17663,0.019658808716
17664,0.020753204795
17665,0.020132707154
17666,0.020971640351
17667,0.023783955249
17668,0.022640972852
17669,0.023222382996
17670,0.021760280191
17671,0.018684950053
17672,0.016841822505
17673,0.014916408301
17674,0.014578153721
17675,0.014929115396
17676,0.01260180245
17677,0.01195114027
17678,0.010982526728
17679,0.0099686653601
17680,0.0089956711337
17681,0.0082363261218
17682,0.0080199250271
17683,0.0087103202918
17684,0.0076546238548
17685,0.0079846216155
17686,0.0071848559806
17687,0.0075610029515
17688,0.0077837600692
17689,0.0078698370574
17690,0.0082636969763
17691,0.0080190742657
17692,0.0080661414333
17693,0.0077539525738
17694,0.0081789064225
17695,0.0088379094331
17696,0.0092298742296
17697,0.0094919412799
17698,0.009499456436
17699,0.0092972728055
17700,0.009263649766
17701,0.0094767062877
17702,0.0094986631029
17703,0.0097924950599
17704,0.0098259990388
17705,0.010230645135
17706,0.0093162033376
17707,0.0094541113466
17708,0.010240869531
17709,0.0100379714
17710,0.0098885969035
17711,0.010033821038
17712,0.010422801824
17713,0.010170644775
17714,0.010236478665
17715,0.010639280912
17716,0.010710965324
17717,0.011221762563
17718,0.011825360096
17719,0.015160214331
17720,0.016453784644
17721,0.024074300147
17722,0.022893317118
17723,0.023645078249
17724,0.0094085102459
17725,0.0091883742486
17726,0.0089175109909
17727,0.008803042215
17728,0.0086349140303
17729,0.0085719089394
17730,0.0084259586469
17731,0.0082834980188
17732,0.0082430522247
17733,0.0081308750026
17734,0.0079263647038
17735,0.0077968192468
17736,0.0078278211338
17737,0.0076731833507
17738,0.0073437325734
17739,0.0072298137638
17740,0.0073869668005
17741,0.0073288288411
17742,0.0070921760958
17743,0.0070191314071
17744,0.0068716801107
17745,0.0069126984825
17746,0.0067291421982
17747,0.0064613606652
17748,0.0061406813151
17749,0.0055916249904
17750,0.0054617242719
17751,0.0047428506313
17752,0.0053046825084
17753,0.0053398550782
17754,0.0053052514551
17755,0.0049912354529
17756,0.0058196944608
17757,0.0065952526822
17758,0.0072751789114
17759,0.0078832268371
17760,0.0083626617439
17761,0.0085503483373
17762,0.0098636868916
17763,0.010826263893
17764,0.011657899288
17765,0.012806931666
17766,0.013379039251
17767,0.014781091879
17768,0.016399872295
17769,0.016577284275
17770,0.01849848818
17771,0.021542111251
17772,0.02468916698
17773,0.028118554896
17774,0.031737989118
17775,0.045503421924
17776,0.04499356878
17777,0.040433499434
17778,0.035409208296
17779,0.059821823211
17780,0.058108840828
17781,0.054968505819
17782,0.055484745728
17783,0.053663643864
17784,0.051642043641
17785,0.049818647591
17786,0.091481915464
17787,0.088009545908
17788,0.09148245466
17789,0.088146757626
17790,0.081716749717
17791,0.077007696707
17792,0.069051344603
17793,0.075011392665
17794,0.18690815295
17795,0.17827662343
17796,0.14994097322
17797,0.13386022701
17798,0.1018506602
17799,0.067400009442
17800,0.067062051921
17801,0.063116019005
17802,0.24783186283
17803,0.24831985313
17804,0.25557265269
17805,0.26247579872
17806,0.21512011416
17807,0.22159195276
17808,0.22793983712
17809,0.26141103739
17810,0.24456625112
17811,0.2853603603
17812,0.32890531724
17813,0.26726203953
17814,0.2617768456
17815,0.26800722707
17816,0.2679198509
17817,0.26518764449
17818,0.26071424941
17819,0.25971012243
17820,0.26099990537
17821,0.2622219938
17822,0.2665246809
17823,0.26869054447
17824,0.23277999206
17825,0.23997958923
17826,0.24772934092
17827,0.25411970978
17828,0.019509238537
17829,0.019490113244
17830,0.019267430873
17831,0.019536355047
17832,0.019524303311
17833,0.019594543323
17834,0.01956791874
17835,0.030520136511
17836,0.034207118174
17837,0.036833926778
17838,0.027289411229
17839,0.02662019083
17840,0.026634023802
17841,0.02701818018
17842,0.026611457234
17843,0.024317166472
17844,0.021453532376
17845,0.019895592468
17846,0.020197601398
17847,0.020076148393
17848,0.019910324705
17849,0.01947583972
17850,0.020106015891
17851,0.019814955297
17852,0.020287317577
17853,0.019828382918
17854,0.019632442052
17855,0.020247160769
17856,0.02039706363
17857,0.019768859732
17858,0.020108212942
17859,0.02038539636
17860,0.019714369885
17861,0.018911631324
17862,0.018913723049
17863,0.018001534893
17864,0.018543013434
17865,0.017946581695
17866,0.01912055106
17867,0.018748493278
17868,0.018865761619
17869,0.018576553239
17870,0.020408006144
17871,0.020824689134
17872,0.01904254918
17873,0.016619364126
17874,0.015840769306
17875,0.014098081354
17876,0.013234567746
17877,0.01261393098
17878,0.012590770611
17879,0.012263117126
17880,0.012986861145
17881,0.010953000597
17882,0.010506254806
17883,0.0099285333944
17884,0.0092154738967
17885,0.0084211475658
17886,0.0076016706062
17887,0.007320089021
17888,0.0069856865958
17889,0.0065763650908
17890,0.007005450095
17891,0.0065029464388
17892,0.0063273970503
17893,0.0067357119281
17894,0.0071483793058
17895,0.0073005221251
17896,0.0075845323484
17897,0.0075852750323
17898,0.0073879343146
17899,0.0074665453987
17900,0.0080835574906
17901,0.0077416906229
17902,0.008379943252
17903,0.0088144634573
17904,0.0096774967916
17905,0.010111939311
17906,0.010034415341
17907,0.010200388592
17908,0.0094358069377
17909,0.0095541295032
17910,0.0097768835555
17911,0.0095863981623
17912,0.0095877086401
17913,0.009471319952
17914,0.0093646205437
17915,0.0092586829537
17916,0.0098280801122
17917,0.010062036326
17918,0.0099785106769
17919,0.010312338209
17920,0.010581915996
17921,0.010496027015
17922,0.010858709882
17923,0.011178217995
17924,0.011319459382
17925,0.012227883409
17926,0.0093731562778
17927,0.0090957663111
17928,0.0088019904715
17929,0.0087146825344
17930,0.0086546001585
17931,0.0085209097877
17932,0.0084198096564
17933,0.0083104012176
17934,0.0081386000746
17935,0.0080094738791
17936,0.0078739725766
17937,0.0076356625109
17938,0.0076152923463
17939,0.0074428994464
17940,0.0073683420144
17941,0.0071207019685
17942,0.0071540042422
17943,0.0071727935543
17944,0.006704893565
17945,0.0067192717512
17946,0.0061960903101
17947,0.0055379503406
17948,0.0051273650418
17949,0.0044905919942
17950,0.0043683479134
17951,0.0043796250858
17952,0.0041879175219
17953,0.003865025732
17954,0.0045360984875
17955,0.0051986725836
17956,0.0057976976286
17957,0.0063179391144
17958,0.0067375830266
17959,0.0070295569631
17960,0.0072015798549
17961,0.0085056761525
17962,0.0095857148645
17963,0.010414320555
17964,0.010543637753
17965,0.012016779419
17966,0.012639564244
17967,0.014064925981
17968,0.015333993503
17969,0.014922437219
17970,0.016007509078
17971,0.016957469988
17972,0.019222729055
17973,0.021842863694
17974,0.024749422506
17975,0.027909351572
17976,0.031250284044
17977,0.048778859789
17978,0.048960169829
17979,0.04559190482
17980,0.038356329157
17981,0.042015707623
17982,0.034846590269
17983,0.061940297352
17984,0.061436903637
17985,0.058394837426
17986,0.05891410232
17987,0.05593199908
17988,0.053933811195
17989,0.052947989031
17990,0.052002031109
17991,0.10170107592
17992,0.096589682518
17993,0.099680197173
17994,0.094466282989
17995,0.093754909142
17996,0.087082022959
17997,0.081303270134
17998,0.072897256876
17999,0.078338535614
18000,0.26335036518
18001,0.26447012037
18002,0.21215669216
18003,0.18224681042
18004,0.15288755306
18005,0.12647121089
18006,0.071781771956
18007,0.071645917371
18008,0.067770101408
18009,0.06516513446
18010,0.25829404555
18011,0.25790333419
18012,0.26966070166
18013,0.28358484499
18014,0.23374694867
18015,0.2568989242
18016,0.27179864692
18017,0.24606611615
18018,0.29947303535
18019,0.35171259674
18020,0.2652610958
18021,0.25269274282
18022,0.26067304614
18023,0.2642303
18024,0.26830104801
18025,0.26240424112
18026,0.25975626072
18027,0.25959629981
18028,0.25996138289
18029,0.26175159491
18030,0.26473073062
18031,0.26644498283
18032,0.26511289371
18033,0.24243998723
18034,0.24763433016
18035,0.019571955215
18036,0.01962647012
18037,0.036145100178
18038,0.03984559609
18039,0.040926340176
18040,0.029853800894
18041,0.032969742279
18042,0.029319776223
18043,0.028608944371
18044,0.028352823986
18045,0.027475653493
18046,0.025807608619
18047,0.023685881362
18048,0.023454085792
18049,0.021216544619
18050,0.019300924034
18051,0.018916464548
18052,0.019296063978
18053,0.019082322418
18054,0.019125040528
18055,0.019650772644
18056,0.018829083146
18057,0.019018032851
18058,0.019213931725
18059,0.019255777174
18060,0.019668624469
18061,0.018989347503
18062,0.018135905933
18063,0.018328367935
18064,0.016773348264
18065,0.016876609318
18066,0.017348364182
18067,0.016612385201
18068,0.01785299062
18069,0.017887732908
18070,0.017211803307
18071,0.016871196367
18072,0.017861283665
18073,0.018731998557
18074,0.016643808732
18075,0.014801624721
18076,0.014598976013
18077,0.014010223189
18078,0.012792011397
18079,0.012582525433
18080,0.011638917289
18081,0.011468388778
18082,0.011126831089
18083,0.010596287036
18084,0.009173375211
18085,0.0091349921558
18086,0.0088404841409
18087,0.0084366334509
18088,0.0078725858
18089,0.0071829983817
18090,0.0064491982114
18091,0.0067207895254
18092,0.0063830571932
18093,0.0059315017238
18094,0.0057694909585
18095,0.0062159140265
18096,0.0058401351552
18097,0.005822878025
18098,0.0060513207644
18099,0.0066809829235
18100,0.0062366362335
18101,0.0069600271923
18102,0.0067354692714
18103,0.0070020464057
18104,0.0071597509287
18105,0.0071866993232
18106,0.007117746598
18107,0.0072304192815
18108,0.0074539857869
18109,0.0083393681227
18110,0.0079566170778
18111,0.0081556045712
18112,0.007669637591
18113,0.010116019402
18114,0.010311035784
18115,0.0094876845209
18116,0.0094086151665
18117,0.0097324700202
18118,0.010178878792
18119,0.010282755221
18120,0.010435958681
18121,0.010722214746
18122,0.010820367898
18123,0.011203467362
18124,0.011284061407
18125,0.011246859969
18126,0.011783354933
18127,0.0092192524952
18128,0.0089316407147
18129,0.0087361363294
18130,0.0085643034427
18131,0.0084387896903
18132,0.0083292853119
18133,0.0082100455442
18134,0.0080909545185
18135,0.0081831111266
18136,0.0081662737777
18137,0.0080755017585
18138,0.0079788188745
18139,0.0077867153047
18140,0.0078457403195
18141,0.0076229895982
18142,0.0076910581145
18143,0.0076409371458
18144,0.0074189484416
18145,0.0073118316725
18146,0.0074968812568
18147,0.0075166084895
18148,0.0074584723329
18149,0.0071361443733
18150,0.0073351206723
18151,0.0068556190385
18152,0.0063743643094
18153,0.0059313447356
18154,0.0055113714285
18155,0.0047486404304
18156,0.0040804473119
18157,0.0036810061512
18158,0.0034715303117
18159,0.0032223933617
18160,0.0029025301653
18161,0.0034305678614
18162,0.0039630274863
18163,0.0044669179903
18164,0.0048999765595
18165,0.0052662580668
18166,0.0055690433817
18167,0.0057954041764
18168,0.0060346283918
18169,0.0073515338436
18170,0.0084509453537
18171,0.0094467799711
18172,0.0093636574512
18173,0.0097740459979
18174,0.011109961792
18175,0.012008364427
18176,0.013407080039
18177,0.014190080135
18178,0.015027284188
18179,0.015788748638
18180,0.017322050539
18181,0.019361973826
18182,0.021762930248
18183,0.024498899947
18184,0.027488930061
18185,0.03054717345
18186,0.051519747799
18187,0.051582560269
18188,0.050934107552
18189,0.049392742458
18190,0.048174970443
18191,0.045506304073
18192,0.039183279847
18193,0.043101129331
18194,0.032988194531
18195,0.036519210319
18196,0.064503386092
18197,0.064241318648
18198,0.061575663275
18199,0.062285734811
18200,0.05806682422
18201,0.060775984184
18202,0.055520189809
18203,0.054832450937
18204,0.054216299456
18205,0.11993216914
18206,0.1077122884
18207,0.11360672361
18208,0.10108527842
18209,0.10007166832
18210,0.093182361129
18211,0.08725882602
18212,0.084432111926
18213,0.07643022811
18214,0.081575019209
18215,0.29516800037
18216,0.29999893463
18217,0.27777454394
18218,0.23710297126
18219,0.2224973063
18220,0.1815182669
18221,0.15602446678
18222,0.13951493058
18223,0.07572545539
18224,0.076006836216
18225,0.072179101192
18226,0.068677602627
18227,0.067456482165
18228,0.2577399404
18229,0.2637313926
18230,0.27285168672
18231,0.28326670948
18232,0.29321747075
18233,0.25396108994
18234,0.26195252205
18235,0.27811058825
18236,0.24765281138
18237,0.30444423644
18238,0.33490269182
18239,0.38437227484
18240,0.25744315344
18241,0.24642129048
18242,0.25065572415
18243,0.25487212191
18244,0.25511688763
18245,0.25937342576
18246,0.25811014008
18247,0.26336735642
18248,0.25568373754
18249,0.25725727519
18250,0.2551334784
18251,0.24885134527
18252,0.25552129839
18253,0.26172794866
18254,0.2562850256
18255,0.25430755902
18256,0.25459637714
18257,0.24945867254
18258,0.045069017412
18259,0.045289924435
18260,0.031825937759
18261,0.034026825437
18262,0.037199315325
18263,0.03122056749
18264,0.030180533182
18265,0.029826935205
18266,0.028805339565
18267,0.027636207889
18268,0.025839614094
18269,0.028686132737
18270,0.027852397057
18271,0.019269998205
18272,0.018499854182
18273,0.018626307332
18274,0.018536154068
18275,0.018576310021
18276,0.018451697636
18277,0.018873377653
18278,0.018251569076
18279,0.018474707261
18280,0.018724259415
18281,0.018618688792
18282,0.018615014574
18283,0.018420858791
18284,0.017538913145
18285,0.017959179091
18286,0.016009016422
18287,0.01602863489
18288,0.016419673555
18289,0.015921145892
18290,0.016784195266
18291,0.015304202561
18292,0.015622176491
18293,0.016842065652
18294,0.015876857883
18295,0.01604243075
18296,0.015563907157
18297,0.016207672052
18298,0.016973383086
18299,0.015083268067
18300,0.0154904742
18301,0.014175638694
18302,0.013439492701
18303,0.013389171204
18304,0.013066842
18305,0.012014469427
18306,0.011467436675
18307,0.010761872484
18308,0.010511990117
18309,0.0099614247291
18310,0.0098045112119
18311,0.0087234215337
18312,0.0080439024913
18313,0.0079361397071
18314,0.0077634747713
18315,0.0075454732871
18316,0.0073789436975
18317,0.0067452801632
18318,0.0060486949422
18319,0.005464323628
18320,0.0058845963947
18321,0.0054884011195
18322,0.0051381209036
18323,0.0053137555283
18324,0.0053003088394
18325,0.0056419432918
18326,0.0054730131857
18327,0.0055779075816
18328,0.0055044607557
18329,0.0057152124344
18330,0.0060176097577
18331,0.0063473409213
18332,0.0061461666991
18333,0.0064001528262
18334,0.0065785160389
18335,0.0067126684459
18336,0.0069396292958
18337,0.0069030105592
18338,0.0069578685475
18339,0.0072298889455
18340,0.0074583323662
18341,0.0076540200353
18342,0.0095994519788
18343,0.0097059229053
18344,0.0094788709228
18345,0.0098994500775
18346,0.010250401428
18347,0.010087877291
18348,0.010453235126
18349,0.010231675696
18350,0.010702123671
18351,0.010951549282
18352,0.011114317972
18353,0.011139957035
18354,0.011033556544
18355,0.010555400253
18356,0.0091740560637
18357,0.0089011717414
18358,0.0086722496602
18359,0.0085192248093
18360,0.0083503126405
18361,0.0082206240841
18362,0.0083200708806
18363,0.0083298588272
18364,0.0082367985377
18365,0.0081695698036
18366,0.0081117247671
18367,0.0080061304964
18368,0.0078142074171
18369,0.0079221772749
18370,0.0079427273942
18371,0.0076973876174
18372,0.0079236848666
18373,0.0078275915518
18374,0.0078495241638
18375,0.0079307012293
18376,0.007786211184
18377,0.0074289372697
18378,0.0070613986613
18379,0.0067280054227
18380,0.0064080110577
18381,0.0058216256814
18382,0.0050509902496
18383,0.0043032561043
18384,0.0035193191813
18385,0.0027827841767
18386,0.0023808504485
18387,0.0020767518981
18388,0.0024922909672
18389,0.0029043886187
18390,0.0032926552307
18391,0.0036465152814
18392,0.0039518640201
18393,0.0041883341344
18394,0.0043855431131
18395,0.0045923340478
18396,0.0048838049061
18397,0.0064384879813
18398,0.0075160700848
18399,0.0083160867095
18400,0.0087127777628
18401,0.0089593973997
18402,0.0099074721011
18403,0.010938588367
18404,0.011386675166
18405,0.012661114123
18406,0.01316939644
18407,0.014156268406
18408,0.015570994301
18409,0.017168285366
18410,0.019064056218
18411,0.021341642562
18412,0.024091842712
18413,0.027013486852
18414,0.029992543384
18415,0.053647104557
18416,0.052891607941
18417,0.051898567872
18418,0.050922245399
18419,0.049706221295
18420,0.047978823239
18421,0.046184564996
18422,0.040506878507
18423,0.045212736906
18424,0.043178892575
18425,0.033200971385
18426,0.039052249719
18427,0.036120276057
18428,0.066932472644
18429,0.066702963026
18430,0.064404043121
18431,0.064870092602
18432,0.063295037117
18433,0.059876481578
18434,0.057403869916
18435,0.062214886768
18436,0.056860995824
18437,0.056508746166
18438,0.13958942117
18439,0.12355913767
18440,0.13373738318
18441,0.11042904198
18442,0.12500934478
18443,0.10731466169
18444,0.099406299858
18445,0.091901736492
18446,0.08762555614
18447,0.079470507178
18448,0.084146157794
18449,0.30012199263
18450,0.30688931231
18451,0.30664422693
18452,0.28015310103
18453,0.257531166
18454,0.21266851938
18455,0.18155637987
18456,0.16479924271
18457,0.080115064423
18458,0.081040214064
18459,0.076848022997
18460,0.07296225486
18461,0.070431821209
18462,0.069604516604
18463,0.25952145352
18464,0.26753031164
18465,0.27434846475
18466,0.2838950437
18467,0.29273300452
18468,0.29927519995
18469,0.2529398092
18470,0.26482526552
18471,0.28433768651
18472,0.24856595834
18473,0.30345700663
18474,0.34396579739
18475,0.3924473732
18476,0.2543367593
18477,0.25039812573
18478,0.25090815597
18479,0.25361356055
18480,0.24789900969
18481,0.24975910646
18482,0.24220942669
18483,0.24526909898
18484,0.24210404828
18485,0.22725918908
18486,0.2328887463
18487,0.23799497269
18488,0.22579230432
18489,0.23051956338
18490,0.23389714353
18491,0.21637816248
18492,0.21238750676
18493,0.047855160311
18494,0.048877088057
18495,0.047501644838
18496,0.033456343106
18497,0.035398231135
18498,0.037405711052
18499,0.039078996029
18500,0.032238123042
18501,0.031473191029
18502,0.030889233824
18503,0.029864798669
18504,0.029156488185
18505,0.029542820505
18506,0.031482658685
18507,0.018800943747
18508,0.018295941552
18509,0.018090155091
18510,0.018115749698
18511,0.018310914081
18512,0.017943434906
18513,0.018442943831
18514,0.017747959087
18515,0.018121172113
18516,0.018115608523
18517,0.018285384771
18518,0.018204205331
18519,0.018211563909
18520,0.016897574448
18521,0.017419327763
18522,0.017832209764
18523,0.015429305887
18524,0.015653137266
18525,0.015874165865
18526,0.015483721116
18527,0.015462355764
18528,0.016262759192
18529,0.015279608546
18530,0.016349263843
18531,0.014549336296
18532,0.014792151986
18533,0.014443519519
18534,0.014704854597
18535,0.01489560049
18536,0.014514083002
18537,0.015154846741
18538,0.014273025132
18539,0.014324841143
18540,0.013472734153
18541,0.01268123418
18542,0.012642951976
18543,0.012393619454
18544,0.011420596221
18545,0.011784836751
18546,0.011134619743
18547,0.010533354454
18548,0.010315820895
18549,0.009916307608
18550,0.0094438869629
18551,0.0087842832281
18552,0.0087948359346
18553,0.0075436536369
18554,0.0075814869032
18555,0.0068987975401
18556,0.0067395469094
18557,0.0065971526584
18558,0.0063550924672
18559,0.005622000807
18560,0.0049586718589
18561,0.0047881430534
18562,0.0049430789823
18563,0.0050266109702
18564,0.0049767829091
18565,0.0050295080273
18566,0.0052410296687
18567,0.0050776289088
18568,0.0051953245908
18569,0.0052658015307
18570,0.0053677931291
18571,0.0053858486927
18572,0.0054192902405
18573,0.0059122531177
18574,0.0060537352471
18575,0.006236729355
18576,0.0060057731617
18577,0.0063117205393
18578,0.0065556088073
18579,0.0064460926747
18580,0.0066567535482
18581,0.0066620798704
18582,0.0067698021972
18583,0.00683793257
18584,0.0070361757847
18585,0.0072078507528
18586,0.0074112346933
18587,0.0075841103124
18588,0.0092208492033
18589,0.0092961273129
18590,0.0096181359432
18591,0.0097342271497
18592,0.01001346217
18593,0.0097178565378
18594,0.010426895703
18595,0.010148663174
18596,0.010042071871
18597,0.010553765434
18598,0.010936632477
18599,0.010796749443
18600,0.010666728421
18601,0.010462834564
18602,0.010740843763
18603,0.0091568177515
18604,0.0089269178594
18605,0.0087726836227
18606,0.0086815668938
18607,0.0084653148788
18608,0.0083758769181
18609,0.0084301039629
18610,0.0084658652494
18611,0.0084751138509
18612,0.0084213948465
18613,0.0083676766857
18614,0.0082982966137
18615,0.0083126072452
18616,0.0082799695923
18617,0.0081809717164
18618,0.0081633481264
18619,0.0081713522945
18620,0.0082680081115
18621,0.0079976991449
18622,0.0081204220784
18623,0.0080746471288
18624,0.008057267403
18625,0.0081013318791
18626,0.0080585016292
18627,0.008272492031
18628,0.008177325381
18629,0.0080901877498
18630,0.0078670017934
18631,0.007593627323
18632,0.007487491578
18633,0.0072071049472
18634,0.0072180685281
18635,0.0066698528314
18636,0.0061161145906
18637,0.0054128271447
18638,0.0046251330574
18639,0.0038640934846
18640,0.0031377990367
18641,0.0024774155472
18642,0.0019109894428
18643,0.0014400344126
18644,0.0016806064122
18645,0.0019881102391
18646,0.0022758464862
18647,0.0025460603829
18648,0.0027762065165
18649,0.0029489559541
18650,0.0030804826325
18651,0.0031975606696
18652,0.0033464350477
18653,0.0034250662159
18654,0.0058091140731
18655,0.0045912133888
18656,0.007036275945
18657,0.0076786444064
18658,0.0081860817454
18659,0.0082711878825
18660,0.0090218424662
18661,0.0095974087218
18662,0.010362734258
18663,0.010647193788
18664,0.011111085712
18665,0.0118696319
18666,0.011702765798
18667,0.012695320281
18668,0.012855817811
18669,0.014101631032
18670,0.014993496752
18671,0.016885809893
18672,0.018077159746
18673,0.020898922198
18674,0.023673334559
18675,0.026554558519
18676,0.029801167672
18677,0.055166025704
18678,0.054088366314
18679,0.053173405448
18680,0.052630296515
18681,0.051452727175
18682,0.049963860681
18683,0.048318244014
18684,0.047021381635
18685,0.042158115904
18686,0.046844158596
18687,0.044934124779
18688,0.034001513871
18689,0.041197916783
18690,0.037925114857
18691,0.069043709024
18692,0.068906493404
18693,0.066813068526
18694,0.06701863509
18695,0.065368247714
18696,0.064257433138
18697,0.061506765124
18698,0.059280888771
18699,0.063573548684
18700,0.058955761436
18701,0.059096891024
18702,0.057549665258
18703,0.16489788759
18704,0.14553885696
18705,0.15598577845
18706,0.1433394738
18707,0.11936485601
18708,0.13400829181
18709,0.10853663958
18710,0.099458917063
18711,0.093599510937
18712,0.090718655774
18713,0.085316946034
18714,0.30629715373
18715,0.3121665727
18716,0.31279551271
18717,0.31107245392
18718,0.30154925091
18719,0.28479952674
18720,0.24175420724
18721,0.2011964828
18722,0.19173640171
18723,0.086021688311
18724,0.082223256768
18725,0.078001059158
18726,0.073765266598
18727,0.072508017447
18728,0.071422449539
18729,0.26690181845
18730,0.2706181634
18731,0.25485239683
18732,0.28028105606
18733,0.29039761961
18734,0.30027608966
18735,0.25849207229
18736,0.25161241937
18737,0.27553475875
18738,0.30110245624
18739,0.33938253417
18740,0.34816679506
18741,0.39408498758
18742,0.24579135115
18743,0.24932206701
18744,0.24633999985
18745,0.23780105217
18746,0.23825996807
18747,0.23130946265
18748,0.2230846869
18749,0.21972314149
18750,0.20342466655
18751,0.21013980578
18752,0.20677980978
18753,0.19936167643
18754,0.19518253257
18755,0.19552173569
18756,0.17835063754
18757,0.17749691068
18758,0.15487631175
18759,0.1980216949
18760,0.047929917484
18761,0.048300123676
18762,0.034688623754
18763,0.036480281665
18764,0.038398030464
18765,0.040559240302
18766,0.043478222476
18767,0.033402872954
18768,0.0325493983
18769,0.031674627976
18770,0.031069950667
18771,0.031539427579
18772,0.031193077198
18773,0.018901691527
18774,0.017890545499
18775,0.017623657276
18776,0.017844223468
18777,0.017984394745
18778,0.017323626994
18779,0.017349850855
18780,0.017347606692
18781,0.017792236849
18782,0.017928241738
18783,0.017695168435
18784,0.017834806061
18785,0.016543714806
18786,0.016955812091
18787,0.017348726764
18788,0.015002874089
18789,0.015382994134
18790,0.01525695712
18791,0.015856101245
18792,0.015935027722
18793,0.015104121005
18794,0.014954863321
18795,0.016832877149
18796,0.013989166007
18797,0.014237128718
18798,0.014438354351
18799,0.013492883043
18800,0.013574271585
18801,0.013833662975
18802,0.013771645681
18803,0.013447502037
18804,0.013485083918
18805,0.012907861402
18806,0.012034048867
18807,0.012327084555
18808,0.011958170396
18809,0.012071381765
18810,0.011824830786
18811,0.011313058154
18812,0.010907879264
18813,0.010501227076
18814,0.0099964676206
18815,0.0098299312155
18816,0.0094801195706
18817,0.0090671698588
18818,0.0085850982083
18819,0.0079204325452
18820,0.0080893991905
18821,0.0073754551825
18822,0.006725873489
18823,0.0063160035866
18824,0.0066514891545
18825,0.0057878052418
18826,0.0055700128381
18827,0.0055629017183
18828,0.0054295697752
18829,0.0051037004137
18830,0.0046796216296
18831,0.0045676949507
18832,0.0046084792582
18833,0.0045752733999
18834,0.0047111381024
18835,0.0047537698167
18836,0.0049057613726
18837,0.0048701623585
18838,0.0048568548397
18839,0.0049874826432
18840,0.0049735121733
18841,0.0049656789681
18842,0.0050269256631
18843,0.0051096135101
18844,0.0051595651269
18845,0.0052298666968
18846,0.0053299594005
18847,0.0053236609738
18848,0.0051574973465
18849,0.0054247397686
18850,0.0055846640994
18851,0.0060674572972
18852,0.0057218823578
18853,0.0060096811695
18854,0.0062634136274
18855,0.0059998675567
18856,0.0057567673385
18857,0.0063797217318
18858,0.0062241880341
18859,0.0063076933363
18860,0.0064188078511
18861,0.0065055761391
18862,0.0065177943048
18863,0.0066651268258
18864,0.0069899482183
18865,0.0067208407817
18866,0.0069035682883
18867,0.0075327876282
18868,0.0077988253385
18869,0.0091661480799
18870,0.0090538825619
18871,0.0093102482553
18872,0.0094690535675
18873,0.0097881931472
18874,0.0093235170197
18875,0.0094543064815
18876,0.010142624656
18877,0.0099102367209
18878,0.0098979267218
18879,0.010188992562
18880,0.01036435662
18881,0.010538841804
18882,0.010521157022
18883,0.010289660003
18884,0.010432737295
18885,0.010202897455
18886,0.010634322078
18887,0.0090485570474
18888,0.0091086105237
18889,0.0092507820059
18890,0.0086770023735
18891,0.0085357599366
18892,0.00859796936
18893,0.0086072578792
18894,0.0086369281067
18895,0.0084507468053
18896,0.0083952010618
18897,0.0084042370772
18898,0.0084817943589
18899,0.0084253106546
18900,0.0083465652025
18901,0.0083481061722
18902,0.0084063664655
18903,0.008530313412
18904,0.0085500280393
18905,0.0084102910558
18906,0.0082673093343
18907,0.0083067972997
18908,0.0082168767989
18909,0.0082840825694
18910,0.0082801356063
18911,0.0085399781174
18912,0.0084614867863
18913,0.0084146002293
18914,0.0082266383137
18915,0.0080564772234
18916,0.0080387983365
18917,0.0078029507152
18918,0.0077486719065
18919,0.0079457270596
18920,0.0074398238337
18921,0.0071799150299
18922,0.0066813289521
18923,0.0063461775506
18924,0.0058480690462
18925,0.0051884188039
18926,0.0045857794309
18927,0.0041009091083
18928,0.0034867725554
18929,0.0026909179586
18930,0.0021409896207
18931,0.0016115841966
18932,0.0010360232052
18933,0.0010418443554
18934,0.001219022092
18935,0.0014118745485
18936,0.0015911240507
18937,0.0017373360795
18938,0.0018478083775
18939,0.0019324247418
18940,0.0020011214066
18941,0.0020637771136
18942,0.0021585279308
18943,0.0022432049166
18944,0.0034340029367
18945,0.0054593604266
18946,0.0065059728731
18947,0.0045838817797
18948,0.0073020947321
18949,0.0077403331861
18950,0.0084452382447
18951,0.0093408326383
18952,0.0089183870902
18953,0.0097778030652
18954,0.010094681137
18955,0.010198333509
18956,0.010318787534
18957,0.010672057862
18958,0.010853325342
18959,0.01126592907
18960,0.010737232295
18961,0.010597211223
18962,0.011643259963
18963,0.011575211292
18964,0.012999693553
18965,0.013139316545
18966,0.015265355495
18967,0.01549022284
18968,0.017975121233
18969,0.020549236899
18970,0.023189722324
18971,0.025871174526
18972,0.031230567761
18973,0.028104004839
18974,0.056261471428
18975,0.055164068467
18976,0.054275359983
18977,0.053313452526
18978,0.052106533807
18979,0.050239326082
18980,0.048546738255
18981,0.044170540473
18982,0.048470819764
18983,0.046897326983
18984,0.046098383681
18985,0.03615077947
18986,0.033889904082
18987,0.043329171363
18988,0.040667239895
18989,0.038528112398
18990,0.070940267974
18991,0.070887181073
18992,0.068965346071
18993,0.069041421209
18994,0.067049506422
18995,0.065775131141
18996,0.065372819369
18997,0.063035756459
18998,0.061059808294
18999,0.065102752007
19000,0.060880387251
19001,0.06100840723
19002,0.059666993599
19003,0.058577863617
19004,0.19448194588
19005,0.17250554287
19006,0.18278765841
19007,0.1649030858
19008,0.1491171783
19009,0.13460403842
19010,0.12147743263
19011,0.10998942151
19012,0.099876572463
19013,0.096289276867
19014,0.090613495281
19015,0.308238643
19016,0.30998299119
19017,0.31120941899
19018,0.31748797235
19019,0.31942805292
19020,0.31507245879
19021,0.30690679288
19022,0.27503764361
19023,0.22908171342
19024,0.22317068419
19025,0.090476293292
19026,0.088170776198
19027,0.084475074312
19028,0.079165892225
19029,0.075565090395
19030,0.073610617722
19031,0.072554187138
19032,0.21739186561
19033,0.1996042695
19034,0.23125583722
19035,0.25328414788
19036,0.26864293182
19037,0.2808293246
19038,0.25405142704
19039,0.26164343571
19040,0.27391754666
19041,0.31022784369
19042,0.27804584902
19043,0.35528945051
19044,0.31679849468
19045,0.38114867056
19046,0.24334461386
19047,0.2504960924
19048,0.23431807719
19049,0.22869519937
19050,0.22591396007
19051,0.21305861674
19052,0.19766337136
19053,0.19542933799
19054,0.1794536443
19055,0.18519742451
19056,0.17221776143
19057,0.16202860203
19058,0.16291095812
19059,0.1611009464
19060,0.14432644195
19061,0.12083241509
19062,0.13221766518
19063,0.16552084232
19064,0.03568667588
19065,0.037289766408
19066,0.039325673554
19067,0.041965244854
19068,0.044975270638
19069,0.048438022194
19070,0.034447126345
19071,0.033461300628
19072,0.032645911449
19073,0.033279557568
19074,0.034772254322
19075,0.018242725172
19076,0.017091292613
19077,0.017374298599
19078,0.017504087702
19079,0.017497115488
19080,0.017703899551
19081,0.020571948763
19082,0.017535998748
19083,0.017389103995
19084,0.016813439748
19085,0.017527367584
19086,0.016585124762
19087,0.016836489368
19088,0.016910369678
19089,0.014705363971
19090,0.015088975861
19091,0.014846275668
19092,0.015812645812
19093,0.015638324109
19094,0.016120377185
19095,0.014650571784
19096,0.013505986437
19097,0.013738041683
19098,0.013931282972
19099,0.014113860618
19100,0.0129341833
19101,0.013084076322
19102,0.012951348118
19103,0.012708602119
19104,0.012966003546
19105,0.013094920355
19106,0.012867152554
19107,0.012580074563
19108,0.012614284498
19109,0.011712967203
19110,0.011510357491
19111,0.012032540502
19112,0.011284073933
19113,0.011570799521
19114,0.011001976845
19115,0.010691949218
19116,0.010358335975
19117,0.010065218123
19118,0.0096169506867
19119,0.0094447519252
19120,0.0091881768236
19121,0.0086708461136
19122,0.0083776628955
19123,0.0080826484565
19124,0.0076695408053
19125,0.0071811887382
19126,0.006773323683
19127,0.0062733691488
19128,0.0059375073193
19129,0.0054514598272
19130,0.0058183483324
19131,0.0050600919683
19132,0.0050613585834
19133,0.0045528534846
19134,0.0048892702292
19135,0.0046018626547
19136,0.0046285009708
19137,0.0043668894441
19138,0.004384965997
19139,0.0044002292615
19140,0.0044124369519
19141,0.0044191904475
19142,0.0044851185021
19143,0.0046212755847
19144,0.0046406272202
19145,0.0047323218079
19146,0.0047967082474
19147,0.0047634847341
19148,0.0048533175173
19149,0.0048526613919
19150,0.0048997021597
19151,0.0049955754577
19152,0.0050499537775
19153,0.0050635339796
19154,0.0050421635811
19155,0.0051532371663
19156,0.0052134068469
19157,0.0053220983803
19158,0.0052723463356
19159,0.0050882776782
19160,0.0050601970836
19161,0.0050629338847
19162,0.005241391422
19163,0.0050654293905
19164,0.0052440942605
19165,0.00553167213
19166,0.0057049883551
19167,0.0050891348337
19168,0.0063693626741
19169,0.0059307971204
19170,0.0057673667718
19171,0.0061757597561
19172,0.006213128196
19173,0.0063023906552
19174,0.0064615828258
19175,0.0069249810721
19176,0.0067776740954
19177,0.0069696180307
19178,0.007396435776
19179,0.0080954317027
19180,0.0070210033229
19181,0.0079075442567
19182,0.0085782200446
19183,0.0088460046959
19184,0.0092008691227
19185,0.0096706368304
19186,0.0090508552452
19187,0.0090206144426
19188,0.0093753692827
19189,0.0091171067582
19190,0.0099678304671
19191,0.0097883131126
19192,0.0096058018065
19193,0.0099946655113
19194,0.010230683329
19195,0.010065370479
19196,0.0099296979219
19197,0.010293242094
19198,0.010151741045
19199,0.009980860525
19200,0.01067012549
19201,0.0088432576466
19202,0.0087384717624
19203,0.0087446574419
19204,0.0087256799985
19205,0.0085761698467
19206,0.008646061615
19207,0.0085763399777
19208,0.0085310982385
19209,0.0084870466837
19210,0.0085097212285
19211,0.0085883101893
19212,0.0086931029323
19213,0.0086917437624
19214,0.0087352228964
19215,0.0086620526682
19216,0.0084868563845
19217,0.0083775709431
19218,0.0086269379284
19219,0.0085532018715
19220,0.0087458643668
19221,0.0086979915758
19222,0.0085871414903
19223,0.0086684667617
19224,0.0086256806943
19225,0.0084452187429
19226,0.0084157546698
19227,0.0083031143973
19228,0.0084180756842
19229,0.0082437295404
19230,0.008165919907
19231,0.0081655859209
19232,0.008448493759
19233,0.0082732575639
19234,0.0084254465914
19235,0.0079219670145
19236,0.007703803007
19237,0.0075029399018
19238,0.007102727049
19239,0.006749238309
19240,0.0063325720656
19241,0.0056637224996
19242,0.0051007256796
19243,0.0045567760708
19244,0.0039313992626
19245,0.0031711022179
19246,0.0024776823172
19247,0.0020282017071
19248,0.0013394267143
19249,0.00057033451866
19250,0.00055990703676
19251,0.00060842915771
19252,0.00067429689075
19253,0.00076940992546
19254,0.00084724299823
19255,0.00089230392277
19256,0.00093409663063
19257,0.00096526576577
19258,0.0010017049994
19259,0.0010294133351
19260,0.0010811925999
19261,0.0011804588568
19262,0.002370368933
19263,0.003544955853
19264,0.0058960367606
19265,0.0047564582779
19266,0.006854513308
19267,0.0081397857565
19268,0.0075215194164
19269,0.0086468695652
19270,0.0096886779909
19271,0.0092087523065
19272,0.0094694810711
19273,0.0090733221353
19274,0.009773091819
19275,0.0099308222949
19276,0.0099353318349
19277,0.0099683211854
19278,0.010413823772
19279,0.010181135413
19280,0.010073997532
19281,0.0097827650343
19282,0.009804906109
19283,0.010473331511
19284,0.010118630933
19285,0.011415889179
19286,0.011073124919
19287,0.013229906632
19288,0.013240749094
19289,0.01537782639
19290,0.017673967985
19291,0.020095030959
19292,0.022586927132
19293,0.025247256156
19294,0.032161013615
19295,0.029618453365
19296,0.027056849502
19297,0.057118400489
19298,0.056083247936
19299,0.055166274595
19300,0.054244213715
19301,0.053499496363
19302,0.052075093844
19303,0.050441988846
19304,0.046380061589
19305,0.04516213038
19306,0.04996185867
19307,0.048153634699
19308,0.037084124636
19309,0.035566060493
19310,0.034293013784
19311,0.045173591751
19312,0.044457476641
19313,0.042533968794
19314,0.040562897479
19315,0.038767505207
19316,0.072580582862
19317,0.072729082127
19318,0.071014237843
19319,0.071238834769
19320,0.068292393341
19321,0.069929317108
19322,0.066846777164
19323,0.066713852781
19324,0.064331484832
19325,0.062640423701
19326,0.066883256293
19327,0.065855353274
19328,0.062494501948
19329,0.06257479617
19330,0.061320419888
19331,0.060421282859
19332,0.060059614926
19333,0.058852844456
19334,0.22363268358
19335,0.20837114422
19336,0.21541991252
19337,0.19219994627
19338,0.17351888458
19339,0.15117691866
19340,0.13545336933
19341,0.12247761582
19342,0.11190451942
19343,0.10440970339
19344,0.09981080069
19345,0.09490448815
19346,0.29206877824
19347,0.31393303705
19348,0.31732621533
19349,0.32603365644
19350,0.32316554511
19351,0.32157687496
19352,0.31194480698
19353,0.29323600293
19354,0.2588920844
19355,0.25762616612
19356,0.09338519541
19357,0.091251441355
19358,0.089931278775
19359,0.084290374978
19360,0.08019299255
19361,0.078349265018
19362,0.075684964739
19363,0.07399766991
19364,0.16823207462
19365,0.16377910725
19366,0.18619154751
19367,0.20627223748
19368,0.22083626534
19369,0.2394999584
19370,0.2493305194
19371,0.25785144631
19372,0.28406296181
19373,0.26049882523
19374,0.33813510577
19375,0.3093896441
19376,0.28576456096
19377,0.34626118903
19378,0.36822511847
19379,0.24361871288
19380,0.22382539271
19381,0.23523849124
19382,0.21819622625
19383,0.20706949826
19384,0.19809715898
19385,0.185153036
19386,0.17928793962
19387,0.16704763961
19388,0.15349128908
19389,0.14165401441
19390,0.13474239693
19391,0.13818907541
19392,0.11707078988
19393,0.10961496353
19394,0.1224475497
19395,0.14051638976
19396,0.03654749961
19397,0.038166861951
19398,0.0402444487
19399,0.042740621694
19400,0.045538282642
19401,0.048947303523
19402,0.053376319359
19403,0.054618253947
19404,0.035364995485
19405,0.034512410443
19406,0.034277529104
19407,0.035584312129
19408,0.038380401872
19409,0.045504472028
19410,0.017490832062
19411,0.017258996867
19412,0.018319920411
19413,0.017110466795
19414,0.017271246498
19415,0.014799219747
19416,0.014449174542
19417,0.01538027273
19418,0.013255781572
19419,0.013478628597
19420,0.013645969863
19421,0.013648968824
19422,0.014332716237
19423,0.012639581097
19424,0.012523049436
19425,0.012680545478
19426,0.012537157243
19427,0.012256845313
19428,0.012236778416
19429,0.01245287649
19430,0.012489623718
19431,0.012592655999
19432,0.012544360394
19433,0.01232294866
19434,0.012359286965
19435,0.012020892749
19436,0.01217256067
19437,0.011934136115
19438,0.011274568787
19439,0.011600036649
19440,0.011205341753
19441,0.010998735662
19442,0.010713069691
19443,0.01043289668
19444,0.010151031372
19445,0.0098457195666
19446,0.0092714720867
19447,0.0091444365527
19448,0.0089487901597
19449,0.0087513236852
19450,0.00835767679
19451,0.0081835708685
19452,0.0080899680884
19453,0.0078086719177
19454,0.0074790482765
19455,0.0073950817451
19456,0.0066924521698
19457,0.0060170587661
19458,0.0056332624282
19459,0.0054281471501
19460,0.0050870062967
19461,0.0049211894473
19462,0.0045101457083
19463,0.0044976184253
19464,0.0041743856186
19465,0.0038622967675
19466,0.0042836171953
19467,0.004064695271
19468,0.0042277664888
19469,0.0039881561166
19470,0.0041313363374
19471,0.0041940656276
19472,0.0042581589615
19473,0.0042807334509
19474,0.0043504795338
19475,0.004436868151
19476,0.0045407884159
19477,0.0045692099811
19478,0.0046746112707
19479,0.0046603746217
19480,0.0047290199995
19481,0.004790115314
19482,0.0047360907529
19483,0.004826281459
19484,0.0048637251937
19485,0.0049329782533
19486,0.0050030597691
19487,0.0050243590451
19488,0.0050426580852
19489,0.0051484695449
19490,0.005167104006
19491,0.0052730353511
19492,0.0051584821684
19493,0.0050272628914
19494,0.0050611964176
19495,0.0050747762758
19496,0.0051300018807
19497,0.005075984629
19498,0.0048908393787
19499,0.0049427934475
19500,0.0053754011609
19501,0.005190617947
19502,0.005491611401
19503,0.0051012626168
19504,0.0049371011822
19505,0.0058937676404
19506,0.0061692081589
19507,0.0058041224532
19508,0.0056209777393
19509,0.006082849052
19510,0.0060955055801
19511,0.0062065099414
19512,0.0064594052809
19513,0.0072770808432
19514,0.0067067831017
19515,0.0070176087417
19516,0.0085176904117
19517,0.0071966737987
19518,0.0081228995171
19519,0.0072864878819
19520,0.0087949029465
19521,0.0086825023146
19522,0.0087538387312
19523,0.0088103036398
19524,0.0086996677929
19525,0.0088315754805
19526,0.009331833265
19527,0.009072904662
19528,0.0087718146911
19529,0.0097276126064
19530,0.0095267310831
19531,0.0099039906901
19532,0.0098306963277
19533,0.009695403308
19534,0.010205512102
19535,0.0099093076492
19536,0.009788417334
19537,0.010609665475
19538,0.0089260872798
19539,0.0090187354222
19540,0.0099608625658
19541,0.0087082369922
19542,0.0086539869862
19543,0.0085995611067
19544,0.0085829141171
19545,0.0086470225857
19546,0.0087287258906
19547,0.0088407819276
19548,0.0087938690085
19549,0.0088380302587
19550,0.008863212966
19551,0.0088296756935
19552,0.0088179306071
19553,0.0087292345643
19554,0.0088923750441
19555,0.0087768260379
19556,0.0088278559056
19557,0.0089132385635
19558,0.0088468377118
19559,0.0088916015419
19560,0.0088090774224
19561,0.0089187369622
19562,0.0089356793189
19563,0.0087622000057
19564,0.0086841349043
19565,0.0086709460715
19566,0.0087241074356
19567,0.0085314358581
19568,0.0085006159479
19569,0.0085337507606
19570,0.0088060934995
19571,0.0085612010903
19572,0.0086930480917
19573,0.008483204476
19574,0.0082178832185
19575,0.0087839884865
19576,0.0079628294917
19577,0.0077855113686
19578,0.0073933969085
19579,0.0071526990132
19580,0.0068954347288
19581,0.0067328352811
19582,0.0064593434049
19583,0.0059991586472
19584,0.0055415108007
19585,0.00506807306
19586,0.004611468852
19587,0.0041745229988
19588,0.003589154492
19589,0.0029134714148
19590,0.0021711052955
19591,0.0018890047954
19592,0.0014895244516
19593,0.00070826496616
19594,0
19595,0
19596,0
19597,0
19598,0
19599,0
19600,0
19601,0
19602,0
19603,0
19604,0
19605,0
19606,0
19607,0.001481101641
19608,0
19609,0.0025325309266
19610,0.0037295727429
19611,0.0059077909595
19612,0.0050020947138
19613,0.0068118143125
19614,0.0084868224133
19615,0.0080924064951
19616,0.0075620681593
19617,0.0088680901185
19618,0.009306648543
19619,0.0094055024918
19620,0.0096654354491
19621,0.0093416230897
19622,0.0092803021425
19623,0.0097461430629
19624,0.0096771795974
19625,0.0096880844194
19626,0.0099264090863
19627,0.0097180992642
19628,0.0093171233269
19629,0.0090853580587
19630,0.0090900069903
19631,0.0085833132656
19632,0.0096867092093
19633,0.0090336781776
19634,0.0098517455622
19635,0.01133137404
19636,0.011151556814
19637,0.013006890997
19638,0.015049208199
19639,0.017155491739
19640,0.019645714129
19641,0.023095180056
19642,0.021204636791
19643,0.024938003434
19644,0.032784676962
19645,0.031246609254
19646,0.028126767842
19647,0.029582342941
19648,0.026464767633
19649,0.057795769435
19650,0.056924003974
19651,0.056135570435
19652,0.055285385081
19653,0.053850983158
19654,0.052333690761
19655,0.05148611852
19656,0.047944417953
19657,0.046789733078
19658,0.051241838065
19659,0.050006035491
19660,0.049482762535
19661,0.036438031407
19662,0.035445913976
19663,0.033812791581
19664,0.04617014284
19665,0.045602998753
19666,0.04395349609
19667,0.042254962593
19668,0.040659729932
19669,0.040262286353
19670,0.039086705754
19671,0.037562551161
19672,0.07410115654
19673,0.073964237356
19674,0.072803448091
19675,0.073294000584
19676,0.071526795834
19677,0.06785401974
19678,0.069102791462
19679,0.070380046059
19680,0.06826370298
19681,0.065310843097
19682,0.063965487311
19683,0.068240760422
19684,0.06716031866
19685,0.066358181249
19686,0.063918462627
19687,0.064088788041
19688,0.062621510224
19689,0.061610542971
19690,0.061271642268
19691,0.06099296518
19692,0.060194153996
19693,0.059309380907
19694,0.24992480915
19695,0.24602329833
19696,0.25354320301
19697,0.22425448188
19698,0.20581859578
19699,0.17170470643
19700,0.19528195941
19701,0.15097589186
19702,0.13501757351
19703,0.12354345099
19704,0.11514217364
19705,0.10626653078
19706,0.098466011161
19707,0.26948774836
19708,0.29672033221
19709,0.32717696829
19710,0.31248524105
19711,0.3292851605
19712,0.33328708997
19713,0.32938625146
19714,0.33746663947
19715,0.3301819343
19716,0.32303281368
19717,0.29647199675
19718,0.30077804823
19719,0.098763975532
19720,0.099951764028
19721,0.10170508017
19722,0.091589555379
19723,0.084822783444
19724,0.082772033199
19725,0.082028280266
19726,0.077332419506
19727,0.075636073758
19728,0.14441734503
19729,0.16285994113
19730,0.15411051706
19731,0.1750182423
19732,0.19077782731
19733,0.20884966569
19734,0.22336050189
19735,0.23930031394
19736,0.24735590705
19737,0.2615477979
19738,0.24086742275
19739,0.31967392794
19740,0.29068718089
19741,0.26491822897
19742,0.33249550955
19743,0.34506189345
19744,0.2151107245
19745,0.22470445974
19746,0.20623996675
19747,0.19537351784
19748,0.18354342841
19749,0.17050820071
19750,0.15460692813
19751,0.13963259512
19752,0.13178128394
19753,0.12268383685
19754,0.12119576086
19755,0.11928779851
19756,0.10918369461
19757,0.12476544267
19758,0.1381601801
19759,0.13286785297
19760,0.037228360993
19761,0.038951975402
19762,0.040978049608
19763,0.043346047056
19764,0.046143495481
19765,0.049512993671
19766,0.052781138425
19767,0.056064923222
19768,0.055991203625
19769,0.057710991606
19770,0.036192050257
19771,0.035517265827
19772,0.035951748687
19773,0.037588623511
19774,0.037646399858
19775,0.048708594922
19776,0.053909822609
19777,0.015069664221
19778,0.013075259015
19779,0.013258159524
19780,0.013344354006
19781,0.013322303995
19782,0.014281275394
19783,0.012316453341
19784,0.01229115988
19785,0.01207488828
19786,0.012255838756
19787,0.012079385656
19788,0.012319074978
19789,0.012746452197
19790,0.011887069904
19791,0.011969663339
19792,0.01188861535
19793,0.012136933172
19794,0.01220575289
19795,0.012261570788
19796,0.012257860915
19797,0.012172609665
19798,0.011996103547
19799,0.012037824486
19800,0.011730479731
19801,0.011593785362
19802,0.011766580249
19803,0.01151994122
19804,0.010956382584
19805,0.011245854159
19806,0.010910870955
19807,0.010792625313
19808,0.010505479645
19809,0.010121134932
19810,0.0098558075574
19811,0.0095901381541
19812,0.0087776585767
19813,0.0091058428277
19814,0.0088226985728
19815,0.0087532739729
19816,0.0085635782681
19817,0.0082613448543
19818,0.0083678907657
19819,0.008035692033
19820,0.0078627624315
19821,0.0076926413441
19822,0.0078516456613
19823,0.0079723230668
19824,0.0076662991368
19825,0.0081839424305
19826,0.0076128997898
19827,0.0074647235472
19828,0.0074835941416
19829,0.0060677166434
19830,0.0054043048339
19831,0.0051075875077
19832,0.0048041315535
19833,0.0047953121317
19834,0.0043944730406
19835,0.0040036832335
19836,0.0040658617121
19837,0.0040243391467
19838,0.0034379796622
19839,0.0035698764464
19840,0.00352585704
19841,0.003850890405
19842,0.0037101664002
19843,0.0038399049739
19844,0.003935438004
19845,0.0040707564975
19846,0.0041049512765
19847,0.0041067713913
19848,0.0042271857854
19849,0.0043002477173
19850,0.0042864057057
19851,0.0044201541262
19852,0.0045147818669
19853,0.0044917183578
19854,0.0045416353775
19855,0.0045498206289
19856,0.0046243237288
19857,0.004657917776
19858,0.0046233664564
19859,0.0047387728414
19860,0.0047164223944
19861,0.0047901318331
19862,0.0048591971368
19863,0.004897864034
19864,0.0049115533788
19865,0.0049201436045
19866,0.004945258993
19867,0.0049891825655
19868,0.0049768598311
19869,0.0048798023142
19870,0.0045130672823
19871,0.0046413762025
19872,0.0048430496921
19873,0.0050307459688
19874,0.0048914435364
19875,0.0047688488815
19876,0.0048159880613
19877,0.0052527034693
19878,0.0053773475073
19879,0.0050509015541
19880,0.0047414386282
19881,0.0048676260849
19882,0.0059424191346
19883,0.005794913959
19884,0.005603513123
19885,0.0059432103475
19886,0.0062103518572
19887,0.0062827736664
19888,0.006585134583
19889,0.0070671411605
19890,0.0068635394675
19891,0.0073594243825
19892,0.0075723081961
19893,0.0070843203844
19894,0.0075173392137
19895,0.0082854282526
19896,0.0071365085542
19897,0.0072063360542
19898,0.0086254949919
19899,0.0086508615378
19900,0.0085812836441
19901,0.0085015996024
19902,0.0084589627597
19903,0.0085673012422
19904,0.0092619099807
19905,0.0090781313898
19906,0.0094694184075
19907,0.0095878853706
19908,0.0094376598015
19909,0.010105788981
19910,0.0098702572373
19911,0.0096734662549
19912,0.0096669969166
19913,0.010197169931
19914,0.0089296662294
19915,0.008968641906
19916,0.0089467494483
19917,0.0089309805799
19918,0.0089609315781
19919,0.0091039683001
19920,0.0090630444973
19921,0.0089809594145
19922,0.0090605172032
19923,0.0090595470338
19924,0.0090148800588
19925,0.0089753511601
19926,0.0090433034346
19927,0.0089820443882
19928,0.009170540937
19929,0.0091433609559
19930,0.009169082082
19931,0.0089921590948
19932,0.0089119511014
19933,0.0089361315898
19934,0.0089850542141
19935,0.0089173214152
19936,0.0090364944237
19937,0.0087950188465
19938,0.0087439959178
19939,0.0089439374994
19940,0.0089679775264
19941,0.008268177458
19942,0.0091646019469
19943,0.00824879938
19944,0.0081130650623
19945,0.0079823142266
19946,0.0076523498598
19947,0.0074512833939
19948,0.007316066513
19949,0.0070694595843
19950,0.0068745162172
19951,0.0066660182735
19952,0.006457471688
19953,0.0061767228562
19954,0.0058473240718
19955,0.0055412526387
19956,0.0052101538398
19957,0.0048172549886
19958,0.0044325175985
19959,0.0039907203209
19960,0.0035018318428
19961,0.0031053511307
19962,0.0025182994036
19963,0.0017781785634
19964,0.000994203767
19965,0
19966,0.0014571668164
19967,0
19968,0.002793662713
19969,0.0037980932401
19970,0.0061386205223
19971,0.0060413459919
19972,0.004796241216
19973,0.0069714900696
19974,0.008783647231
19975,0.0084768406333
19976,0.0084048834533
19977,0.0080836578023
19978,0.0079160265386
19979,0.0090425461434
19980,0.0095024491546
19981,0.0094829414912
19982,0.0092673653137
19983,0.0091712235117
19984,0.0094596016068
19985,0.0095121097644
19986,0.0091820058437
19987,0.0086712877222
19988,0.0083983058917
19989,0.0080437183113
19990,0.0076163156372
19991,0.0070670940269
19992,0.0080118429003
19993,0.0073496158098
19994,0.0083293881975
19995,0.0095575452774
19996,0.009112772085
19997,0.01077211314
19998,0.012580541777
19999,0.014676361215
20000,0.017705413211
20001,0.015474739323
20002,0.019340842434
20003,0.021469076831
20004,0.023210490948
20005,0.02466234809
20006,0.032428121188
20007,0.030967495227
20008,0.027985158459
20009,0.030201806098
20010,0.02896615053
20011,0.026918456116
20012,0.025669614847
20013,0.05850874181
20014,0.057845095672
20015,0.057376572169
20016,0.056602156676
20017,0.055369216188
20018,0.054952736271
20019,0.053504275741
20020,0.052667002642
20021,0.052311749606
20022,0.048900293141
20023,0.047813787786
20024,0.052473658885
20025,0.051233421494
20026,0.050689637035
20027,0.03659139686
20028,0.035381820587
20029,0.034131946232
20030,0.04718978358
20031,0.046713716053
20032,0.045149505529
20033,0.043756769911
20034,0.042865349658
20035,0.041494252291
20036,0.041461282591
20037,0.040119629454
20038,0.038728762247
20039,0.037935549433
20040,0.07520226025
20041,0.07520505214
20042,0.074456804864
20043,0.074697819044
20044,0.072805377207
20045,0.073994341225
20046,0.071347538472
20047,0.069934087563
20048,0.069195620745
20049,0.066211485332
20050,0.065136239964
20051,0.06942614312
20052,0.068459712153
20053,0.067235439498
20054,0.065167925871
20055,0.065541551676
20056,0.065085486285
20057,0.063726292551
20058,0.062405945519
20059,0.062091036703
20060,0.06134224155
20061,0.060588273255
20062,0.059870730218
20063,0.28736211828
20064,0.29801067338
20065,0.32566754227
20066,0.28206424125
20067,0.25263038159
20068,0.23254220004
20069,0.1996577157
20070,0.17849426831
20071,0.22398444154
20072,0.15379507393
20073,0.14103984706
20074,0.1324113809
20075,0.12131840229
20076,0.10731848945
20077,0.26365996081
20078,0.28162237464
20079,0.29666740388
20080,0.31396092564
20081,0.32603346657
20082,0.33915027436
20083,0.34145342106
20084,0.344617295
20085,0.34145706059
20086,0.34929112219
20087,0.35539851775
20088,0.34475467331
20089,0.33015396866
20090,0.33050680074
20091,0.34545127896
20092,0.35517168355
20093,0.11430139232
20094,0.1179830083
20095,0.12007106087
20096,0.10327999607
20097,0.092387178566
20098,0.092386098641
20099,0.090949040193
20100,0.079240517074
20101,0.076535419175
20102,0.1488013494
20103,0.16489134704
20104,0.17110068589
20105,0.1586262984
20106,0.18206522461
20107,0.19582746817
20108,0.21088382883
20109,0.22556885078
20110,0.24400849721
20111,0.24385291014
20112,0.22652862479
20113,0.30365503097
20114,0.27290189486
20115,0.25086197338
20116,0.31421020056
20117,0.31435116615
20118,0.31960302436
20119,0.21543414709
20120,0.21525040445
20121,0.20528542117
20122,0.19746938825
20123,0.19725270556
20124,0.18024881883
20125,0.16615465072
20126,0.15340687336
20127,0.14959102526
20128,0.13845610071
20129,0.12986291264
20130,0.12528830608
20131,0.12442544524
20132,0.1263874733
20133,0.13282772247
20134,0.14300845285
20135,0.15201607509
20136,0.14927262667
20137,0.037501230103
20138,0.039429137505
20139,0.041513653274
20140,0.043929703594
20141,0.046681628072
20142,0.049705458913
20143,0.052691104454
20144,0.055456939736
20145,0.059405711825
20146,0.060715522378
20147,0.058701574012
20148,0.062258360856
20149,0.036807870465
20150,0.036098067099
20151,0.03683765522
20152,0.037817642003
20153,0.05529337537
20154,0.055104969563
20155,0.054365288373
20156,0.012941150404
20157,0.013045683229
20158,0.013327122788
20159,0.01191496165
20160,0.011607945181
20161,0.011543635812
20162,0.01175711839
20163,0.012951788677
20164,0.013003817041
20165,0.011490850964
20166,0.011585683863
20167,0.011522861194
20168,0.011905899306
20169,0.012017048973
20170,0.011991837168
20171,0.011965452086
20172,0.01190655245
20173,0.011715993995
20174,0.011808062329
20175,0.011539058926
20176,0.011389903658
20177,0.011243696174
20178,0.011407672755
20179,0.011203818055
20180,0.010744417361
20181,0.010975239827
20182,0.010657070237
20183,0.010619735351
20184,0.010416670809
20185,0.010058873581
20186,0.0096387507857
20187,0.0095803187102
20188,0.0093847808857
20189,0.0088491397213
20190,0.0088115520937
20191,0.0087444395831
20192,0.0090167660273
20193,0.0087539636352
20194,0.0084171450356
20195,0.0086429038519
20196,0.0087328911634
20197,0.0088346738429
20198,0.0084167548638
20199,0.0082156595965
20200,0.0083094957591
20201,0.0085161013363
20202,0.008436562103
20203,0.008356050264
20204,0.0096979129999
20205,0.01004596323
20206,0.0093131931527
20207,0.0092616768781
20208,0.0090357989046
20209,0.0092952397025
20210,0.0075995300178
20211,0.0074481796863
20212,0.006065880715
20213,0.0057067737781
20214,0.0051943370397
20215,0.005154886682
20216,0.0045872169618
20217,0.0047130755196
20218,0.0042898229323
20219,0.0039487675685
20220,0.0034105411217
20221,0.0031428113311
20222,0.0038785896113
20223,0.0037651534338
20224,0.0033821959843
20225,0.0032059078129
20226,0.0032707991649
20227,0.0034735971035
20228,0.0033114396755
20229,0.0035849733275
20230,0.0036649783264
20231,0.0038386761974
20232,0.0039395806615
20233,0.0039886848774
20234,0.0039838730907
20235,0.0039280901411
20236,0.0040797526759
20237,0.0042603861218
20238,0.0041875895512
20239,0.0042627012038
20240,0.0042702858796
20241,0.0043662156243
20242,0.0044104015867
20243,0.0044686808261
20244,0.0044621245201
20245,0.0044722106035
20246,0.004512030664
20247,0.0045469896724
20248,0.0044964770304
20249,0.0045819421205
20250,0.0045280983854
20251,0.0044960609683
20252,0.0046662032625
20253,0.0045738836411
20254,0.0047256830082
20255,0.0046535669053
20256,0.0047352323469
20257,0.0049250017928
20258,0.0049565406722
20259,0.0048888967037
20260,0.0049311654817
20261,0.0049167178838
20262,0.0047258237376
20263,0.0044786405172
20264,0.0044218218506
20265,0.0047094310861
20266,0.0046861445171
20267,0.0045954183778
20268,0.0046846077003
20269,0.0046389867216
20270,0.0051559942291
20271,0.0052600062586
20272,0.0049800413344
20273,0.004600907816
20274,0.0047113834105
20275,0.0048222576558
20276,0.0060935636199
20277,0.0058508718263
20278,0.0055926630131
20279,0.0063824650123
20280,0.0065685454746
20281,0.006540410854
20282,0.0066966908657
20283,0.0071471029029
20284,0.0070725357414
20285,0.007062660755
20286,0.0071794980757
20287,0.0074855021776
20288,0.0073220809055
20289,0.007850106986
20290,0.0069143290051
20291,0.0069994171753
20292,0.0071362886882
20293,0.0086914188748
20294,0.0085744208083
20295,0.0084612149932
20296,0.0094402461242
20297,0.0092849423357
20298,0.0099853835727
20299,0.0098541998124
20300,0.0096732968998
20301,0.0094700678494
20302,0.010055291886
20303,0.0090598329292
20304,0.0091456330929
20305,0.0091041776581
20306,0.0092530612489
20307,0.0092048899466
20308,0.0092289183891
20309,0.0092366061654
20310,0.0091826052733
20311,0.0091360953391
20312,0.0090943770977
20313,0.0091905659143
20314,0.0090769676985
20315,0.0093223197718
20316,0.009323035738
20317,0.009331659897
20318,0.0094135592736
20319,0.0091901769768
20320,0.0091980574739
20321,0.0091958471063
20322,0.0092737970796
20323,0.0092975421403
20324,0.0090832188487
20325,0.0089436277736
20326,0.0091607066985
20327,0.0083580680543
20328,0.0081900095847
20329,0.0082023762727
20330,0.0080672736338
20331,0.0078572495647
20332,0.0076090990904
20333,0.0073753758642
20334,0.0072146880224
20335,0.0071316012138
20336,0.0068937671673
20337,0.0066456919443
20338,0.0063508414865
20339,0.0059423791705
20340,0.0055964701568
20341,0.0052922739846
20342,0.0049493644815
20343,0.0046386982854
20344,0.0043371210311
20345,0.0039726060961
20346,0.003564251599
20347,0.00308598725
20348,0.0027194102107
20349,0.0020286450388
20350,0.001443846567
20351,0.00074582187144
20352,0
20353,0.0025626480152
20354,0.001222591043
20355,0
20356,0.0037967650451
20357,0.0073488713858
20358,0.0053740411264
20359,0.0067711137709
20360,0.0087802644731
20361,0.0090923929239
20362,0.0088786883366
20363,0.0085213995072
20364,0.0093271368776
20365,0.008916568216
20366,0.0091523945714
20367,0.0091662844289
20368,0.0062223793926
20369,0.0056409123076
20370,0.0064443239214
20371,0.0057550907979
20372,0.0065968720517
20373,0.0076726886201
20374,0.0069494476304
20375,0.0086889048802
20376,0.010200591249
20377,0.013240108005
20378,0.011302522771
20379,0.017034602995
20380,0.013578819246
20381,0.015133684116
20382,0.020195592439
20383,0.018306004734
20384,0.021878986306
20385,0.02330198066
20386,0.024456513979
20387,0.032674204269
20388,0.031412124433
20389,0.027918095398
20390,0.030652948465
20391,0.029643753331
20392,0.028485076599
20393,0.027254663476
20394,0.026243209776
20395,0.025306935233
20396,0.059250602753
20397,0.058820168088
20398,0.058857081496
20399,0.058050803198
20400,0.057379950312
20401,0.056163326294
20402,0.056537246768
20403,0.055537537358
20404,0.053726098914
20405,0.05041281882
20406,0.049171537229
20407,0.04866040797
20408,0.053569193911
20409,0.052762547403
20410,0.052005954339
20411,0.052123729419
20412,0.037848455105
20413,0.036655296678
20414,0.035370130257
20415,0.033864685591
20416,0.048181902839
20417,0.047846466988
20418,0.046315538996
20419,0.044580547469
20420,0.043974594101
20421,0.042585685382
20422,0.041484543547
20423,0.041031966592
20424,0.039974820172
20425,0.038965625185
20426,0.076400207981
20427,0.074971158762
20428,0.073554383033
20429,0.073650620768
20430,0.073271985748
20431,0.072462571187
20432,0.073420180944
20433,0.071078265527
20434,0.070091910855
20435,0.067102706811
20436,0.066140917028
20437,0.070679473047
20438,0.069775084528
20439,0.069154710175
20440,0.068163124498
20441,0.066237797004
20442,0.066468274369
20443,0.066042711949
20444,0.065811876558
20445,0.064896612209
20446,0.063037237442
20447,0.063876541573
20448,0.063132056838
20449,0.062402948309
20450,0.061730570099
20451,0.061042910386
20452,0.060453362228
20453,0.35961514194
20454,0.38681415617
20455,0.4433928936
20456,0.39918120895
20457,0.35342682084
20458,0.31134459143
20459,0.28189988351
20460,0.25362332871
20461,0.23040511057
20462,0.19225617345
20463,0.22797990848
20464,0.17156065335
20465,0.16167875533
20466,0.16001018622
20467,0.16364454322
20468,0.13176808556
20469,0.26557011385
20470,0.28115510885
20471,0.300541489
20472,0.3207111668
20473,0.33282156359
20474,0.35026223922
20475,0.35651582538
20476,0.36750570845
20477,0.36958507993
20478,0.39327271841
20479,0.38671949968
20480,0.37278467603
20481,0.35046740747
20482,0.36663022428
20483,0.3976052696
20484,0.44766878606
20485,0.43719643561
20486,0.13952352399
20487,0.15037695182
20488,0.14423480339
20489,0.15088727037
20490,0.13176141751
20491,0.11160216752
20492,0.11092346715
20493,0.11162266837
20494,0.090597219216
20495,0.076514678471
20496,0.082155461469
20497,0.16960158856
20498,0.17528545148
20499,0.18323772918
20500,0.16204607699
20501,0.19640520772
20502,0.20787376795
20503,0.21867735119
20504,0.2316738153
20505,0.25103949717
20506,0.23277778411
20507,0.29172961342
20508,0.25401408401
20509,0.26828951903
20510,0.24123587053
20511,0.30128653218
20512,0.30014396583
20513,0.29651201128
20514,0.30012323876
20515,0.22657066217
20516,0.2117046698
20517,0.20628873349
20518,0.19395214534
20519,0.17739631484
20520,0.16342479861
20521,0.15832917835
20522,0.15687587991
20523,0.1468564853
20524,0.13716860556
20525,0.13129563813
20526,0.14092010918
20527,0.14118412896
20528,0.14364113798
20529,0.14886321391
20530,0.1559087207
20531,0.16330156856
20532,0.039382619842
20533,0.037557434783
20534,0.041902828944
20535,0.044421177769
20536,0.047187495525
20537,0.050012785642
20538,0.053133638344
20539,0.056637253188
20540,0.059552257699
20541,0.063070312241
20542,0.064416077863
20543,0.064468129561
20544,0.065515204738
20545,0.036954358216
20546,0.036714363419
20547,0.037530546211
20548,0.054955968626
20549,0.055397304797
20550,0.054397867702
20551,0.012824585672
20552,0.013613318597
20553,0.011499913726
20554,0.01147787719
20555,0.01119724074
20556,0.012226560578
20557,0.011576338679
20558,0.011697164228
20559,0.012027628837
20560,0.012820106002
20561,0.013926659083
20562,0.012929018738
20563,0.011214372428
20564,0.011145680314
20565,0.011068440846
20566,0.011358535001
20567,0.011715657142
20568,0.011762328332
20569,0.011664992011
20570,0.011384222655
20571,0.011201745857
20572,0.011029876186
20573,0.010857413813
20574,0.011081148846
20575,0.010953825669
20576,0.010548974534
20577,0.010490992105
20578,0.010802942645
20579,0.010327737085
20580,0.010355967997
20581,0.010047444304
20582,0.0096843008414
20583,0.0093318453891
20584,0.0092987087968
20585,0.0092598494694
20586,0.0088688857
20587,0.0088939292334
20588,0.0088518089571
20589,0.0088506526379
20590,0.008774997321
20591,0.0090031398954
20592,0.0088289754223
20593,0.0089308033914
20594,0.0090296454906
20595,0.0090264512627
20596,0.0089562971026
20597,0.0086818428291
20598,0.0086625708229
20599,0.0088444074882
20600,0.0092711761367
20601,0.0088661271895
20602,0.0091938434525
20603,0.010024605045
20604,0.0099327000894
20605,0.010544347767
20606,0.010342643158
20607,0.00974015987
20608,0.010418032825
20609,0.010340667055
20610,0.010302286458
20611,0.0088959542429
20612,0.0086668832684
20613,0.0074646026047
20614,0.0070365881022
20615,0.0056407365962
20616,0.0061270859178
20617,0.0049152771884
20618,0.0044372381433
20619,0.0040498912949
20620,0.0040165449146
20621,0.0038350604485
20622,0.0032486728568
20623,0.0022692366972
20624,0.0020452931122
20625,0.0029123296449
20626,0.0017439393255
20627,0.0018970920884
20628,0.0027107848203
20629,0.0025635070348
20630,0.002961450368
20631,0.0032651748236
20632,0.0030560223827
20633,0.0031027160536
20634,0.0034142320844
20635,0.0033918466074
20636,0.0036556754741
20637,0.0037213524236
20638,0.0038669614196
20639,0.0039150062527
20640,0.0039266842104
20641,0.0038302820276
20642,0.0036066603129
20643,0.0037972952233
20644,0.0041905850052
20645,0.0042505226095
20646,0.0042993360632
20647,0.0043561882543
20648,0.0043812493273
20649,0.004096528453
20650,0.0039977012769
20651,0.0044090744659
20652,0.0044539217061
20653,0.0042816319804
20654,0.0044237412563
20655,0.0044388506493
20656,0.0044976354013
20657,0.0045598029002
20658,0.0044501866455
20659,0.0043432451657
20660,0.0042825531374
20661,0.0043478109806
20662,0.0045122646466
20663,0.004478989636
20664,0.0044766780294
20665,0.0043174867751
20666,0.0043806791072
20667,0.0045442501948
20668,0.0043377569989
20669,0.0044472860352
20670,0.0048048556169
20671,0.0047374833281
20672,0.0047941578263
20673,0.0048666075773
20674,0.0050382141029
20675,0.004720728715
20676,0.0046462676786
20677,0.0041679345353
20678,0.0041856266088
20679,0.0042873461167
20680,0.0044771125077
20681,0.0044223022742
20682,0.0044356349027
20683,0.0044846446491
20684,0.0045590088748
20685,0.0045111646307
20686,0.0050246361929
20687,0.0050848340954
20688,0.0052882928471
20689,0.0044620958391
20690,0.0045904605568
20691,0.0049721322048
20692,0.0046490241093
20693,0.0048141826177
20694,0.0060884294437
20695,0.0063390774291
20696,0.0060789245635
20697,0.0057874087175
20698,0.0065308471166
20699,0.006766352052
20700,0.0066879620295
20701,0.0072705779868
20702,0.0074274936286
20703,0.0068673200052
20704,0.0069574264085
20705,0.0070401724347
20706,0.007544660248
20707,0.0073249449708
20708,0.0078072067074
20709,0.0067638668518
20710,0.0068445175983
20711,0.0085965884845
20712,0.0084894551764
20713,0.0092842662307
20714,0.0098772607167
20715,0.0096883569556
20716,0.0094838706218
20717,0.0098946439215
20718,0.010037360336
20719,0.0092991386492
20720,0.0092428884076
20721,0.0093790098781
20722,0.0093552813916
20723,0.0094165269667
20724,0.0094011970101
20725,0.0094832174383
20726,0.0094886395261
20727,0.0094732224823
20728,0.0096240682293
20729,0.0096359637678
20730,0.0094541710626
20731,0.009439171934
20732,0.0094480475426
20733,0.0095136308084
20734,0.0083262275637
20735,0.0083911058538
20736,0.0082541455351
20737,0.0081553473004
20738,0.0079939886841
20739,0.0078434698858
20740,0.0076512570806
20741,0.0074767620706
20742,0.0073816469742
20743,0.0065786727231
20744,0.0064261491204
20745,0.0061502565699
20746,0.0058778699706
20747,0.0057489204305
20748,0.0055306005641
20749,0.0054527011376
20750,0.0050926731061
20751,0.0046624177696
20752,0.0043264907257
20753,0.0040981006615
20754,0.0037747504183
20755,0.0034619664596
20756,0.0031426317675
20757,0.0028946546835
20758,0.003067483961
20759,0.0022992508095
20760,0.0014646645531
20761,0.00067007165184
20762,0
20763,0.0023460355572
20764,0.0011200473503
20765,0
20766,0.0047366650951
20767,0.0032461132838
20768,0.0041800478451
20769,0.0049849057821
20770,0.0042682945825
20771,0.0049708176801
20772,0.0056437540092
20773,0.0052228147333
20774,0.0055107466784
20775,0.0069151512237
20776,0.0082563171932
20777,0.0097243836476
20778,0.011928700964
20779,0.010221407784
20780,0.016384111679
20781,0.012212216936
20782,0.01355619823
20783,0.014886529795
20784,0.020928953656
20785,0.019337602858
20786,0.017649650362
20787,0.022239529376
20788,0.023406797597
20789,0.024428899229
20790,0.031565649554
20791,0.032663535162
20792,0.030450673751
20793,0.029119813136
20794,0.028030596229
20795,0.027136164645
20796,0.026080332406
20797,0.024975593704
20798,0.059943910211
20799,0.059608632184
20800,0.059915855435
20801,0.059330256135
20802,0.058754775409
20803,0.058160603042
20804,0.057083235892
20805,0.056161764336
20806,0.054793604819
20807,0.051541191136
20808,0.050067860805
20809,0.049553464385
20810,0.054079361686
20811,0.053220972274
20812,0.053885754531
20813,0.0531182658
20814,0.039215840838
20815,0.038401332997
20816,0.037236423178
20817,0.036261013431
20818,0.035498745317
20819,0.034621212824
20820,0.033755875521
20821,0.049140224953
20822,0.048978304611
20823,0.047765056743
20824,0.046717745731
20825,0.045468251738
20826,0.044879777133
20827,0.043514207951
20828,0.042246427637
20829,0.041839940961
20830,0.040541127723
20831,0.07823033949
20832,0.074934354308
20833,0.075673672882
20834,0.074022113288
20835,0.072276358189
20836,0.073071114983
20837,0.072964396828
20838,0.072947702825
20839,0.071868218996
20840,0.072643050248
20841,0.072965949708
20842,0.067759094116
20843,0.067006407725
20844,0.07161517438
20845,0.070800225085
20846,0.070025683392
20847,0.06951404921
20848,0.06890698755
20849,0.068411240589
20850,0.067033824221
20851,0.066915114374
20852,0.066598511934
20853,0.066313429671
20854,0.066109057389
20855,0.065689255336
20856,0.065135453821
20857,0.064578599663
20858,0.064005708887
20859,0.06321522009
20860,0.06281534123
20861,0.062068836394
20862,0.061520084706
20863,0.061028341374
20864,0.4513654329
20865,0.49341654719
20866,0.55877277149
20867,0.51101986527
20868,0.46774972046
20869,0.42141432755
20870,0.37150177351
20871,0.32427462689
20872,0.28741312372
20873,0.2827614416
20874,0.24081657034
20875,0.21043862845
20876,0.2758758884
20877,0.20443088673
20878,0.2035320171
20879,0.20929573197
20880,0.17511617782
20881,0.21471715609
20882,0.27343435673
20883,0.2857842783
20884,0.30692279559
20885,0.33007011365
20886,0.34951912865
20887,0.37040402304
20888,0.38693999851
20889,0.39550444553
20890,0.40178347321
20891,0.4266074782
20892,0.41138407783
20893,0.43074358473
20894,0.41255736045
20895,0.38521833918
20896,0.42533033814
20897,0.42231115824
20898,0.44783865565
20899,0.49616008396
20900,0.52671504584
20901,0.50662681068
20902,0.51212383675
20903,0.18252796314
20904,0.17052657509
20905,0.16577660291
20906,0.17679144187
20907,0.16223317656
20908,0.14803764263
20909,0.13826423581
20910,0.13255805571
20911,0.13073915214
20912,0.11425608728
20913,0.10082155571
20914,0.08824952595
20915,0.17658540038
20916,0.18144626165
20917,0.18667689929
20918,0.19508013205
20919,0.17290312638
20920,0.20389622088
20921,0.20794146137
20922,0.21525418143
20923,0.22588794771
20924,0.23776175246
20925,0.2525027533
20926,0.26783677784
20927,0.28320313752
20928,0.24617884729
20929,0.2614799461
20930,0.28384063776
20931,0.28391149803
20932,0.28724684359
20933,0.23204466657
20934,0.21926974515
20935,0.20759566824
20936,0.19121910164
20937,0.17794516853
20938,0.16797127104
20939,0.16540563302
20940,0.15482941881
20941,0.14578821039
20942,0.1414314021
20943,0.15584297215
20944,0.1533901844
20945,0.1532446726
20946,0.15571668273
20947,0.15867314635
20948,0.16601121404
20949,0.17301123894
20950,0.041181435965
20951,0.039105754757
20952,0.03766002922
20953,0.043666646933
20954,0.04494363018
20955,0.047294240631
20956,0.050245222309
20957,0.053833872061
20958,0.057016627871
20959,0.060710584822
20960,0.06385923771
20961,0.065795924364
20962,0.065936248437
20963,0.065452206406
20964,0.065713844532
20965,0.055011578787
20966,0.013115194215
20967,0.014215696148
20968,0.011131558971
20969,0.011449663342
20970,0.011368438334
20971,0.011091630224
20972,0.01100994284
20973,0.010804196293
20974,0.011212257159
20975,0.010558626199
20976,0.01073220129
20977,0.010352743543
20978,0.010223750338
20979,0.010120861331
20980,0.0097113559124
20981,0.0093554066311
20982,0.0090369702226
20983,0.0090304279703
20984,0.0088954855925
20985,0.0089033116043
20986,0.0089255680151
20987,0.0089087582676
20988,0.0088869837028
20989,0.0088423099488
20990,0.0087994782607
20991,0.0089871595293
20992,0.0090535982053
20993,0.0090912318342
20994,0.0091346031564
20995,0.0091047759515
20996,0.0090281647319
20997,0.0088619446405
20998,0.0090162810728
20999,0.0093061774948
21000,0.0095220361508
21001,0.010414080212
21002,0.0098418046664
21003,0.011162758453
21004,0.010858015112
21005,0.011132752102
21006,0.011187314192
21007,0.010973189915
21008,0.009970400361
21009,0.010133598811
21010,0.0087195799505
21011,0.0082066252273
21012,0.0068250443757
21013,0.0075247541203
21014,0.0072300020612
21015,0.0049416902112
21016,0.0043032735011
21017,0.0040511729235
21018,0.0037196435911
21019,0.0033563380457
21020,0.002966107805
21021,0.0025481955445
21022,0.0024249789061
21023,0.001830530824
21024,0.0015421930988
21025,0.0013554932959
21026,0.0013073675988
21027,0.0018787520233
21028,0.0022973266688
21029,0.0029391643756
21030,0.0028499835643
21031,0.0029697245899
21032,0.0029214924418
21033,0.0030846015856
21034,0.0030600440803
21035,0.003201564033
21036,0.0031813431014
21037,0.003287806051
21038,0.003666104635
21039,0.0035969172741
21040,0.003763857136
21041,0.0038486316771
21042,0.0039103606528
21043,0.0039238243405
21044,0.0038386878709
21045,0.0036014739393
21046,0.0033163766416
21047,0.0032675158739
21048,0.0035111619922
21049,0.00397275072
21050,0.00353392098
21051,0.0035554587455
21052,0.0036748697159
21053,0.00407979725
21054,0.004456521992
21055,0.0043415498675
21056,0.0043780602673
21057,0.0045888279465
21058,0.0046502424696
21059,0.0046030061739
21060,0.0043679979684
21061,0.0042595533734
21062,0.0041507806772
21063,0.0039473306969
21064,0.0040333406425
21065,0.0038743811793
21066,0.0040019212507
21067,0.0038355637743
21068,0.0039553518177
21069,0.0041903631678
21070,0.0039557921771
21071,0.0041967374209
21072,0.0046419164838
21073,0.0042070417156
21074,0.0042590837934
21075,0.0043171639564
21076,0.0039020810408
21077,0.004065285825
21078,0.0040941811768
21079,0.004203400323
21080,0.0043069280473
21081,0.0042827818381
21082,0.0042614553946
21083,0.0042658533005
21084,0.004353184936
21085,0.0044099698972
21086,0.0044206484443
21087,0.0050657885814
21088,0.0051522570767
21089,0.0052170722713
21090,0.0054716720487
21091,0.004349155525
21092,0.0044373418568
21093,0.004485004641
21094,0.0047299659761
21095,0.0051217631214
21096,0.0048873554977
21097,0.006470737205
21098,0.0062562392209
21099,0.0064756167769
21100,0.0064906577268
21101,0.006052765044
21102,0.005703825819
21103,0.0066792881791
21104,0.0067384189446
21105,0.0062847563603
21106,0.0075261303777
21107,0.0064050198303
21108,0.0067847155193
21109,0.0067313244405
21110,0.0076117748105
21111,0.0080255371015
21112,0.0084086012317
21113,0.009745183262
21114,0.0099179878655
21115,0.0097207407674
21116,0.01001465668
21117,0.0094691338535
21118,0.0094264695671
21119,0.0095256482548
21120,0.0095021406843
21121,0.0095429545699
21122,0.0095783301252
21123,0.0096228573258
21124,0.0096109352408
21125,0.0096567012255
21126,0.0098088242706
21127,0.0097362249726
21128,0.0096395587596
21129,0.0096680451393
21130,0.0083338121126
21131,0.0081948081374
21132,0.0080373316942
21133,0.0078898233099
21134,0.0076974851297
21135,0.0075719847195
21136,0.0067712330611
21137,0.0063360681948
21138,0.0061127317521
21139,0.0059546224964
21140,0.0058717956189
21141,0.0056647081226
21142,0.0057184701463
21143,0.0052050111481
21144,0.0048954270988
21145,0.0045559249555
21146,0.0043672695296
21147,0.0040054388561
21148,0.0037277157082
21149,0.0035782443661
21150,0.0033466011944
21151,0.003152821409
21152,0.0027538910787
21153,0.0032700758153
21154,0.0024647070765
21155,0.0019057734898
21156,0.0013612572137
21157,0.00061723717703
21158,0
21159,0.0020819400824
21160,0.0011677582115
21161,0
21162,0.0026134832157
21163,0.0037460299661
21164,0.0026980806061
21165,0.0035062706537
21166,0.0041633412363
21167,0.0040543349172
21168,0.0039818459011
21169,0.004541478443
21170,0.0056902677457
21171,0.0064932922884
21172,0.0072265906602
21173,0.0086572179573
21174,0.011081219835
21175,0.0088942666287
21176,0.010016503533
21177,0.016441430018
21178,0.015321834235
21179,0.011055154664
21180,0.012123794936
21181,0.014093020718
21182,0.01296288905
21183,0.021524738163
21184,0.020458752449
21185,0.019513397219
21186,0.018410509037
21187,0.017132720306
21188,0.022429738419
21189,0.024016284639
21190,0.023000572454
21191,0.031554753285
21192,0.032993518902
21193,0.032255758208
21194,0.030755396327
21195,0.029890155158
21196,0.029189822121
21197,0.028169825141
21198,0.026224204068
21199,0.027073147781
21200,0.025453392635
21201,0.024584556824
21202,0.060521660494
21203,0.060874959068
21204,0.060267852016
21205,0.060127558418
21206,0.059442744603
21207,0.059606212282
21208,0.058346484739
21209,0.057707398482
21210,0.055675321224
21211,0.052429319939
21212,0.051088626334
21213,0.050212517669
21214,0.05446043239
21215,0.05544398626
21216,0.054960567399
21217,0.053779198808
21218,0.039599454973
21219,0.03881743337
21220,0.037702642359
21221,0.036556080424
21222,0.034624493548
21223,0.035553953128
21224,0.033779326619
21225,0.050084477651
21226,0.049963786283
21227,0.049078288793
21228,0.047677504818
21229,0.046374269318
21230,0.045597261683
21231,0.044383741177
21232,0.043037369237
21233,0.042649438957
21234,0.04155050138
21235,0.04059919
21236,0.078924895683
21237,0.083569253304
21238,0.080084290727
21239,0.078493824515
21240,0.073331468648
21241,0.071347125052
21242,0.07162602585
21243,0.07278544715
21244,0.072756049868
21245,0.072573531939
21246,0.07221780874
21247,0.072390466713
21248,0.071959522087
21249,0.068163987472
21250,0.067644412497
21251,0.071727530298
21252,0.071248007856
21253,0.070695945415
21254,0.070096809805
21255,0.069271807655
21256,0.069661373524
21257,0.068905717597
21258,0.068579084717
21259,0.067554048218
21260,0.067242835229
21261,0.066905721613
21262,0.066613971753
21263,0.066391459941
21264,0.065719541716
21265,0.065449795358
21266,0.064795361497
21267,0.064169214673
21268,0.064825975653
21269,0.064271889724
21270,0.063631346269
21271,0.063437665676
21272,0.063004417384
21273,0.062330715304
21274,0.061973235228
21275,0.061648667545
21276,0.55143947956
21277,0.61451540946
21278,0.68383393807
21279,0.6316488939
21280,0.58730326154
21281,0.55022433679
21282,0.47696749949
21283,0.41096293108
21284,0.34292735489
21285,0.33159634259
21286,0.29507730533
21287,0.24848440786
21288,0.24567373205
21289,0.24671615836
21290,0.25759607382
21291,0.21827685849
21292,0.2602778626
21293,0.28453061849
21294,0.29302362118
21295,0.31677000613
21296,0.33636700637
21297,0.35145936546
21298,0.36790365037
21299,0.37593646504
21300,0.40285362976
21301,0.41954772702
21302,0.4246723278
21303,0.45298869141
21304,0.45918785895
21305,0.43382472412
21306,0.46785945055
21307,0.45235370305
21308,0.48876984653
21309,0.4824496099
21310,0.48468724065
21311,0.52858395428
21312,0.55462097709
21313,0.61060806164
21314,0.58130045657
21315,0.56539766196
21316,0.60515526691
21317,0.21878267454
21318,0.19400304973
21319,0.18777511197
21320,0.20592418311
21321,0.19239504197
21322,0.1767196982
21323,0.16325390739
21324,0.15476669647
21325,0.15048155975
21326,0.14860551282
21327,0.13109312883
21328,0.11593563413
21329,0.10369427767
21330,0.096263463517
21331,0.088224617405
21332,0.18751985396
21333,0.1923601469
21334,0.19373308529
21335,0.19682643834
21336,0.2027758879
21337,0.18217901739
21338,0.21028521789
21339,0.21257787148
21340,0.21534191259
21341,0.22259928224
21342,0.23278001746
21343,0.24388495331
21344,0.25522251525
21345,0.26911386117
21346,0.28154940132
21347,0.26978705468
21348,0.24218190072
21349,0.25444629617
21350,0.26917206391
21351,0.27162985929
21352,0.26625505752
21353,0.26592133202
21354,0.22442885706
21355,0.20606125893
21356,0.18676614308
21357,0.17624311431
21358,0.17384562092
21359,0.16570597173
21360,0.16044970588
21361,0.15752051059
21362,0.16888264165
21363,0.16503351253
21364,0.16287916148
21365,0.16227533213
21366,0.1657888267
21367,0.17483966209
21368,0.18225191828
21369,0.048503084548
21370,0.046989855177
21371,0.050769527704
21372,0.054144847806
21373,0.057571203548
21374,0.061416472086
21375,0.063772727953
21376,0.065154670956
21377,0.011196369195
21378,0.01054490709
21379,0.013388301709
21380,0.010697547114
21381,0.0098136507562
21382,0.0094110229174
21383,0.0090923931441
21384,0.0088308831313
21385,0.0087849770891
21386,0.0089371702394
21387,0.0089446901643
21388,0.0089971028891
21389,0.0090029946311
21390,0.0089183342744
21391,0.0088809133398
21392,0.0088437347251
21393,0.0090570744404
21394,0.0091159525866
21395,0.009155005243
21396,0.009227311041
21397,0.0092340608275
21398,0.0092230473153
21399,0.009183945655
21400,0.0094086710419
21401,0.0095144498455
21402,0.010306905728
21403,0.011240045811
21404,0.0097209233366
21405,0.0095690859586
21406,0.011454560737
21407,0.011433286917
21408,0.011756579418
21409,0.011630422889
21410,0.011294816717
21411,0.01095792302
21412,0.010345254387
21413,0.0095563893886
21414,0.0087160986085
21415,0.0079947853555
21416,0.007638887574
21417,0.0069216709991
21418,0.0061681929357
21419,0.0049271628374
21420,0.0041077707914
21421,0.0044071765194
21422,0.0039137811409
21423,0.0037572301728
21424,0.0035289247188
21425,0.0032878466181
21426,0.0027288640601
21427,0.0032028211
21428,0.0021788743428
21429,0.0022382174539
21430,0.0011916648819
21431,0.0011167147301
21432,0.00070903655387
21433,0.00059655213538
21434,0.00076771179572
21435,0.0011794420618
21436,0.0017236048244
21437,0.00247745421
21438,0.0022225237577
21439,0.0026268709219
21440,0.0028758131559
21441,0.0026909054001
21442,0.002623599074
21443,0.0030897662441
21444,0.0030255693538
21445,0.0028411484453
21446,0.0028472869666
21447,0.0033136943899
21448,0.0033201738602
21449,0.0036592395072
21450,0.0039525551768
21451,0.0037830265063
21452,0.0039129402531
21453,0.0040754556626
21454,0.0038269611457
21455,0.0034112270171
21456,0.0026261741911
21457,0.0028908159592
21458,0.0029654809998
21459,0.0031049646439
21460,0.00254059038
21461,0.0031135753983
21462,0.0034243933095
21463,0.003338021206
21464,0.0034406811185
21465,0.0038003393887
21466,0.0036919452552
21467,0.0040215614364
21468,0.0046276480342
21469,0.0037621056163
21470,0.0039860462233
21471,0.0035180310831
21472,0.0037351827066
21473,0.0036246839482
21474,0.0035385809598
21475,0.0038665077072
21476,0.0037003713889
21477,0.0037574865748
21478,0.0037265093753
21479,0.0039696586343
21480,0.0037435049362
21481,0.0039150562212
21482,0.0037707401983
21483,0.0037686330166
21484,0.0038824433508
21485,0.0038055284913
21486,0.0041802689212
21487,0.0038695597018
21488,0.0038851309725
21489,0.0039130569196
21490,0.0039733427628
21491,0.0041543346213
21492,0.0041443910233
21493,0.004269077391
21494,0.0043397867675
21495,0.0043058749229
21496,0.0042924519073
21497,0.0043450596774
21498,0.0043512820744
21499,0.0054063097762
21500,0.0054321248215
21501,0.0056758692889
21502,0.0042508520548
21503,0.0043326843957
21504,0.0043721828232
21505,0.0045895896583
21506,0.0049594072525
21507,0.0051044056337
21508,0.0064033718606
21509,0.0066451262071
21510,0.0063840785958
21511,0.0062395931985
21512,0.0063150635855
21513,0.0059306172354
21514,0.0067795929861
21515,0.0072744746589
21516,0.0071321789571
21517,0.0077998131479
21518,0.0081713486475
21519,0.0098770835448
21520,0.010214736417
21521,0.010037107871
21522,0.0096355558156
21523,0.0096106083471
21524,0.0096566789888
21525,0.0096676663837
21526,0.0096765864923
21527,0.0097096127703
21528,0.0097412702255
21529,0.010046710905
21530,0.0099806747145
21531,0.0098402389144
21532,0.0099753405919
21533,0.008128748946
21534,0.0081119912211
21535,0.0079139657384
21536,0.0068819388423
21537,0.0065149169641
21538,0.0066293502941
21539,0.0060916995165
21540,0.0059680644704
21541,0.0058104534376
21542,0.0057779727372
21543,0.0059291572537
21544,0.005525073783
21545,0.0051102742144
21546,0.0047646974801
21547,0.0045772360754
21548,0.0042395298947
21549,0.0038290348546
21550,0.003529515282
21551,0.003406538241
21552,0.0029619186844
21553,0.0036518246788
21554,0.0024243985007
21555,0.0028085175126
21556,0.0020458116858
21557,0.0017789048505
21558,0.0013507412147
21559,0.00072990056878
21560,0
21561,0.0012678985197
21562,0
21563,0.0012508348109
21564,0.0022857476559
21565,0.0027427371145
21566,0.002641644373
21567,0.0025268845914
21568,0.0034343782432
21569,0.0037196137144
21570,0.0050082612223
21571,0.00586073923
21572,0.0076643188712
21573,0.0064584405581
21574,0.0078916862898
21575,0.0089375985363
21576,0.0099503137598
21577,0.015776283224
21578,0.014437355327
21579,0.010975918439
21580,0.012023654494
21581,0.013464668587
21582,0.012574837228
21583,0.021993542593
21584,0.021129240346
21585,0.020352499655
21586,0.019710455038
21587,0.018890163786
21588,0.018029116817
21589,0.017347138326
21590,0.01657629458
21591,0.023717348657
21592,0.023122546312
21593,0.022339459006
21594,0.031654031846
21595,0.033094188574
21596,0.03241819962
21597,0.031052914911
21598,0.029938467833
21599,0.028841262492
21600,0.027827552027
21601,0.026190070343
21602,0.025415895865
21603,0.026910331324
21604,0.024646288556
21605,0.023876455075
21606,0.06127159385
21607,0.060940537656
21608,0.061155836707
21609,0.060500020381
21610,0.060998287414
21611,0.060358963221
21612,0.05910910231
21613,0.059476274195
21614,0.058680260107
21615,0.057055668061
21616,0.052629879958
21617,0.051208365849
21618,0.056627188906
21619,0.056410578445
21620,0.05544928776
21621,0.05409784704
21622,0.040032036591
21623,0.039133061437
21624,0.038042798203
21625,0.037170605451
21626,0.036479272713
21627,0.034540722894
21628,0.036045002158
21629,0.03514562646
21630,0.03366613232
21631,0.051010234273
21632,0.050666213106
21633,0.049876620264
21634,0.048635374086
21635,0.047522344219
21636,0.046789598544
21637,0.04557751911
21638,0.044493667649
21639,0.043604868113
21640,0.043468848421
21641,0.04240263099
21642,0.041274490104
21643,0.089695904126
21644,0.086504276991
21645,0.084399679587
21646,0.076616153401
21647,0.083298331338
21648,0.079992767549
21649,0.071638163046
21650,0.074678846874
21651,0.071005988106
21652,0.071204540368
21653,0.072357162264
21654,0.072587470895
21655,0.072286316367
21656,0.072148909438
21657,0.072394219695
21658,0.071592824037
21659,0.068490546417
21660,0.06808224493
21661,0.071789798368
21662,0.071366881218
21663,0.070827707262
21664,0.070494572338
21665,0.070080796502
21666,0.069286745324
21667,0.069633231612
21668,0.068901411432
21669,0.067832466345
21670,0.067300445644
21671,0.066928974228
21672,0.066641116305
21673,0.065926859638
21674,0.063703579609
21675,0.063466510317
21676,0.063120358906
21677,0.062784309874
21678,0.062402708835
21679,0.063746807061
21680,0.064092238458
21681,0.063879079515
21682,0.063841460601
21683,0.063536361343
21684,0.062990571949
21685,0.062818039248
21686,0.062158925575
21687,0.060883793638
21688,0.68787878592
21689,0.75077786105
21690,0.81671824471
21691,0.75470578923
21692,0.70767869899
21693,0.67252357145
21694,0.59394067161
21695,0.65616452474
21696,0.53108116461
21697,0.42817441518
21698,0.36174822408
21699,0.30547382651
21700,0.29470699756
21701,0.29642195078
21702,0.30486493832
21703,0.25745983715
21704,0.30735957899
21705,0.30178110602
21706,0.29987154269
21707,0.31832365718
21708,0.33249403509
21709,0.35284437347
21710,0.37258085149
21711,0.3959398159
21712,0.43464710846
21713,0.44437180396
21714,0.45062960435
21715,0.47396941066
21716,0.48367555092
21717,0.49643982169
21718,0.51495244663
21719,0.49870525968
21720,0.54385111701
21721,0.55153630817
21722,0.53461863712
21723,0.57539369397
21724,0.61677156704
21725,0.68032604392
21726,0.71800996383
21727,0.67490003316
21728,0.64289213275
21729,0.71325322042
21730,0.2157831742
21731,0.24962271473
21732,0.23908673073
21733,0.22451893716
21734,0.20604204225
21735,0.18864929472
21736,0.17704693551
21737,0.17039783219
21738,0.16728060009
21739,0.16517457703
21740,0.1478702801
21741,0.13255130187
21742,0.11845808315
21743,0.1088536644
21744,0.1033816361
21745,0.093270326106
21746,0.19332099714
21747,0.19935555146
21748,0.19741565908
21749,0.20129351109
21750,0.2015926879
21751,0.20237409506
21752,0.20956822468
21753,0.19116318823
21754,0.21764259791
21755,0.21868398954
21756,0.22005866571
21757,0.22915686781
21758,0.2409767285
21759,0.25207435239
21760,0.26479336589
21761,0.28033918062
21762,0.28872939235
21763,0.23704325041
21764,0.25647655424
21765,0.24454125511
21766,0.25833213043
21767,0.25450788173
21768,0.25048228518
21769,0.25124304625
21770,0.22308850822
21771,0.20295880089
21772,0.19176977971
21773,0.18290397612
21774,0.18511108365
21775,0.18345725362
21776,0.17663986542
21777,0.172703129
21778,0.17089169971
21779,0.17968507966
21780,0.17422304573
21781,0.17081260667
21782,0.16996122703
21783,0.16978433109
21784,0.17657748651
21785,0.18362309995
21786,0.19118934809
21787,0.053364713729
21788,0.05549261316
21789,0.058291405421
21790,0.065884920743
21791,0.066366208733
21792,0.066318624428
21793,0.0093721827396
21794,0.0090973048955
21795,0.0087747750563
21796,0.00884298195
21797,0.0088320004776
21798,0.008987095392
21799,0.0090003354423
21800,0.0090370805352
21801,0.0090561737
21802,0.0090841485744
21803,0.0089729835866
21804,0.0089327702111
21805,0.0088811436914
21806,0.0091251110345
21807,0.0091719593772
21808,0.0092225240832
21809,0.0092745308226
21810,0.0093025120472
21811,0.0093416463503
21812,0.0093862770792
21813,0.011322912603
21814,0.011824937532
21815,0.0097828597952
21816,0.0095894956527
21817,0.0094498571711
21818,0.011761492124
21819,0.012048836347
21820,0.012099398131
21821,0.011790471476
21822,0.011350239544
21823,0.010942956774
21824,0.01035408466
21825,0.0096510415137
21826,0.0089458049887
21827,0.0083250872428
21828,0.00793230311
21829,0.0073749558219
21830,0.0066763948577
21831,0.0065452160548
21832,0.0062420996036
21833,0.005871594538
21834,0.0053290595151
21835,0.0042283482177
21836,0.0044909395265
21837,0.0040283501096
21838,0.0049413761897
21839,0.003789101821
21840,0.0036925353546
21841,0.0035339685233
21842,0.003320074772
21843,0.0032546785185
21844,0.0031149328004
21845,0.0029256722128
21846,0.0028537904788
21847,0.0031150301359
21848,0.0020538834897
21849,0.0008614263798
21850,0
21851,0
21852,0
21853,0
21854,0
21855,0
21856,0
21857,0.00080695073753
21858,0.0014478307182
21859,0.0022721012933
21860,0.0025973763069
21861,0.0027475871806
21862,0.0028297895529
21863,0.0027384756258
21864,0.0028203549766
21865,0.0028948024492
21866,0.0026430472612
21867,0.0028889135498
21868,0.0028018179092
21869,0.0032263015686
21870,0.0023358322305
21871,0.0023024653597
21872,0.0024931199631
21873,0.0026107951272
21874,0.0024698881756
21875,0.0025154982792
21876,0.0024345117734
21877,0.0025065043861
21878,0.0027767979321
21879,0.0030346730592
21880,0.0031297798109
21881,0.0033450172645
21882,0.0034183450425
21883,0.0033426590216
21884,0.0044002386254
21885,0.0034460600764
21886,0.0033587189066
21887,0.0038233449051
21888,0.0038424334558
21889,0.0031572875203
21890,0.0030951927654
21891,0.0033779532157
21892,0.003539585705
21893,0.0035427196106
21894,0.0039397386077
21895,0.0041787850479
21896,0.0039248568649
21897,0.0037953809481
21898,0.003788400117
21899,0.0036900165216
21900,0.0036643206377
21901,0.0037719591393
21902,0.0038399597834
21903,0.0037651840254
21904,0.0038083840223
21905,0.0037467792693
21906,0.0038361094592
21907,0.0038671324758
21908,0.0039976973215
21909,0.0041262931923
21910,0.0040880290943
21911,0.0043631956896
21912,0.004548611671
21913,0.0043883162937
21914,0.004487244102
21915,0.0042139076475
21916,0.0042231164249
21917,0.0054697749278
21918,0.0055691461701
21919,0.0056712687298
21920,0.0042411919349
21921,0.0043252879216
21922,0.0043018934572
21923,0.0044254514428
21924,0.0046643565434
21925,0.0051107837198
21926,0.0049951915578
21927,0.0064185768608
21928,0.0061999558492
21929,0.0066654994227
21930,0.0064952044919
21931,0.0063207200247
21932,0.006620915116
21933,0.0058895899318
21934,0.0068300117177
21935,0.0070585905586
21936,0.011085465789
21937,0.010142416378
21938,0.0098153579918
21939,0.009763418423
21940,0.0097512587888
21941,0.0097778729675
21942,0.0099497721541
21943,0.0097733176409
21944,0.01016861255
21945,0.010324225943
21946,0.010335546349
21947,0.0070825484676
21948,0.0061410681109
21949,0.0061524411679
21950,0.0059071266957
21951,0.0060480265895
21952,0.0054603959941
21953,0.0051367808302
21954,0.0049059575503
21955,0.0047489169624
21956,0.0045534682783
21957,0.0043222887152
21958,0.0040289224074
21959,0.0036045718444
21960,0.0032240110406
21961,0.0037954481204
21962,0.0040735645563
21963,0.0025859758964
21964,0.0022581396658
21965,0.0028518490017
21966,0.0031479796283
21967,0.0019537086613
21968,0.0014243231934
21969,0.00090767918114
21970,0
21971,0.00084440862576
21972,0
21973,0.0012619001035
21974,0.0013063188112
21975,0.0013077841654
21976,0.0014656432594
21977,0.0024156796823
21978,0.0039955013713
21979,0.0029176368336
21980,0.0046935080171
21981,0.0053420804214
21982,0.0068731014634
21983,0.0058095893933
21984,0.0070745087692
21985,0.0079474274797
21986,0.0089596698307
21987,0.0097818285131
21988,0.015062006167
21989,0.015756983752
21990,0.013332547033
21991,0.014188861425
21992,0.011526321555
21993,0.010444841998
21994,0.01218457595
21995,0.021560886298
21996,0.020917440659
21997,0.020412958885
21998,0.019849897354
21999,0.019235536339
22000,0.018484101213
22001,0.017885591018
22002,0.017362206195
22003,0.016500026558
22004,0.023254527078
22005,0.02254763631
22006,0.021844167069
22007,0.031897736629
22008,0.032620254287
22009,0.031755183164
22010,0.031012847535
22011,0.030362344418
22012,0.029488858603
22013,0.028445953286
22014,0.027536388649
22015,0.02611645508
22016,0.025405794949
22017,0.026731648144
22018,0.024647389284
22019,0.023943156803
22020,0.056629483539
22021,0.059956523047
22022,0.059534526662
22023,0.061268393672
22024,0.061046990183
22025,0.061156679549
22026,0.06066358236
22027,0.059874959038
22028,0.059515805097
22029,0.058157088155
22030,0.053610104796
22031,0.052242430956
22032,0.057756105802
22033,0.057220624472
22034,0.056659810919
22035,0.055035614181
22036,0.040887124213
22037,0.039924813235
22038,0.03937430489
22039,0.038604444723
22040,0.037075170657
22041,0.037818294299
22042,0.034489774742
22043,0.036910999833
22044,0.036054375834
22045,0.035109662454
22046,0.033999278935
22047,0.033158652799
22048,0.051899544266
22049,0.051764225801
22050,0.051091208255
22051,0.050292712455
22052,0.049517619179
22053,0.048156250632
22054,0.047638731189
22055,0.04666020334
22056,0.045533738705
22057,0.044385730357
22058,0.043286270276
22059,0.04218137662
22060,0.094155235514
22061,0.092059888388
22062,0.089529149856
22063,0.087555123194
22064,0.078032828739
22065,0.086081215364
22066,0.083076850225
22067,0.080245559685
22068,0.072371828861
22069,0.078350394881
22070,0.075936099226
22071,0.071107371122
22072,0.070597485596
22073,0.071785096028
22074,0.071981573692
22075,0.071710392908
22076,0.071917824208
22077,0.071846096776
22078,0.071060802596
22079,0.068766210841
22080,0.068334653491
22081,0.071253565229
22082,0.071177927757
22083,0.071031424827
22084,0.070623358452
22085,0.070229143744
22086,0.069845824269
22087,0.069210017032
22088,0.069364545112
22089,0.06785926668
22090,0.066875328949
22091,0.066479799421
22092,0.06608226274
22093,0.06427493738
22094,0.061882804541
22095,0.061119289846
22096,0.06130480399
22097,0.06112228357
22098,0.061245273439
22099,0.058757971364
22100,0.060629831055
22101,0.062257641836
22102,0.062691033296
22103,0.062892711669
22104,0.061951210167
22105,0.059565979336
22106,0.060921823103
22107,0.057776508072
22108,0.054367023182
22109,0.80742167023
22110,0.83895018827
22111,0.89693304217
22112,0.88439877231
22113,0.95525812843
22114,0.8262302183
22115,0.7856742759
22116,0.76696944913
22117,0.70759708249
22118,0.65353213275
22119,0.62673815658
22120,0.56695212812
22121,0.45474490529
22122,0.36664378013
22123,0.33679534026
22124,0.34123367486
22125,0.34739235517
22126,0.29079878514
22127,0.35879715043
22128,0.33689425014
22129,0.30689253507
22130,0.32108721689
22131,0.33941907945
22132,0.36255039032
22133,0.37698650611
22134,0.39941538975
22135,0.42769853912
22136,0.46803224548
22137,0.48152660665
22138,0.47835001539
22139,0.50129279563
22140,0.51966035811
22141,0.54054980927
22142,0.54047533167
22143,0.56444464624
22144,0.58740346046
22145,0.60454816109
22146,0.62435183642
22147,0.59424521611
22148,0.63328810104
22149,0.67945886261
22150,0.73151587589
22151,0.76878231735
22152,0.82838924441
22153,0.78620793976
22154,0.74773289547
22155,0.81999672316
22156,0.27688633151
22157,0.26149790609
22158,0.24207924971
22159,0.21324494665
22160,0.19567168275
22161,0.189635975
22162,0.18315030019
22163,0.18743495445
22164,0.16144364889
22165,0.17862870883
22166,0.14884939009
22167,0.13418461898
22168,0.12266520501
22169,0.11881103586
22170,0.10040121345
22171,0.11287710017
22172,0.19960802931
22173,0.20334608115
22174,0.20870452408
22175,0.20548256656
22176,0.21004234641
22177,0.20977822176
22178,0.2171622881
22179,0.20130816913
22180,0.22552210103
22181,0.22559001991
22182,0.22622171055
22183,0.23796600291
22184,0.25187312501
22185,0.26221456454
22186,0.27563465195
22187,0.28832983747
22188,0.29595224968
22189,0.24481768001
22190,0.23058031857
22191,0.24496859414
22192,0.24034873625
22193,0.24338601628
22194,0.21598580786
22195,0.20484350569
22196,0.19576198794
22197,0.19116827127
22198,0.19315686213
22199,0.18572412132
22200,0.1803096653
22201,0.18077939313
22202,0.18867856354
22203,0.18835678894
22204,0.18216094713
22205,0.17900412305
22206,0.17798175064
22207,0.17761995703
22208,0.18513211486
22209,0.19101332271
22210,0.1987037642
22211,0.058545745373
22212,0.06086925258
22213,0.072825256091
22214,0.065976454327
22215,0.070003383648
22216,0.0088300343696
22217,0.0091865801746
22218,0.0088860348798
22219,0.0088752437167
22220,0.0088826933617
22221,0.0090548648226
22222,0.0090933246467
22223,0.009109056507
22224,0.0091104712057
22225,0.0091273046277
22226,0.0090720587774
22227,0.009006538666
22228,0.0089019663239
22229,0.0091585369062
22230,0.0092106816009
22231,0.0092558796984
22232,0.0092955946953
22233,0.0093184251009
22234,0.0093533807864
22235,0.011993307907
22236,0.011924884338
22237,0.0096676586879
22238,0.0098635504348
22239,0.0094758483752
22240,0.012462984355
22241,0.012638931044
22242,0.012329035665
22243,0.011964751686
22244,0.011598409924
22245,0.011106669832
22246,0.010784947788
22247,0.010374403995
22248,0.0097251646967
22249,0.0093120446882
22250,0.0087020548392
22251,0.0082910774112
22252,0.0077138340973
22253,0.0072674696997
22254,0.0066262089903
22255,0.0060580819714
22256,0.005329094239
22257,0.0042411179194
22258,0.00476284501
22259,0.0040923164888
22260,0.0048611733177
22261,0.0039381016372
22262,0.0039026851493
22263,0.0038442291654
22264,0.0036643748558
22265,0.00351660722
22266,0.003439119107
22267,0.0033658555583
22268,0.0032087957025
22269,0.003273660993
22270,0.002944651352
22271,0.0029267115895
22272,0.0032191889138
22273,0.0021642951338
22274,0.0011826915209
22275,0
22276,0.00081267012135
22277,0
22278,0.0013362856609
22279,0.00170091143
22280,0.0025263023081
22281,0.0025624921818
22282,0.0025740602389
22283,0.0027249371798
22284,0.0021788327073
22285,0.0023599045803
22286,0.0023966938164
22287,0.0023039467032
22288,0.0029301191404
22289,0.0023653758382
22290,0.0022849838505
22291,0.0019490179647
22292,0.0023071777
22293,0.0024728150536
22294,0.0024343825359
22295,0.0023419418999
22296,0.0024716515645
22297,0.0024228259824
22298,0.0024249279593
22299,0.0024157328879
22300,0.0024756149695
22301,0.0026730050837
22302,0.0029294916078
22303,0.0028459745809
22304,0.003089296491
22305,0.0032339755675
22306,0.0035400362517
22307,0.0036371036484
22308,0.0030333223226
22309,0.0033183475212
22310,0.0029209160497
22311,0.0029448364899
22312,0.0030657558589
22313,0.0030500119793
22314,0.0034358835928
22315,0.0039125185959
22316,0.0045101364348
22317,0.0050304297468
22318,0.004705647423
22319,0.0039679863572
22320,0.0036537378929
22321,0.0034790599661
22322,0.0036239705539
22323,0.0036328157081
22324,0.003625069303
22325,0.0035752005848
22326,0.0037202761805
22327,0.003713075538
22328,0.0038148573039
22329,0.0039099718248
22330,0.0040354474285
22331,0.0040616954212
22332,0.0040597766201
22333,0.0045673638029
22334,0.0046054985714
22335,0.0046992187761
22336,0.0043688638532
22337,0.0042804789369
22338,0.0040493728076
22339,0.0041131501527
22340,0.0041252747817
22341,0.0043241258235
22342,0.004606883737
22343,0.0047869878541
22344,0.006332096261
22345,0.011110325989
22346,0.010156375165
22347,0.0098228639667
22348,0.00999582257
22349,0.010224924428
22350,0.010584554533
22351,0.01043819899
22352,0.010391678951
22353,0.0046041132474
22354,0.0045127636112
22355,0.0044949013494
22356,0.0043116291892
22357,0.0037983154037
22358,0.0034658170707
22359,0.0039638807036
22360,0.0041014793204
22361,0.002606990286
22362,0.0024651461696
22363,0.003196442894
22364,0.0029050353414
22365,0.0033996545563
22366,0.0019081139089
22367,0.0024863875774
22368,0.0015543645608
22369,0
22370,0.00088884943389
22371,0.0016969564358
22372,0
22373,0
22374,0
22375,0.001088808534
22376,0.001758276484
22377,0.0036938181532
22378,0.0020583572211
22379,0.0028265746545
22380,0.0043120487998
22381,0.0049508020082
22382,0.006363360706
22383,0.0050044974552
22384,0.0057102479624
22385,0.0063671945294
22386,0.0070322712685
22387,0.0082302701702
22388,0.0075446913954
22389,0.0089566854319
22390,0.009415164309
22391,0.014710653424
22392,0.015513261454
22393,0.0149884545
22394,0.013131280293
22395,0.013947164603
22396,0.011015844773
22397,0.009936012693
22398,0.011586241895
22399,0.021159966415
22400,0.020771194961
22401,0.020202684388
22402,0.019703128477
22403,0.018778702033
22404,0.019230112829
22405,0.018151417377
22406,0.017319167485
22407,0.01651129983
22408,0.015766094784
22409,0.023326467556
22410,0.022699189491
22411,0.022044263175
22412,0.021409779747
22413,0.032384404237
22414,0.03158249673
22415,0.031000000838
22416,0.030306718749
22417,0.029617025084
22418,0.028918911669
22419,0.028052017328
22420,0.027241920238
22421,0.026057995261
22422,0.025411396711
22423,0.026510519407
22424,0.024848345867
22425,0.023896955556
22426,0.024332699203
22427,0.052290439655
22428,0.053727974577
22429,0.054635305091
22430,0.054741268707
22431,0.058378515132
22432,0.056659011232
22433,0.058518225621
22434,0.058568021277
22435,0.058430331592
22436,0.060036604368
22437,0.059916366683
22438,0.059241089508
22439,0.054580679173
22440,0.053112858379
22441,0.058857290221
22442,0.058163490822
22443,0.057720042296
22444,0.056937591676
22445,0.055828430842
22446,0.041669604805
22447,0.040919951458
22448,0.040212503611
22449,0.039696500549
22450,0.038666300609
22451,0.037683151645
22452,0.036819934136
22453,0.03605429364
22454,0.035421225708
22455,0.034664778999
22456,0.033138120016
22457,0.033813852451
22458,0.052615191861
22459,0.052552302629
22460,0.051833685238
22461,0.050689190114
22462,0.050143642926
22463,0.048837815717
22464,0.047739619719
22465,0.046653682846
22466,0.045421515782
22467,0.044106865637
22468,0.043149187369
22469,0.042584787112
22470,0.097246764255
22471,0.094926563348
22472,0.092313123607
22473,0.089627406718
22474,0.086707093788
22475,0.082133132171
22476,0.072025930744
22477,0.074212099046
22478,0.079109346978
22479,0.077005294017
22480,0.071312170152
22481,0.070411445199
22482,0.071042915818
22483,0.071514577576
22484,0.070854198064
22485,0.071345687488
22486,0.068842154052
22487,0.068383863197
22488,0.070396527321
22489,0.070464244748
22490,0.070599165508
22491,0.070399462197
22492,0.070175411303
22493,0.06980581135
22494,0.069353710655
22495,0.068818173425
22496,0.06745947828
22497,0.066285649434
22498,0.065533250728
22499,0.064863353668
22500,0.062673924783
22501,0.060230831211
22502,0.057609621858
22503,0.056908221958
22504,0.057786223067
22505,0.057575298111
22506,0.051082250311
22507,0.053061412824
22508,0.055286636259
22509,0.059140865457
22510,0.059737352292
22511,0.058028860666
22512,0.054579106323
22513,0.055042568062
22514,0.054152122065
22515,0.052260609902
22516,0.050525543847
22517,0.89199861294
22518,0.92780109468
22519,1.000070951
22520,1.0359318343
22521,1.0152795685
22522,0.95151006876
22523,1.0811727681
22524,0.89509619758
22525,0.85562977683
22526,0.81910454008
22527,0.88277733846
22528,0.76630995932
22529,0.72485703383
22530,0.68646486528
22531,0.66644597438
22532,0.57426202092
22533,0.42402432176
22534,0.3818060941
22535,0.38128643814
22536,0.38584311576
22537,0.31899075862
22538,0.40964403695
22539,0.38335422035
22540,0.3672442257
22541,0.31103166345
22542,0.32348410328
22543,0.33716060701
22544,0.35396679495
22545,0.3693678262
22546,0.37848476946
22547,0.39958999573
22548,0.42309175852
22549,0.45729941941
22550,0.5081946884
22551,0.51663063761
22552,0.51496935551
22553,0.5317670799
22554,0.53861576604
22555,0.56459252512
22556,0.59157145392
22557,0.61884054247
22558,0.65569641472
22559,0.66872906804
22560,0.67404907267
22561,0.65131258562
22562,0.69006580877
22563,0.74322896335
22564,0.80632217812
22565,0.87181860872
22566,0.94859533329
22567,0.90192474423
22568,0.85609510927
22569,0.92569633663
22570,0.3023783283
22571,0.2851426591
22572,0.2375413171
22573,0.27073962421
22574,0.21136275715
22575,0.2026253246
22576,0.21821830096
22577,0.20018067086
22578,0.16762591886
22579,0.18915768592
22580,0.15302269615
22581,0.13565636045
22582,0.12749421672
22583,0.1041002987
22584,0.11505297962
22585,0.20665477394
22586,0.20806311454
22587,0.21180141788
22588,0.21609418069
22589,0.21384826438
22590,0.21910629912
22591,0.21781297382
22592,0.22536298547
22593,0.20701731131
22594,0.20782902381
22595,0.23303390914
22596,0.23389910288
22597,0.23539965244
22598,0.24992902642
22599,0.26253779437
22600,0.27259502463
22601,0.2839817784
22602,0.28999952445
22603,0.30039203558
22604,0.23503330852
22605,0.22083039129
22606,0.22669669539
22607,0.23088530522
22608,0.23583582493
22609,0.21148665716
22610,0.20458396348
22611,0.19783925926
22612,0.19874793626
22613,0.19917737824
22614,0.1990420137
22615,0.1941609314
22616,0.18830802557
22617,0.19712351388
22618,0.1951345954
22619,0.1957499546
22620,0.19023239269
22621,0.18595037218
22622,0.18499638393
22623,0.18639546931
22624,0.19235960567
22625,0.19686428865
22626,0.20296927169
22627,0.072785104672
22628,0.075853556727
22629,0.069913273366
22630,0.072572331217
22631,0.008757710164
22632,0.0089574126171
22633,0.00886224465
22634,0.0089467822981
22635,0.0091288752859
22636,0.0091312436798
22637,0.0091663399639
22638,0.0091749378702
22639,0.0091419409856
22640,0.009160040811
22641,0.0091240392688
22642,0.0090510787416
22643,0.0090004653241
22644,0.0091770701793
22645,0.0092569947976
22646,0.0092069023835
22647,0.0092581910184
22648,0.0092922759284
22649,0.0093187075248
22650,0.0093464307094
22651,0.0094024222582
22652,0.012361598214
22653,0.011836671204
22654,0.012740418823
22655,0.012665103809
22656,0.012505052573
22657,0.011598518727
22658,0.010779205234
22659,0.0098324217909
22660,0.0089652698835
22661,0.0086714630438
22662,0.0081633250536
22663,0.007535915061
22664,0.0070294038175
22665,0.0058602143573
22666,0.0056719593807
22667,0.0052837512746
22668,0.0042568674105
22669,0.0045408549531
22670,0.0040406316895
22671,0.0050904048735
22672,0.0038197858046
22673,0.0036408582165
22674,0.0035921776493
22675,0.0034130573475
22676,0.003485192506
22677,0.0032383314884
22678,0.0033744483801
22679,0.003324408255
22680,0.0028382580071
22681,0.0025882916939
22682,0.0029490481657
22683,0.0023690908108
22684,0.0018035140301
22685,0
22686,0
22687,0.0016493844643
22688,0.0014613503884
22689,0.0024978440052
22690,0.0022160564855
22691,0.0024895130632
22692,0.0023532533379
22693,0.002083074764
22694,0.0018327306809
22695,0.0020991238651
22696,0.0020017239527
22697,0.0020103931242
22698,0.0022856002602
22699,0.0023779868906
22700,0.0020238432236
22701,0.0019104088002
22702,0.0017993453619
22703,0.0020250994103
22704,0.0020708454558
22705,0.0022708505258
22706,0.0022509898967
22707,0.0022580767541
22708,0.0023975978389
22709,0.0022570998444
22710,0.002237679756
22711,0.0021314435368
22712,0.0023825498443
22713,0.002437581429
22714,0.0025541514444
22715,0.0026541308512
22716,0.0027632207111
22717,0.0031859508205
22718,0.0038712186275
22719,0.0043576050718
22720,0.0037818984672
22721,0.0033740740555
22722,0.0025967711006
22723,0.0029463380982
22724,0.0029169666305
22725,0.0031438216155
22726,0.0035480285811
22727,0.003970451086
22728,0.0049811779723
22729,0.0054604560204
22730,0.0043193020633
22731,0.0044829241873
22732,0.0038611696697
22733,0.0036090785557
22734,0.0033528453543
22735,0.0034019905137
22736,0.0035671330803
22737,0.0035132288916
22738,0.003602081657
22739,0.0037442793532
22740,0.0037263690592
22741,0.0040848014585
22742,0.0042941479431
22743,0.0045470424811
22744,0.0045211081752
22745,0.0046633158974
22746,0.0053398896309
22747,0.0047243849271
22748,0.0046557296395
22749,0.0052376450297
22750,0.0040957091853
22751,0.0044648399615
22752,0.0041022746802
22753,0.0041650814601
22754,0.011843850339
22755,0.011460621758
22756,0.0044629849615
22757,0.0045527669372
22758,0.0044037081907
22759,0.0042845787277
22760,0.0039022567118
22761,0.003674824202
22762,0.004060554159
22763,0.0042136924493
22764,0.0042286786059
22765,0.0033391632063
22766,0.0034962716026
22767,0.003275101778
22768,0.0029684229944
22769,0.0021756616327
22770,0.002777124777
22771,0
22772,0.0010235054485
22773,0.0015845029102
22774,0.0021023053087
22775,0.0024980847436
22776,0
22777,0.00080370466457
22778,0.0013436840403
22779,0.0034418052569
22780,0.0013725298918
22781,0.0020987404088
22782,0.0027803658216
22783,0.0037706653148
22784,0.0043011503446
22785,0.0042433476501
22786,0.0050356373145
22787,0.0057051594266
22788,0.0063403691465
22789,0.0069452601776
22790,0.0075790215617
22791,0.0084087653468
22792,0.0090150226094
22793,0.014244792916
22794,0.014137039931
22795,0.014869106195
22796,0.014562597185
22797,0.013484347228
22798,0.012624735141
22799,0.013828028169
22800,0.010183017795
22801,0.0094444696379
22802,0.011475514273
22803,0.010454342978
22804,0.020932275211
22805,0.020426357667
22806,0.019990346992
22807,0.019575959228
22808,0.018726535809
22809,0.019151770248
22810,0.018087288781
22811,0.017299008944
22812,0.01628069916
22813,0.015805829425
22814,0.015285244134
22815,0.023293556451
22816,0.022761539765
22817,0.022162726479
22818,0.021522717846
22819,0.032480659499
22820,0.031959552107
22821,0.031378126168
22822,0.030704777064
22823,0.030036315602
22824,0.029412620299
22825,0.029001385737
22826,0.02840714068
22827,0.027763491616
22828,0.027252912117
22829,0.02678331079
22830,0.025614408793
22831,0.025949829959
22832,0.02516292131
22833,0.026244724778
22834,0.024626168359
22835,0.023735276066
22836,0.024060695593
22837,0.048225963465
22838,0.049649312797
22839,0.051201440651
22840,0.052145277025
22841,0.050624699947
22842,0.053774314137
22843,0.05190001002
22844,0.054481575292
22845,0.054095557218
22846,0.052400799253
22847,0.054934216785
22848,0.057625595501
22849,0.056588400416
22850,0.058048457845
22851,0.059496999067
22852,0.05580396935
22853,0.054969823426
22854,0.053772476742
22855,0.058801191332
22856,0.05876712255
22857,0.058064989338
22858,0.057556446628
22859,0.057128334816
22860,0.05655022174
22861,0.042067402052
22862,0.041277472383
22863,0.040509679418
22864,0.040218397414
22865,0.039687080985
22866,0.039098090409
22867,0.03837945572
22868,0.037551134847
22869,0.036760064773
22870,0.03600699038
22871,0.03525087385
22872,0.034424896164
22873,0.033054814025
22874,0.033698497577
22875,0.053832195313
22876,0.053017034644
22877,0.052353814538
22878,0.051264458489
22879,0.050738448836
22880,0.049785279795
22881,0.048804528082
22882,0.04774578625
22883,0.046618998119
22884,0.045574666193
22885,0.044689097524
22886,0.04354724097
22887,0.042761673777
22888,0.099167771326
22889,0.097614736967
22890,0.095160996065
22891,0.091132825844
22892,0.085344259503
22893,0.089562325666
22894,0.081975646365
22895,0.072852195184
22896,0.076005144649
22897,0.079921457471
22898,0.070775346658
22899,0.072503314576
22900,0.070373800865
22901,0.070612984308
22902,0.069708242141
22903,0.068177809742
22904,0.069456332994
22905,0.069573888197
22906,0.069133434584
22907,0.070017487614
22908,0.0694050232
22909,0.069730016905
22910,0.069434160405
22911,0.069058429153
22912,0.068563001162
22913,0.067828918652
22914,0.06704033818
22915,0.065468705557
22916,0.064479558052
22917,0.06359409135
22918,0.061045966488
22919,0.058466465381
22920,0.055200973931
22921,0.050492846915
22922,0.050788560489
22923,0.050358449154
22924,0.048207576554
22925,0.047569825257
22926,0.047402820109
22927,0.053706204323
22928,0.049092342865
22929,0.053597800636
22930,0.050669783084
22931,0.051909791599
22932,0.050889664735
22933,0.049637439271
22934,0.048462369022
22935,0.047359429968
22936,0.99644520666
22937,1.0603904823
22938,1.1371121347
22939,1.1313799124
22940,1.1556896283
22941,1.1403091091
22942,1.0807649814
22943,1.0165466853
22944,1.1953983874
22945,0.95203910369
22946,0.92595490406
22947,0.87320824218
22948,0.99167025131
22949,0.82917769373
22950,0.79253732811
22951,0.76492978758
22952,0.7210631876
22953,0.54003165625
22954,0.43681309978
22955,0.42159616613
22956,0.41552291057
22957,0.42626566047
22958,0.34444955197
22959,0.45059250936
22960,0.45425705969
22961,0.42905521944
22962,0.41134828692
22963,0.40797000901
22964,0.38391490792
22965,0.31368221274
22966,0.32428046114
22967,0.33653530591
22968,0.35316607553
22969,0.36239327592
22970,0.37814926923
22971,0.39506758523
22972,0.42398306288
22973,0.45057439092
22974,0.49595869163
22975,0.54211307754
22976,0.55090205085
22977,0.55759025354
22978,0.55347927016
22979,0.56494627712
22980,0.58137915719
22981,0.61243532164
22982,0.64221633865
22983,0.67330697597
22984,0.72623923416
22985,0.73042810841
22986,0.72422281834
22987,0.70659491141
22988,0.75584920086
22989,0.82412328628
22990,0.90350121208
22991,0.99287906001
22992,1.0896993287
22993,1.0354596252
22994,0.97593651333
22995,1.0547529013
22996,0.33001696969
22997,0.30860963471
22998,0.22940981481
22999,0.25959586686
23000,0.29710871262
23001,0.2492382149
23002,0.21967724303
23003,0.24152299675
23004,0.20868924117
23005,0.17757184266
23006,0.205143574
23007,0.15863887074
23008,0.13573460198
23009,0.10502174595
23010,0.11353906717
23011,0.21340772874
23012,0.21252802917
23013,0.21686050921
23014,0.21873643264
23015,0.22239130796
23016,0.22097181405
23017,0.22472282309
23018,0.22386868265
23019,0.22844607274
23020,0.23354901007
23021,0.21035910693
23022,0.21325349859
23023,0.21175612174
23024,0.23964039771
23025,0.24128591367
23026,0.24795492595
23027,0.26135520724
23028,0.27315366251
23029,0.28130480682
23030,0.29246644232
23031,0.29700753929
23032,0.30334656285
23033,0.21861888453
23034,0.22343268655
23035,0.22763072405
23036,0.21254044385
23037,0.20164841714
23038,0.20259125359
23039,0.2038202292
23040,0.20377507126
23041,0.2041084913
23042,0.20443733054
23043,0.20070491682
23044,0.20308898504
23045,0.20110829836
23046,0.20002775361
23047,0.2010505739
23048,0.2007232559
23049,0.19717281675
23050,0.1923148907
23051,0.19269667067
23052,0.19503196075
23053,0.19903914866
23054,0.20545930954
23055,0.070593622218
23056,0.072706573466
23057,0.0092478516888
23058,0.0091751668962
23059,0.0091643099669
23060,0.009223969716
23061,0.0092153285176
23062,0.009262775998
23063,0.0091896866736
23064,0.0091178707126
23065,0.0090808069624
23066,0.00902207984
23067,0.0092944902426
23068,0.0092545967298
23069,0.0092994371662
23070,0.0092798273984
23071,0.0093299445219
23072,0.0093382061711
23073,0.0093662580607
23074,0.0093830700864
23075,0.0078996141317
23076,0.0077923084673
23077,0.0064809595784
23078,0.0058330119398
23079,0.0053587680621
23080,0.0043454833648
23081,0.0042229285468
23082,0.0044926227283
23083,0.0038858499586
23084,0.0048259910843
23085,0.0037443902818
23086,0.0036839581838
23087,0.003563277761
23088,0.0035963530499
23089,0.0035947205345
23090,0.0035085741596
23091,0.0034322411643
23092,0.003336907379
23093,0.003432509461
23094,0.0035105048345
23095,0.0036062899252
23096,0.0025085919382
23097,0.0025494905458
23098,0.0019919731969
23099,0.0020404785195
23100,0
23101,0.0017402924423
23102,0
23103,0.0018552064457
23104,0.0014356561635
23105,0.0016234787782
23106,0.0017500201116
23107,0.001638601399
23108,0.0017974285888
23109,0.0020620966414
23110,0.0020722803231
23111,0.0022637494753
23112,0.0021054756446
23113,0.0022234176468
23114,0.0020488072954
23115,0.0018972721429
23116,0.0016583504618
23117,0.0018720983828
23118,0.001980069295
23119,0.002053880816
23120,0.0022034098737
23121,0.0021353024569
23122,0.0021682861935
23123,0.0018724460916
23124,0.0020930758867
23125,0.0022454237002
23126,0.0025293995057
23127,0.0026381425845
23128,0.0025955279016
23129,0.002779628481
23130,0.0030411230456
23131,0.0035717437647
23132,0.0044400930911
23133,0.0028393084727
23134,0.0027234370067
23135,0.0027218056501
23136,0.0030854490235
23137,0.00327428341
23138,0.0033188117314
23139,0.0036657588
23140,0.0043932798765
23141,0.004311711612
23142,0.0053156982287
23143,0.0040621179756
23144,0.0041749582467
23145,0.0037942331999
23146,0.0034395076837
23147,0.0033746846716
23148,0.0034301018307
23149,0.0034674566661
23150,0.0034129923405
23151,0.0036594626692
23152,0.0040901290915
23153,0.0042301422794
23154,0.0043275068756
23155,0.0044922252854
23156,0.0045082237833
23157,0.0044361557716
23158,0.0045101991287
23159,0.0047330836724
23160,0.0047958667887
23161,0.0052553573681
23162,0.0045530532307
23163,0.0044225113012
23164,0.0045451882934
23165,0.004354521002
23166,0.0046104942018
23167,0.0044934604204
23168,0.0044062864511
23169,0.0040490556037
23170,0.0039028126656
23171,0.0041581507977
23172,0.0037723611451
23173,0.0044147350801
23174,0.0043873766992
23175,0.0035052961478
23176,0.0036515118974
23177,0.0034960133117
23178,0.0032100478292
23179,0.0029202117986
23180,0.0031431142713
23181,0
23182,0.00095596890974
23183,0.0015536639784
23184,0.0017973405711
23185,0.0020672877156
23186,0.0025620673045
23187,0.002944410198
23188,0
23189,0.00069707322531
23190,0.0032755954346
23191,0.00067174245647
23192,0.0013860800232
23193,0.0021975677228
23194,0.0028505615941
23195,0.0035415920807
23196,0.0034072411342
23197,0.004483080113
23198,0.003951421973
23199,0.0050894023047
23200,0.005705215095
23201,0.0063035491166
23202,0.0068850190866
23203,0.0074790848178
23204,0.0082408422039
23205,0.008536692416
23206,0.013852680682
23207,0.013637878398
23208,0.013736846277
23209,0.01477752781
23210,0.014366262135
23211,0.014147954184
23212,0.013425476179
23213,0.012939436185
23214,0.0120017069
23215,0.013355557748
23216,0.0093787482545
23217,0.009237744656
23218,0.0086046476152
23219,0.011164492828
23220,0.010549240644
23221,0.0097142817214
23222,0.021120301786
23223,0.020794861119
23224,0.020489220677
23225,0.020122934368
23226,0.01976539642
23227,0.019427516503
23228,0.018642636327
23229,0.019023575084
23230,0.018000899751
23231,0.017337938272
23232,0.016522564989
23233,0.015362865037
23234,0.015542259097
23235,0.023112964787
23236,0.022675338113
23237,0.022214740241
23238,0.021749911746
23239,0.021355253803
23240,0.031952662207
23241,0.032378328039
23242,0.031565214172
23243,0.030776235145
23244,0.030164945741
23245,0.029490208084
23246,0.028677999814
23247,0.027879528069
23248,0.027419027715
23249,0.026608884452
23250,0.026903158969
23251,0.025448247314
23252,0.02572402538
23253,0.024901604505
23254,0.026081132503
23255,0.025852597287
23256,0.024313977305
23257,0.023493811264
23258,0.023804474561
23259,0.044727758882
23260,0.045413298257
23261,0.046864812204
23262,0.048354628001
23263,0.045733912087
23264,0.04786563062
23265,0.046619575881
23266,0.050222756502
23267,0.04865431038
23268,0.04620954707
23269,0.047948037876
23270,0.051616250578
23271,0.053479141214
23272,0.05366021264
23273,0.055910485449
23274,0.057526558499
23275,0.055739026153
23276,0.054823772944
23277,0.058128214744
23278,0.057550398269
23279,0.057620180888
23280,0.057384383898
23281,0.057007233948
23282,0.056394674795
23283,0.042258841449
23284,0.04154507805
23285,0.040829782269
23286,0.040361314899
23287,0.039891006378
23288,0.039379686404
23289,0.03894037673
23290,0.038221234986
23291,0.037379708912
23292,0.036661538715
23293,0.03616368775
23294,0.035375134639
23295,0.035681980874
23296,0.034792580265
23297,0.034183852104
23298,0.032977059743
23299,0.033617533046
23300,0.054724257819
23301,0.054090664727
23302,0.053348353976
23303,0.052559844531
23304,0.051659543419
23305,0.050995066163
23306,0.050314996888
23307,0.049596078747
23308,0.048576446904
23309,0.047498815067
23310,0.04659944276
23311,0.045826613764
23312,0.044894103354
23313,0.044050585187
23314,0.043146357111
23315,0.10141101109
23316,0.10050199891
23317,0.094992133483
23318,0.083205011197
23319,0.088158421403
23320,0.08555845395
23321,0.092669151456
23322,0.079556725215
23323,0.076497240347
23324,0.082792699658
23325,0.07119547449
23326,0.073674965738
23327,0.07070268994
23328,0.069702751806
23329,0.068485471657
23330,0.069535486532
23331,0.069216236121
23332,0.068380634702
23333,0.06909713495
23334,0.068608385518
23335,0.06806451636
23336,0.067317218966
23337,0.066409325537
23338,0.064899275005
23339,0.063631300386
23340,0.06230791904
23341,0.059821316219
23342,0.059715891854
23343,0.057286803326
23344,0.052782222652
23345,0.048911798194
23346,0.049025615591
23347,0.047876223315
23348,0.046969877282
23349,0.046601346559
23350,0.046462390866
23351,0.049329001698
23352,0.04595054349
23353,0.04889725282
23354,0.046248854596
23355,0.048151012631
23356,0.046670107668
23357,0.045954608778
23358,0.045200334597
23359,1.1396004435
23360,1.1852831537
23361,1.2348720974
23362,1.2326007595
23363,1.2435747712
23364,1.2663048214
23365,1.2621705611
23366,1.2265875546
23367,1.1438269371
23368,1.0808042069
23369,1.2934300236
23370,1.0251197195
23371,0.97430257046
23372,0.92759568579
23373,1.0901245175
23374,0.88591093692
23375,0.8630068579
23376,0.85983405546
23377,0.67107632978
23378,0.83616136802
23379,0.51168181157
23380,0.4602871723
23381,0.45087134359
23382,0.44915818285
23383,0.45739554133
23384,0.36804684342
23385,0.47594832618
23386,0.48065817453
23387,0.48833276472
23388,0.4674134464
23389,0.44944840702
23390,0.43917807516
23391,0.43519637459
23392,0.41920293527
23393,0.40394275025
23394,0.31502480199
23395,0.32307832451
23396,0.33592453488
23397,0.34907660987
23398,0.35863997406
23399,0.3702840093
23400,0.40608363104
23401,0.39286240294
23402,0.42600982833
23403,0.44685244659
23404,0.4787119135
23405,0.53060098283
23406,0.58434405868
23407,0.5796338842
23408,0.59011780211
23409,0.59416655631
23410,0.59169611244
23411,0.62491991953
23412,0.65946074585
23413,0.68963690129
23414,0.72582325792
23415,0.77550148911
23416,0.80661517161
23417,0.79841247626
23418,0.77477943947
23419,0.83552680664
23420,0.91552022969
23421,1.038833728
23422,1.1646399365
23423,1.2491228589
23424,1.1726135781
23425,1.1099346751
23426,1.1818048328
23427,0.36471136206
23428,0.3430267201
23429,0.33038287491
23430,0.27960293114
23431,0.32838138989
23432,0.3095915126
23433,0.26947586974
23434,0.23202210742
23435,0.26206913649
23436,0.18896858109
23437,0.23404592474
23438,0.21290935706
23439,0.1727765448
23440,0.17235193975
23441,0.12110434739
23442,0.10812112188
23443,0.11215118613
23444,0.21758575246
23445,0.21984203563
23446,0.21828596816
23447,0.22268576696
23448,0.22244381575
23449,0.2236362806
23450,0.22696180377
23451,0.22609831703
23452,0.22919483143
23453,0.22812635205
23454,0.23210817586
23455,0.23711035641
23456,0.24039699593
23457,0.21057175209
23458,0.21447459488
23459,0.21570048814
23460,0.21780258095
23461,0.24560478535
23462,0.24788168301
23463,0.25311834496
23464,0.26054497481
23465,0.26992007407
23466,0.27765593073
23467,0.28191496592
23468,0.28893183072
23469,0.29705841796
23470,0.30166358436
23471,0.30131727576
23472,0.30756582977
23473,0.30934839361
23474,0.21849246825
23475,0.22056997596
23476,0.20927219951
23477,0.20546589614
23478,0.20723503993
23479,0.20841884032
23480,0.20877879349
23481,0.20876711657
23482,0.20866622458
23483,0.20495790643
23484,0.20615964498
23485,0.20541235491
23486,0.20428217086
23487,0.204273619
23488,0.20417321141
23489,0.20378798363
23490,0.20460431126
23491,0.20226932402
23492,0.19962195339
23493,0.19908594394
23494,0.20170158241
23495,0.20717490765
23496,0.064067794603
23497,0.070332789737
23498,0.0091969024487
23499,0.0092072565923
23500,0.009262750493
23501,0.0092555707059
23502,0.0093104025874
23503,0.0093394722978
23504,0.009362833534
23505,0.0093230148257
23506,0.0093036105788
23507,0.0093349191959
23508,0.0093487858638
23509,0.0094002463765
23510,0.0094419568479
23511,0.0094557213014
23512,0.0051678965726
23513,0.0045266400389
23514,0.0038056554245
23515,0.0037726239859
23516,0.00367171318
23517,0.003705333268
23518,0.0037286891066
23519,0.0035466225266
23520,0.0037602518039
23521,0.0037068550229
23522,0.0033019254979
23523,0.0036645928698
23524,0.0031051855511
23525,0.0027809883413
23526,0.0023940064034
23527,0.0021525748778
23528,0.0016582415252
23529,0.0018265042612
23530,0
23531,0.0013325485158
23532,0
23533,0.0013342590096
23534,0.0017187279995
23535,0.0017332601962
23536,0.0019827101627
23537,0.0019378764175
23538,0.0016199727548
23539,0.0014698216487
23540,0.0015779874081
23541,0.0012400582825
23542,0.0018719919063
23543,0.0017077198653
23544,0.0018469700253
23545,0.0019929334496
23546,0.0016690344419
23547,0.0015510247505
23548,0.0020438153732
23549,0.0016909627973
23550,0.0020357797058
23551,0.0023378763725
23552,0.0024732623066
23553,0.0025165957048
23554,0.0026314615928
23555,0.0027238554867
23556,0.0027917468613
23557,0.0030393852643
23558,0.0029587709444
23559,0.0028193219989
23560,0.0028524624426
23561,0.0027869050048
23562,0.0028380214111
23563,0.0028995255516
23564,0.0031306076845
23565,0.0033048297292
23566,0.003383631742
23567,0.003735613776
23568,0.0037618110168
23569,0.0041223296203
23570,0.0041604705516
23571,0.0044361460466
23572,0.0043055928534
23573,0.004075516119
23574,0.0036736486066
23575,0.0035320706021
23576,0.0035556068954
23577,0.0036316804515
23578,0.0035700619219
23579,0.0036447012529
23580,0.0038547228891
23581,0.0039458650627
23582,0.0041737737147
23583,0.0042740379772
23584,0.0043947222808
23585,0.0043834170927
23586,0.0043126280902
23587,0.0046061865548
23588,0.0043027161271
23589,0.0049825903027
23590,0.0046252822016
23591,0.0045035582364
23592,0.004214642285
23593,0.0040678946574
23594,0.0039653089242
23595,0.0038727912912
23596,0.0036259362366
23597,0.003686391218
23598,0.003791393807
23599,0.0036893667898
23600,0.0035197480613
23601,0.0031575425173
23602,0.0035154410612
23603,0
23604,0.00085994093775
23605,0.0016996070873
23606,0.0015558216306
23607,0.0020307706889
23608,0.0020735476946
23609,0.0023660303927
23610,0.0029131914508
23611,0.0030543016376
23612,0.0034022269805
23613,0
23614,0
23615,0.00060330870437
23616,0.0010730471398
23617,0.0017182691478
23618,0.0023749025047
23619,0.0029522912954
23620,0.0026036086823
23621,0.003021491962
23622,0.0035620816389
23623,0.0040748538211
23624,0.0045219536619
23625,0.0051084890407
23626,0.0056998244867
23627,0.0062644202731
23628,0.0067512037868
23629,0.0076729786314
23630,0.0068809570358
23631,0.0079055179455
23632,0.0077052995639
23633,0.013647341092
23634,0.013414532511
23635,0.013324146121
23636,0.013223379587
23637,0.014838744566
23638,0.014371872824
23639,0.01397683945
23640,0.012822358127
23641,0.012003813009
23642,0.011138879077
23643,0.012594424887
23644,0.012406879506
23645,0.0079776272979
23646,0.0089073272853
23647,0.0082808824365
23648,0.0074421298464
23649,0.0073574129952
23650,0.010382535725
23651,0.009660418198
23652,0.0088950084526
23653,0.021030224346
23654,0.020729621794
23655,0.020450188679
23656,0.020148380868
23657,0.019836105552
23658,0.019575024275
23659,0.019273181305
23660,0.018493519681
23661,0.018823810805
23662,0.017857091239
23663,0.017194045977
23664,0.016725294098
23665,0.015880085955
23666,0.015083731831
23667,0.023010148188
23668,0.022599095347
23669,0.022230513969
23670,0.021857172858
23671,0.021491099104
23672,0.021215370311
23673,0.03221945782
23674,0.031476107038
23675,0.030852100078
23676,0.030309327152
23677,0.02975477978
23678,0.029152951123
23679,0.028521876954
23680,0.027893687667
23681,0.02716136724
23682,0.026298488051
23683,0.02667311941
23684,0.025177488923
23685,0.025439077387
23686,0.024552108141
23687,0.025660741979
23688,0.025734276894
23689,0.024060345723
23690,0.023441682242
23691,0.023747747202
23692,0.042828206129
23693,0.042025424959
23694,0.042198791629
23695,0.043962791381
23696,0.041000640617
23697,0.042162698303
23698,0.043376444579
23699,0.04089638078
23700,0.044967030192
23701,0.042967242888
23702,0.041456171916
23703,0.043155258684
23704,0.044647592984
23705,0.049270675857
23706,0.050244502505
23707,0.050330549006
23708,0.053398409532
23709,0.055657583983
23710,0.056864467689
23711,0.055662963337
23712,0.056465326547
23713,0.056696225886
23714,0.057071312974
23715,0.057126459616
23716,0.057153565843
23717,0.056941133849
23718,0.056540726705
23719,0.04234474221
23720,0.041643139795
23721,0.040999107982
23722,0.040456584304
23723,0.03993339166
23724,0.039430361849
23725,0.038895834385
23726,0.038413554107
23727,0.037822079535
23728,0.037124499572
23729,0.036485258687
23730,0.035983495224
23731,0.035081529673
23732,0.03543557745
23733,0.034369438708
23734,0.032818812084
23735,0.033863345646
23736,0.033296770513
23737,0.055126308449
23738,0.054403651316
23739,0.05350355759
23740,0.052567862268
23741,0.051764039621
23742,0.050920004447
23743,0.050222955614
23744,0.049282199472
23745,0.048155849607
23746,0.047184448421
23747,0.046330189297
23748,0.045909974309
23749,0.045339940825
23750,0.04456559206
23751,0.043917364527
23752,0.043038284321
23753,0.10612882709
23754,0.10553416021
23755,0.10115521488
23756,0.098045692009
23757,0.088834565099
23758,0.085657942116
23759,0.092933398797
23760,0.099165425883
23761,0.079557737201
23762,0.082479443332
23763,0.077734179874
23764,0.076213120808
23765,0.073725983089
23766,0.071113903475
23767,0.069006270763
23768,0.067764222598
23769,0.072509986426
23770,0.071193560488
23771,0.068478983528
23772,0.0672941065
23773,0.067680777044
23774,0.066801474316
23775,0.06591645051
23776,0.064516377483
23777,0.063227267953
23778,0.061425439686
23779,0.062283662333
23780,0.064241622071
23781,0.062375382891
23782,0.057265323216
23783,0.051064730967
23784,0.047541516195
23785,0.046799302156
23786,0.045925325881
23787,0.045871817971
23788,0.04557568193
23789,0.045495112003
23790,0.045004406148
23791,0.044659906609
23792,0.044347145602
23793,0.043742925607
23794,0.043395073914
23795,1.2698383691
23796,1.2691385592
23797,1.3011021525
23798,1.3262855137
23799,1.3432902877
23800,1.3608382703
23801,1.3760690082
23802,1.3748467669
23803,1.3601862291
23804,1.2630801128
23805,1.3567932885
23806,1.2031565394
23807,1.1772668695
23808,1.0996370498
23809,1.0683267218
23810,1.0355176258
23811,0.97210858311
23812,1.1671586969
23813,0.93351381493
23814,0.94585876646
23815,0.97543172714
23816,0.67299999338
23817,0.91166789533
23818,0.49683874806
23819,0.46271556933
23820,0.47338401711
23821,0.48895227134
23822,0.39358001158
23823,0.50644063998
23824,0.51925504735
23825,0.521621456
23826,0.49821231907
23827,0.48258470712
23828,0.47027309637
23829,0.46048698945
23830,0.44915632887
23831,0.43649185931
23832,0.42453644559
23833,0.31688562325
23834,0.32137701964
23835,0.32982451143
23836,0.33881808356
23837,0.34753604976
23838,0.35548051495
23839,0.36374545842
23840,0.37856633042
23841,0.42925307888
23842,0.39861895397
23843,0.45773226426
23844,0.49238073997
23845,0.54044861399
23846,0.58906079351
23847,0.6130553106
23848,0.62687419334
23849,0.60635499875
23850,0.63341770632
23851,0.63174803108
23852,0.67079085281
23853,0.70532841262
23854,0.7317054519
23855,0.76555919883
23856,0.80107241999
23857,0.90212496396
23858,0.90160135577
23859,0.86048958194
23860,0.91645141252
23861,1.0418693093
23862,1.2715921044
23863,1.35963399
23864,1.3878685689
23865,1.2970542308
23866,1.2308930164
23867,1.3013146984
23868,0.38979614973
23869,0.37440388416
23870,0.36026850504
23871,0.35202215891
23872,0.29676089051
23873,0.3499593881
23874,0.33736519205
23875,0.32527507162
23876,0.28832665159
23877,0.25837213781
23878,0.28369308565
23879,0.19674859584
23880,0.26056457785
23881,0.23665342284
23882,0.21541295976
23883,0.2082434369
23884,0.13606162776
23885,0.18451903873
23886,0.12129020387
23887,0.11580068065
23888,0.11080596421
23889,0.22205453018
23890,0.22313138592
23891,0.22284040934
23892,0.22607166351
23893,0.22721243051
23894,0.22715070123
23895,0.22735920274
23896,0.23214206976
23897,0.22930815807
23898,0.23319901094
23899,0.23426579437
23900,0.23319365268
23901,0.23880418183
23902,0.2424944408
23903,0.24599651716
23904,0.21212565933
23905,0.21553758334
23906,0.21817019629
23907,0.21804711141
23908,0.21870678145
23909,0.22065192981
23910,0.25017576105
23911,0.25222582361
23912,0.25684446846
23913,0.26267824007
23914,0.26882986247
23915,0.27402812423
23916,0.27953478384
23917,0.28403524267
23918,0.28804849428
23919,0.2954978002
23920,0.30009194899
23921,0.30087578474
23922,0.31122262
23923,0.30729719595
23924,0.32251982391
23925,0.21079445657
23926,0.21039836728
23927,0.21291708844
23928,0.214101828
23929,0.21283542906
23930,0.2109625404
23931,0.21115917599
23932,0.20847646823
23933,0.20880412652
23934,0.20862667273
23935,0.20831413516
23936,0.20791815918
23937,0.20690916675
23938,0.2076300439
23939,0.20814948758
23940,0.20575150336
23941,0.20382894318
23942,0.20294539258
23943,0.20349919046
23944,0.20618463003
23945,0.20924113946
23946,0.058372411603
23947,0.060889800283
23948,0.0092105090616
23949,0.0092931806234
23950,0.0092787177141
23951,0.0093091413334
23952,0.0093178097217
23953,0.0093640685802
23954,0.0094888197733
23955,0.0094024071522
23956,0.0093310523488
23957,0.0094381700128
23958,0.009378488804
23959,0.0097262615952
23960,0.0096771455469
23961,0.0044221060787
23962,0.0040917132332
23963,0.0038296167758
23964,0.0037045568614
23965,0.0037338895663
23966,0.0036410453304
23967,0.0037039952363
23968,0.0034771066343
23969,0.0033681363315
23970,0.0026594788548
23971,0.0020062951748
23972,0.0022331036901
23973,0.0018231342138
23974,0.0018987957111
23975,0.0021451960539
23976,0.00092731462081
23977,0
23978,0.001233848702
23979,0
23980,0
23981,0.0014866868767
23982,0.0011470919115
23983,0.0015330265363
23984,0.0015301367537
23985,0.0013322805324
23986,0.001757261026
23987,0.0021910021165
23988,0.0022471215999
23989,0.0024817451485
23990,0.00248198298
23991,0.0026778856971
23992,0.0026805288319
23993,0.002942640552
23994,0.0027955647984
23995,0.0028027827794
23996,0.0029040051931
23997,0.0029481020231
23998,0.0028244538438
23999,0.002753175309
24000,0.002670015182
24001,0.0026807097302
24002,0.0028053671833
24003,0.0028918905802
24004,0.0030859045076
24005,0.0032018084045
24006,0.0032143206241
24007,0.0039155517054
24008,0.0037333944297
24009,0.0038664021813
24010,0.0042576369267
24011,0.0044176909027
24012,0.0041331557747
24013,0.0042200202881
24014,0.0038064410492
24015,0.0036361092347
24016,0.0037369710514
24017,0.003660135006
24018,0.0038052585522
24019,0.0037401747323
24020,0.0037014379723
24021,0.003967856503
24022,0.0041289624032
24023,0.0042242386965
24024,0.0043082604593
24025,0.0041241670071
24026,0.0040704103465
24027,0.0039261490206
24028,0.0036703414417
24029,0.0037723322645
24030,0.0037225885891
24031,0.0038895795726
24032,0.003538096012
24033,0.0039865908729
24034,0.0038566755934
24035,0
24036,0.0009583553516
24037,0.0011044038056
24038,0.0020076527266
24039,0.0022208349314
24040,0.0019416946989
24041,0.0023808829296
24042,0.0026903155286
24043,0.0033045826206
24044,0.0034513175251
24045,0.003683156138
24046,0.0037811488361
24047,0
24048,0.00050467069997
24049,0.00087954964154
24050,0.0013555453563
24051,0.001941972675
24052,0.0020706070387
24053,0.0024804857176
24054,0.0030658614413
24055,0.0038643570172
24056,0.0045231686122
24057,0.0051318810956
24058,0.0057036437901
24059,0.0062674820163
24060,0.0071069021408
24061,0.0075106712629
24062,0.0063068119205
24063,0.0066028665507
24064,0.0076016332152
24065,0.0073875248096
24066,0.013629790286
24067,0.013318450783
24068,0.013027106769
24069,0.012779450121
24070,0.014604482616
24071,0.014209516718
24072,0.01391883148
24073,0.011457014837
24074,0.010741817685
24075,0.010077897301
24076,0.012134032841
24077,0.011553447302
24078,0.0082201394751
24079,0.0078293507056
24080,0.0087078365289
24081,0.0075374492947
24082,0.0074593075712
24083,0.0094148129591
24084,0.0091682116951
24085,0.0090959300005
24086,0.020997898451
24087,0.020843696914
24088,0.020490994003
24089,0.02015245076
24090,0.019828265776
24091,0.019524475878
24092,0.019099794472
24093,0.018282876498
24094,0.018614391072
24095,0.017591578857
24096,0.016451031495
24097,0.016892230177
24098,0.01562236426
24099,0.015333750672
24100,0.01498373358
24101,0.023261530169
24102,0.022642119559
24103,0.02295215334
24104,0.022304283436
24105,0.021961708112
24106,0.021608322057
24107,0.021282383472
24108,0.032072294289
24109,0.030769711378
24110,0.031291016879
24111,0.030033345391
24112,0.029344945752
24113,0.028698840828
24114,0.028083421275
24115,0.027496966837
24116,0.027059637389
24117,0.026777524133
24118,0.026355177914
24119,0.025956317643
24120,0.024953861524
24121,0.02530467128
24122,0.024612530591
24123,0.024275640416
24124,0.025458503104
24125,0.025614127734
24126,0.023934764139
24127,0.023607887776
24128,0.0429773555
24129,0.042521133552
24130,0.041904614983
24131,0.041500507401
24132,0.041228078016
24133,0.040773594017
24134,0.040580983843
24135,0.040451404042
24136,0.040008770666
24137,0.039802051789
24138,0.040007111769
24139,0.039855388628
24140,0.039947170989
24141,0.040139869842
24142,0.041535843738
24143,0.046228394353
24144,0.04759828068
24145,0.047186143566
24146,0.050073208192
24147,0.053160958925
24148,0.05522251155
24149,0.056026576668
24150,0.054500193421
24151,0.055864588657
24152,0.056324411269
24153,0.056763155365
24154,0.057025971979
24155,0.057064438224
24156,0.056911870093
24157,0.056601915342
24158,0.04221815468
24159,0.04162658648
24160,0.041024829394
24161,0.04037946544
24162,0.039846924042
24163,0.039444115682
24164,0.038875200333
24165,0.038159150335
24166,0.03747204523
24167,0.036806724303
24168,0.036090438735
24169,0.034740013281
24170,0.035432488043
24171,0.034900382236
24172,0.034227134578
24173,0.032585316435
24174,0.033758447792
24175,0.033025018008
24176,0.055406015452
24177,0.05439688216
24178,0.053264789582
24179,0.052290870936
24180,0.051672315759
24181,0.05070399755
24182,0.049989183245
24183,0.048977807649
24184,0.047924577893
24185,0.047167639252
24186,0.046182290809
24187,0.045346050659
24188,0.045213184031
24189,0.044201669441
24190,0.043608149039
24191,0.042860514146
24192,0.10966091826
24193,0.10621367582
24194,0.10289315379
24195,0.089004055776
24196,0.085620809916
24197,0.096851394591
24198,0.093066844007
24199,0.10569521989
24200,0.1048013717
24201,0.10164206387
24202,0.081777642615
24203,0.079174125858
24204,0.076920170568
24205,0.074697996909
24206,0.07004717558
24207,0.069797887715
24208,0.07634766339
24209,0.074337291495
24210,0.072497218181
24211,0.066419716077
24212,0.069306255048
24213,0.065226265296
24214,0.065638564529
24215,0.064903182516
24216,0.064381402589
24217,0.066161229658
24218,0.069183311016
24219,0.068050204267
24220,0.067395225712
24221,0.06057101626
24222,0.052052385037
24223,0.048055737745
24224,0.046965430795
24225,0.046309395797
24226,0.045192928404
24227,0.045722417172
24228,0.045276450083
24229,0.044650516838
24230,0.044127050316
24231,0.043858230332
24232,0.043369766137
24233,1.3802507422
24234,1.3698507454
24235,1.3898245949
24236,1.419453488
24237,1.4441918792
24238,1.4646404712
24239,1.4786655203
24240,1.4856377049
24241,1.4847250943
24242,1.4782859849
24243,1.2912268028
24244,1.3632075129
24245,1.4699005829
24246,1.2699890022
24247,1.2503324198
24248,1.1528734085
24249,1.1354139817
24250,1.0553641687
24251,1.1282186284
24252,1.0010172554
24253,1.235241159
24254,1.0340778285
24255,1.0978085785
24256,1.0881102434
24257,0.65544534605
24258,1.102119309
24259,0.46732279145
24260,0.51337515925
24261,0.52296849157
24262,0.41413273523
24263,0.5604986357
24264,0.57202708683
24265,0.56793965734
24266,0.53068949015
24267,0.51016512814
24268,0.50158597242
24269,0.49221926406
24270,0.48035407556
24271,0.46785088028
24272,0.45565634174
24273,0.44410970299
24274,0.32568687253
24275,0.33415955194
24276,0.33676170538
24277,0.34459114621
24278,0.34924286447
24279,0.35980273825
24280,0.37450910679
24281,0.46659116647
24282,0.44222068728
24283,0.37724675975
24284,0.48908372104
24285,0.53703795483
24286,0.61307250507
24287,0.61822282663
24288,0.62843947845
24289,0.66834147315
24290,0.68378853117
24291,0.6025766005
24292,0.68208541171
24293,0.72068233021
24294,0.74765878331
24295,0.76592678434
24296,0.79245134289
24297,0.82144320661
24298,0.99345564259
24299,1.0889808827
24300,0.97106534278
24301,1.183140366
24302,1.4258457601
24303,1.3499938051
24304,1.4168204585
24305,0.40299962539
24306,0.39014504855
24307,0.37871367596
24308,0.37045681121
24309,0.31576696829
24310,0.36259610668
24311,0.3532131442
24312,0.34333820494
24313,0.30944584853
24314,0.28296668379
24315,0.30582220553
24316,0.28496104827
24317,0.26352190311
24318,0.22444633563
24319,0.24923513831
24320,0.21951232614
24321,0.11917071161
24322,0.2308527446
24323,0.12207276193
24324,0.11933414867
24325,0.11828391769
24326,0.11483560636
24327,0.22490769388
24328,0.22653875269
24329,0.22976500169
24330,0.23244308287
24331,0.2338198288
24332,0.23266476702
24333,0.23711523263
24334,0.23762205301
24335,0.23864061641
24336,0.24328538896
24337,0.24709677413
24338,0.24832265936
24339,0.25179695704
24340,0.21329009435
24341,0.2169331375
24342,0.2201697279
24343,0.22205868603
24344,0.22135007604
24345,0.22427740246
24346,0.25489386153
24347,0.25975834147
24348,0.26479818331
24349,0.26916053792
24350,0.27273761498
24351,0.27518272288
24352,0.2808052569
24353,0.28715554174
24354,0.29248315656
24355,0.29931411219
24356,0.30121627873
24357,0.3009884171
24358,0.32168358996
24359,0.2990489789
24360,0.31939347644
24361,0.33629486797
24362,0.33926967253
24363,0.21154514278
24364,0.21165524581
24365,0.21234434446
24366,0.21222496767
24367,0.21112799652
24368,0.21238712975
24369,0.21547629403
24370,0.21539810336
24371,0.21159033021
24372,0.20721777888
24373,0.20590187035
24374,0.20632554483
24375,0.20828408487
24376,0.20966094911
24377,0.21198941527
24378,0.014397228075
24379,0.026976912614
24380,0.0214064083
24381,0.01088879247
24382,0.01061053034
24383,0.0046128061762
24384,0.0049656657968
24385,0.0041963436137
24386,0.003926846318
24387,0.0039452302176
24388,0.00380888234
24389,0.0037200640206
24390,0.0033378288754
24391,0.0038648842583
24392,0.0026784390949
24393,0.0027430867517
24394,0.0023396612667
24395,0.0019957828443
24396,0.0017501169243
24397,0.001564526219
24398,0.0013973444491
24399,0.0018805907141
24400,0
24401,0.0012164883465
24402,0
24403,0.00092588079386
24404,0.0015517353644
24405,0.0023294595711
24406,0.0023647854618
24407,0.0027102026758
24408,0.0025367668242
24409,0.0025542401219
24410,0.0026641514985
24411,0.0026904994118
24412,0.002715630151
24413,0.0027393461329
24414,0.0026859899465
24415,0.002536590942
24416,0.0025806735622
24417,0.0029387146889
24418,0.0028966323916
24419,0.0037032322423
24420,0.0038198184255
24421,0.0040322198604
24422,0.0043187538729
24423,0.0041477464972
24424,0.0044513015983
24425,0.0037659832008
24426,0.0038911502991
24427,0.0037234916323
24428,0.003413800868
24429,0.0034263821343
24430,0.0038263944194
24431,0.0039402208888
24432,0.0041993966028
24433,0.0040432237801
24434,0
24435,0.0019156870752
24436,0.0017176417559
24437,0.001898297753
24438,0.0026058365252
24439,0.0023977530485
24440,0.0023719001612
24441,0.00222707032
24442,0.0040033754686
24443,0.0039794315879
24444,0
24445,0.00048259028403
24446,0.00098757839797
24447,0.0015454677585
24448,0.0017936032911
24449,0.002344732414
24450,0.0033856164498
24451,0.0028095664074
24452,0.0039220664666
24453,0.0046024689997
24454,0.0051518356517
24455,0.0057040881417
24456,0.0071050627623
24457,0.0067857662001
24458,0.0073504073858
24459,0.0071022297911
24460,0.0061061068465
24461,0.0064181360378
24462,0.0073325314772
24463,0.0072578407286
24464,0.0073854775731
24465,0.01369652666
24466,0.013390053778
24467,0.012981494388
24468,0.012440425883
24469,0.014832894309
24470,0.014445380027
24471,0.01411078651
24472,0.010367297417
24473,0.010755488604
24474,0.0098485775294
24475,0.0095598088259
24476,0.011783489853
24477,0.011181762663
24478,0.0086160406338
24479,0.0080892697104
24480,0.008350521759
24481,0.0078682285472
24482,0.0090131279386
24483,0.0077869319184
24484,0.0076276660366
24485,0.0095042651624
24486,0.0094302370924
24487,0.0092826561196
24488,0.02120952825
24489,0.021227990684
24490,0.020977102958
24491,0.020454826396
24492,0.019991113923
24493,0.019484660788
24494,0.018981002132
24495,0.018111815012
24496,0.018550343204
24497,0.017674431744
24498,0.017086525042
24499,0.016192990538
24500,0.01655175699
24501,0.01574744516
24502,0.01566651086
24503,0.015250514224
24504,0.023499191057
24505,0.023189730412
24506,0.022735925694
24507,0.022454066987
24508,0.023009616651
24509,0.02218187352
24510,0.021917631318
24511,0.021637956228
24512,0.031869609152
24513,0.030563809316
24514,0.031294728249
24515,0.030887218891
24516,0.029956391673
24517,0.029377329699
24518,0.028797143724
24519,0.028245313173
24520,0.027707211889
24521,0.027211023996
24522,0.026743389912
24523,0.026306048259
24524,0.025901504205
24525,0.024890177308
24526,0.025234832663
24527,0.02450329506
24528,0.02413218272
24529,0.02548054558
24530,0.023828268106
24531,0.043032162739
24532,0.04245970148
24533,0.041527570557
24534,0.041114263837
24535,0.041031547238
24536,0.040522022972
24537,0.040161513443
24538,0.039985743809
24539,0.03914929761
24540,0.039035801732
24541,0.038868614818
24542,0.039082708332
24543,0.039370528332
24544,0.039870196011
24545,0.039929877047
24546,0.040668628159
24547,0.044584546199
24548,0.04385721777
24549,0.046931251429
24550,0.049975361953
24551,0.05260205471
24552,0.056237731084
24553,0.051931923561
24554,0.053404970851
24555,0.055170449839
24556,0.055951516517
24557,0.056566587817
24558,0.05682112233
24559,0.056948931002
24560,0.056809843769
24561,0.056630873078
24562,0.042316379357
24563,0.041735213375
24564,0.041411356768
24565,0.040939904786
24566,0.040352591341
24567,0.039968371471
24568,0.039454724366
24569,0.038980120587
24570,0.038535092269
24571,0.03806123489
24572,0.03766046719
24573,0.037061846412
24574,0.036468279209
24575,0.03590889954
24576,0.034361799928
24577,0.035344639915
24578,0.034933634892
24579,0.034489816185
24580,0.032314138243
24581,0.033990391629
24582,0.033413545574
24583,0.032772006406
24584,0.055844851333
24585,0.055142903585
24586,0.054160091993
24587,0.053048901439
24588,0.052412917401
24589,0.051458721962
24590,0.050239027971
24591,0.049647354526
24592,0.048578465728
24593,0.047392567086
24594,0.046852726275
24595,0.045739103586
24596,0.045183147135
24597,0.044515957839
24598,0.044485429797
24599,0.04374537246
24600,0.043562226111
24601,0.043045787322
24602,0.11239747972
24603,0.10750995538
24604,0.089295126847
24605,0.085545900549
24606,0.097979073822
24607,0.093871489969
24608,0.11199753118
24609,0.11020495079
24610,0.10804678669
24611,0.10355510049
24612,0.082325684713
24613,0.080162925762
24614,0.077607618655
24615,0.072525444191
24616,0.080111266463
24617,0.07858011247
24618,0.076709261081
24619,0.075678155297
24620,0.069058295759
24621,0.067480960876
24622,0.071838578208
24623,0.06882330768
24624,0.06838871934
24625,0.06759852101
24626,0.070453962115
24627,0.074539783042
24628,0.073644227731
24629,0.071253516399
24630,0.072272955513
24631,0.066985103513
24632,0.057686055356
24633,0.04908539633
24634,0.047102407227
24635,0.046299763816
24636,0.045851817388
24637,0.044712839834
24638,0.045253238472
24639,0.044672606477
24640,0.044193426347
24641,0.043636327539
24642,1.4836147112
24643,1.471356618
24644,1.4900981208
24645,1.5235684227
24646,1.553637458
24647,1.5814753322
24648,1.6005321278
24649,1.6127737136
24650,1.620269101
24651,1.6218731063
24652,1.6168500184
24653,1.3598526063
24654,1.4636711066
24655,1.6092448165
24656,1.3442668189
24657,1.3271039416
24658,1.2213410763
24659,1.2110507522
24660,1.0664066681
24661,1.127071906
24662,1.203380903
24663,1.311486277
24664,1.1158856638
24665,1.1749671505
24666,1.2030502247
24667,1.2562485978
24668,0.43254908732
24669,0.56472057633
24670,0.53572993821
24671,0.5287803877
24672,0.5154159284
24673,0.50123319335
24674,0.48924956539
24675,0.47821976388
24676,0.46746431713
24677,0.34057043015
24678,0.33643990094
24679,0.33736018515
24680,0.34235210205
24681,0.34003536399
24682,0.34579214077
24683,0.45514589787
24684,0.66643593534
24685,0.73411869098
24686,0.74870278335
24687,0.74222987241
24688,0.76947552616
24689,0.79086763744
24690,0.83641599516
24691,0.83991582541
24692,1.486882984
24693,1.5311270681
24694,0.41957924302
24695,0.40701195937
24696,0.39629912561
24697,0.38737747876
24698,0.33530042358
24699,0.37914444761
24700,0.36974535873
24701,0.35991832557
24702,0.33163522153
24703,0.30527814479
24704,0.32171321738
24705,0.30970754266
24706,0.28888740785
24707,0.27476297612
24708,0.24362149305
24709,0.28345557527
24710,0.1220699643
24711,0.12229076857
24712,0.12006431471
24713,0.11913703749
24714,0.22745208878
24715,0.22711744323
24716,0.22893845603
24717,0.2347782605
24718,0.23662645879
24719,0.23865794456
24720,0.23903356541
24721,0.23724102976
24722,0.24041769151
24723,0.24211022486
24724,0.24322266961
24725,0.24712093693
24726,0.24937659323
24727,0.25124402461
24728,0.25359748673
24729,0.25665217883
24730,0.21462121551
24731,0.21801195024
24732,0.22134487207
24733,0.22500293816
24734,0.22506789493
24735,0.22367117055
24736,0.26081405533
24737,0.26693701663
24738,0.26986459873
24739,0.27354076885
24740,0.2747630709
24741,0.27246100239
24742,0.2786214042
24743,0.29408620361
24744,0.29589446923
24745,0.29631799088
24746,0.29434615773
24747,0.29731673297
24748,0.34887462563
24749,0.28752769228
24750,0.29157165355
24751,0.36217382483
24752,0.3522422304
24753,0.34796559795
24754,0.21947891251
24755,0.21237427492
24756,0.21148541602
24757,0.21270725605
24758,0.21357581106
24759,0.21608228934
24760,0.0092550983568
24761,0.0092208036256
24762,0.0088667596346
24763,0.0087887126727
24764,0.013088213094
24765,0.012774284427
24766,0.0051724212825
24767,0.0045007203929
24768,0.0052998279393
24769,0.0060872812407
24770,0.0043783836104
24771,0.0047889441159
24772,0.0040091177994
24773,0.0048038301201
24774,0.0039297108534
24775,0.003491762025
24776,0.0035130986101
24777,0.0034273168781
24778,0.002675766211
24779,0.0024937511702
24780,0.002433544356
24781,0.0018857908525
24782,0.0019750660077
24783,0.0013962486614
24784,0.0014600591796
24785,0.0014011977474
24786,0.0013061912369
24787,0.0012108518321
24788,0
24789,0.0022646351783
24790,0.0023390580984
24791,0.0028601750295
24792,0.0028224986438
24793,0.0025168596172
24794,0.002588284146
24795,0.0044976068188
24796,0.0047321894611
24797,0.004036123337
24798,0.0043997205595
24799,0.0044756394359
24800,0.0021534054604
24801,0
24802,0.00053934377839
24803,0.0011313641847
24804,0.001282998304
24805,0.0017234090836
24806,0.0021967852614
24807,0.0032536902366
24808,0.0026110797478
24809,0.0041821253383
24810,0.0036333945729
24811,0.004716074632
24812,0.0050626413308
24813,0.0057128412181
24814,0.0053464571695
24815,0.0068043612424
24816,0.0064944554229
24817,0.0070598788565
24818,0.0067859971591
24819,0.0061347876549
24820,0.0058693695433
24821,0.0061799889
24822,0.0074615257772
24823,0.0072578417919
24824,0.0069759545443
24825,0.013792820906
24826,0.013334209428
24827,0.012537580191
24828,0.012829337757
24829,0.012096281429
24830,0.015187723097
24831,0.014491046198
24832,0.014847713529
24833,0.014185945204
24834,0.010233235177
24835,0.010648555792
24836,0.0099972919001
24837,0.0097644223761
24838,0.011531699878
24839,0.010983488341
24840,0.0085310200656
24841,0.0087738459417
24842,0.0083071955882
24843,0.0081176137715
24844,0.0080453613737
24845,0.0092309714449
24846,0.009028042028
24847,0.0080728301337
24848,0.0078990780097
24849,0.0076821821084
24850,0.009644319653
24851,0.0094594991018
24852,0.021614311063
24853,0.021564986363
24854,0.021454699781
24855,0.021030608531
24856,0.02055249254
24857,0.020106773336
24858,0.019647171557
24859,0.019132847207
24860,0.018448584776
24861,0.01840648562
24862,0.017371252609
24863,0.016841304369
24864,0.016202905522
24865,0.016615946773
24866,0.016112624023
24867,0.016093791411
24868,0.01556537468
24869,0.023792849576
24870,0.023559559353
24871,0.023280115182
24872,0.022630239297
24873,0.022881940665
24874,0.022404315647
24875,0.023125630174
24876,0.022251726325
24877,0.022106968357
24878,0.022043167225
24879,0.031546142987
24880,0.030421012817
24881,0.030871541887
24882,0.029847238773
24883,0.029290633459
24884,0.02874123049
24885,0.028356197881
24886,0.027905921104
24887,0.027419882389
24888,0.026984402675
24889,0.026589754881
24890,0.026261289594
24891,0.02597330979
24892,0.025674394358
24893,0.024843438378
24894,0.025118290331
24895,0.024560756779
24896,0.024254185786
24897,0.024001636718
24898,0.025367572775
24899,0.043129164867
24900,0.042461042869
24901,0.041822704976
24902,0.040253682909
24903,0.040458351594
24904,0.039687691865
24905,0.039117202374
24906,0.037985205615
24907,0.038003576911
24908,0.038100492381
24909,0.037484314063
24910,0.037821502829
24911,0.038093131906
24912,0.0383471916
24913,0.039280580208
24914,0.039448186666
24915,0.039994847006
24916,0.040341799883
24917,0.042617947744
24918,0.045535808879
24919,0.049449001005
24920,0.056383666191
24921,0.049253308426
24922,0.051507505494
24923,0.052256774082
24924,0.054391314296
24925,0.054418997007
24926,0.055607308246
24927,0.056081697743
24928,0.056603625869
24929,0.056875058556
24930,0.056705324033
24931,0.056567010494
24932,0.042644823394
24933,0.042037885823
24934,0.041618317379
24935,0.041178315227
24936,0.040781074971
24937,0.040201662325
24938,0.039738387703
24939,0.039079904552
24940,0.038917186074
24941,0.038498917417
24942,0.037882960582
24943,0.037492670047
24944,0.036977000217
24945,0.03641177986
24946,0.035727885974
24947,0.03530461478
24948,0.034953440093
24949,0.034571124574
24950,0.034148120346
24951,0.032095752033
24952,0.033679104251
24953,0.033165051248
24954,0.032585521114
24955,0.055695918788
24956,0.054781870038
24957,0.05390493432
24958,0.053109391104
24959,0.052044460209
24960,0.05177638902
24961,0.05068540022
24962,0.049605394785
24963,0.049135300068
24964,0.047890642401
24965,0.046652572205
24966,0.04625279752
24967,0.045119601982
24968,0.044753531196
24969,0.044304502144
24970,0.043779325265
24971,0.043853106597
24972,0.043233660682
24973,0.043197884255
24974,0.11797062945
24975,0.089723778693
24976,0.084247276152
24977,0.099712169454
24978,0.094992652772
24979,0.11678144078
24980,0.11586570485
24981,0.1160516772
24982,0.1084932098
24983,0.11425854112
24984,0.1059595153
24985,0.075200335909
24986,0.083386146613
24987,0.080585835562
24988,0.079987141775
24989,0.079060988795
24990,0.070587298777
24991,0.074161707129
24992,0.072203553315
24993,0.071744002813
24994,0.074922620095
24995,0.08024022185
24996,0.081001276606
24997,0.078996307018
24998,0.078360144323
24999,0.075832764468
25000,0.078406826217
25001,0.075338450972
25002,0.072672699031
25003,0.066043440668
25004,0.052478319225
25005,0.046356023564
25006,0.046419747436
25007,0.045689269853
25008,0.045252773203
25009,0.044124744864
25010,0.044462078164
25011,0.04377601587
25012,0.043670952352
25013,1.579611847
25014,1.568250085
25015,1.5901884909
25016,1.6368103387
25017,1.669526785
25018,1.7097290307
25019,1.746972312
25020,1.7569575253
25021,1.7724317663
25022,1.7786398018
25023,1.7865364684
25024,1.780332276
25025,1.4478210039
25026,1.5929763817
25027,1.7853894631
25028,1.4338862355
25029,1.4111490064
25030,1.2959892298
25031,1.2861066675
25032,1.1929837464
25033,1.2920123161
25034,1.3831369885
25035,1.2732767841
25036,1.3562580594
25037,0.45515308806
25038,0.57598221479
25039,0.56050463328
25040,0.53591038743
25041,0.52363560755
25042,0.51570567104
25043,0.50456791015
25044,0.49455614472
25045,0.34236864586
25046,0.33292463165
25047,0.33354501267
25048,0.33025991153
25049,0.82534011803
25050,0.81837214927
25051,0.82119106567
25052,0.89263262124
25053,0.97938734631
25054,0.44067984054
25055,0.42843076922
25056,0.41714017885
25057,0.40836838368
25058,0.35161476214
25059,0.39887334175
25060,0.38728630005
25061,0.37461217922
25062,0.35882061636
25063,0.3420427096
25064,0.32667323991
25065,0.33498834299
25066,0.31969275991
25067,0.30246114797
25068,0.22367185264
25069,0.22373073986
25070,0.21985401497
25071,0.22498489835
25072,0.24054759868
25073,0.24144542157
25074,0.24152818994
25075,0.24240794561
25076,0.24002737096
25077,0.24339314452
25078,0.24256168637
25079,0.24544628533
25080,0.24842478253
25081,0.25186649576
25082,0.25103606647
25083,0.25205840616
25084,0.25237362802
25085,0.25382875191
25086,0.25642239517
25087,0.25831403307
25088,0.21689583635
25089,0.22080097893
25090,0.22273461976
25091,0.22569748796
25092,0.22468226419
25093,0.21651784296
25094,0.26145916332
25095,0.26867638933
25096,0.27116672467
25097,0.2737572848
25098,0.27548504143
25099,0.27329150258
25100,0.26591717145
25101,0.26827279754
25102,0.29914342585
25103,0.3028729283
25104,0.29004814647
25105,0.27718184142
25106,0.2882283285
25107,0.38217344148
25108,0.36818177911
25109,0.42737143501
25110,0.35428719631
25111,0.34697074581
25112,0.21836626175
25113,0.21413091084
25114,0.2207170441
25115,0.22817161809
25116,0.0088675544755
25117,0.0091360737308
25118,0.0092153689755
25119,0.0087352811177
25120,0.0086974426596
25121,0.015113254659
25122,0.014974503565
25123,0.0062145803191
25124,0.0054453479277
25125,0.0064241613577
25126,0.0070062848312
25127,0.0081061836194
25128,0.0052855977018
25129,0.0059084791198
25130,0.0042623651627
25131,0.0039811995034
25132,0.0038318030173
25133,0.00314731447
25134,0.0037697834002
25135,0.002806662724
25136,0.0025055345427
25137,0.0018493603845
25138,0.0019257638998
25139,0.0010492450542
25140,0.0014780870487
25141,0.0021544870757
25142,0.0017212255459
25143,0.001721479326
25144,0
25145,0.0016955643371
25146,0
25147,0.00065418054949
25148,0.0011265553946
25149,0.0016142054923
25150,0.002087501217
25151,0.0031494643086
25152,0.0022032905738
25153,0.0026193919449
25154,0.004570676411
25155,0.0036799317726
25156,0.0041293202182
25157,0.0049040310781
25158,0.0055228048953
25159,0.0051763538679
25160,0.0064740571964
25161,0.0061915585686
25162,0.0067347001944
25163,0.0065249145099
25164,0.0058922046493
25165,0.0056056696174
25166,0.0059176144698
25167,0.0075274065964
25168,0.0070428695676
25169,0.0072758650276
25170,0.013906732857
25171,0.0135158267
25172,0.013081362706
25173,0.012331754006
25174,0.012672152629
25175,0.011879490566
25176,0.01542911815
25177,0.015156149989
25178,0.014535291241
25179,0.014848849091
25180,0.014251032506
25181,0.010237415141
25182,0.010480972892
25183,0.0099134556717
25184,0.010066016762
25185,0.0097978072728
25186,0.011523637429
25187,0.011196867479
25188,0.010828560512
25189,0.0084765798917
25190,0.0086745119096
25191,0.0088859106788
25192,0.0082764335654
25193,0.0082409976999
25194,0.0094088759748
25195,0.0092524438822
25196,0.0091035413083
25197,0.0083130872655
25198,0.0081611375344
25199,0.0078689296061
25200,0.0096368155908
25201,0.022050277894
25202,0.022029501715
25203,0.021672175863
25204,0.021095875896
25205,0.020657209196
25206,0.020406660537
25207,0.019955104072
25208,0.019326877677
25209,0.019447498474
25210,0.017763183063
25211,0.018674243344
25212,0.017083142181
25213,0.016453613029
25214,0.01683900004
25215,0.016539760417
25216,0.016660019121
25217,0.01622867209
25218,0.015772272628
25219,0.024005092333
25220,0.023835263014
25221,0.023366155758
25222,0.023587298071
25223,0.022830093557
25224,0.022572301108
25225,0.023053918778
25226,0.023255749558
25227,0.022415220702
25228,0.02243172159
25229,0.022452735457
25230,0.031419526603
25231,0.031032718527
25232,0.030321888873
25233,0.030647189767
25234,0.02973545115
25235,0.029182387077
25236,0.02853986671
25237,0.028160438516
25238,0.027650508292
25239,0.027206479708
25240,0.026810523862
25241,0.026417860536
25242,0.025983490255
25243,0.025640543201
25244,0.024771912907
25245,0.025012621711
25246,0.024441761114
25247,0.024131549425
25248,0.025268008157
25249,0.043106582896
25250,0.042601273489
25251,0.041822816847
25252,0.041574233277
25253,0.038628695624
25254,0.039075705654
25255,0.03834135876
25256,0.037374507516
25257,0.036569115225
25258,0.036811916132
25259,0.037011193881
25260,0.036110279537
25261,0.036582644742
25262,0.036768983015
25263,0.036997546625
25264,0.037418266416
25265,0.038641593148
25266,0.038993103653
25267,0.039767119963
25268,0.040353055863
25269,0.040777143998
25270,0.041994798518
25271,0.045470279376
25272,0.056271749221
25273,0.046601191977
25274,0.04931171365
25275,0.050098937367
25276,0.052621696433
25277,0.053194486676
25278,0.054808438618
25279,0.055606313899
25280,0.056117724839
25281,0.056696910195
25282,0.056478493535
25283,0.056125860627
25284,0.042821126908
25285,0.042345140447
25286,0.041796307589
25287,0.041435195118
25288,0.041015060663
25289,0.040591900054
25290,0.040019579626
25291,0.039729871224
25292,0.0392259483
25293,0.038493455152
25294,0.038531101253
25295,0.037932445588
25296,0.037215357761
25297,0.037363915523
25298,0.036642602779
25299,0.036041701497
25300,0.035608025954
25301,0.035350650455
25302,0.03505427822
25303,0.034671634661
25304,0.034273210274
25305,0.033847299464
25306,0.031951018673
25307,0.033445064301
25308,0.033022892383
25309,0.03245156149
25310,0.055667928732
25311,0.055118666137
25312,0.054164606948
25313,0.053055142597
25314,0.0520325669
25315,0.051011377297
25316,0.050955882881
25317,0.049965432695
25318,0.048944363933
25319,0.048430341887
25320,0.047022898113
25321,0.04555726675
25322,0.045395135085
25323,0.04430626248
25324,0.044260858635
25325,0.043784682133
25326,0.043596898759
25327,0.043129719107
25328,0.043230486801
25329,0.042772909202
25330,0.042604120742
25331,0.088596492435
25332,0.093975671841
25333,0.09928437202
25334,0.10479527793
25335,0.11165144773
25336,0.10940354994
25337,0.078001016634
25338,0.084300762349
25339,0.089889128413
25340,0.083624446877
25341,0.082243726015
25342,0.076848986388
25343,0.075810869294
25344,0.079784717353
25345,0.085840898535
25346,0.0857815075
25347,0.088879416053
25348,0.086414117919
25349,0.079966744542
25350,0.045984955272
25351,0.045392268382
25352,0.044827807571
25353,0.043418546922
25354,0.043399929406
25355,0.042896130097
25356,0.043043250366
25357,1.575825935
25358,1.7748914582
25359,1.5479665667
25360,1.5086649448
25361,1.3569935408
25362,1.3948158042
25363,1.4787818233
25364,1.4630691389
25365,0.48173604795
25366,0.34116655422
25367,0.32778706443
25368,0.99162427094
25369,0.4650049135
25370,0.45473309695
25371,0.44681647152
25372,0.43134293109
25373,0.41922087056
25374,0.40223881512
25375,0.38693857088
25376,0.36724511049
25377,0.34803416795
25378,0.2495874611
25379,0.24575759157
25380,0.23994477423
25381,0.24279838848
25382,0.24619125091
25383,0.24741879962
25384,0.25564701988
25385,0.25677317057
25386,0.25944970724
25387,0.24863297382
25388,0.24913388611
25389,0.25379090939
25390,0.25522509208
25391,0.25628480722
25392,0.25699288727
25393,0.2226045344
25394,0.22177892063
25395,0.22259355257
25396,0.22634141823
25397,0.26733281865
25398,0.26966509777
25399,0.27161084385
25400,0.28848172223
25401,0.27734741477
25402,0.27000303989
25403,0.25958174587
25404,0.25268455091
25405,0.27640200298
25406,0.30168317864
25407,0.28873778246
25408,0.27144193511
25409,0.38344761775
25410,0.35856122691
25411,0.37169659517
25412,0.38392639849
25413,0.34282990641
25414,0.0088570777349
25415,0.0088495684395
25416,0.0089805847724
25417,0.0091385186639
25418,0.0088444180721
25419,0.0088343720126
25420,0.016048578608
25421,0.016032091332
25422,0.007013339213
25423,0.0062832595942
25424,0.0069812370703
25425,0.0074913149368
25426,0.0088153039995
25427,0.0097327466889
25428,0.0054253535419
25429,0.005915466127
25430,0.0044144296021
25431,0.0062177537781
25432,0.0069753511054
25433,0.0038879833845
25434,0.0035609968377
25435,0.0035635947166
25436,0.0026826411071
25437,0.0022770199815
25438,0.0017973360442
25439,0.0015909841224
25440,0.0015628938891
25441,0.0015623800269
25442,0.002021777924
25443,0
25444,0.0028377021006
25445,0.0011968524269
25446,0.001706306416
25447,0
25448,0.00053261293537
25449,0.00098354366759
25450,0.0018188973715
25451,0.0013842817609
25452,0.0032735433891
25453,0.002924272019
25454,0.0018068362751
25455,0.0022709595024
25456,0.0025881406822
25457,0.0045832646946
25458,0.0043497133928
25459,0.0038157618773
25460,0.0035179706104
25461,0.004085631318
25462,0.0049130885941
25463,0.0046810558236
25464,0.0052919222328
25465,0.0049966149999
25466,0.0062750442642
25467,0.0060180847597
25468,0.0069272503642
25469,0.0066479723655
25470,0.0064355426516
25471,0.0056164160687
25472,0.0053150676515
25473,0.0057512368148
25474,0.007381387976
25475,0.0075492109366
25476,0.0071791540041
25477,0.013996230837
25478,0.013656636733
25479,0.013281653121
25480,0.012767887689
25481,0.012309613366
25482,0.011908740767
25483,0.015468320365
25484,0.015147219308
25485,0.014560062802
25486,0.014836183501
25487,0.014300480778
25488,0.010211263022
25489,0.010479879193
25490,0.0099532865613
25491,0.010086526886
25492,0.0098300846905
25493,0.011520496658
25494,0.011114731306
25495,0.010739694693
25496,0.008613046254
25497,0.0084513199285
25498,0.0087702125141
25499,0.0089764860475
25500,0.0094631366877
25501,0.0092833976555
25502,0.0091973444923
25503,0.0084711920974
25504,0.0082611459795
25505,0.0080215809092
25506,0.0078210011431
25507,0.0096612683482
25508,0.022543627245
25509,0.022520507587
25510,0.022310017288
25511,0.021546996875
25512,0.022111991096
25513,0.021014835173
25514,0.020732535879
25515,0.020207544741
25516,0.020424192885
25517,0.019841196358
25518,0.019209878156
25519,0.017313545949
25520,0.017854079035
25521,0.018657607823
25522,0.01704798801
25523,0.017253251731
25524,0.016718518526
25525,0.016218002445
25526,0.015818157025
25527,0.023985329666
25528,0.02376903387
25529,0.023438736172
25530,0.023592161172
25531,0.022865785661
25532,0.023058335568
25533,0.022759706352
25534,0.023263154771
25535,0.023378380486
25536,0.022843475133
25537,0.022797485013
25538,0.030729014226
25539,0.03125635705
25540,0.030294702762
25541,0.029974377243
25542,0.029093444639
25543,0.029328910871
25544,0.028601545826
25545,0.027894099053
25546,0.028074666341
25547,0.027430026727
25548,0.027020045352
25549,0.026608390627
25550,0.026180823782
25551,0.025532245103
25552,0.025757262439
25553,0.024652305578
25554,0.024886258809
25555,0.024263177153
25556,0.025120654596
25557,0.042444672883
25558,0.036495235697
25559,0.03673953616
25560,0.034661342525
25561,0.035415451818
25562,0.035365305377
25563,0.034229193415
25564,0.035227367073
25565,0.035109393015
25566,0.035266839782
25567,0.035664316971
25568,0.036308142785
25569,0.038028990776
25570,0.038866743778
25571,0.039828976512
25572,0.040401559621
25573,0.040826947014
25574,0.041221609882
25575,0.042178267354
25576,0.045436902206
25577,0.047029868366
25578,0.047507569189
25579,0.05073391545
25580,0.052103923105
25581,0.054257111623
25582,0.055160941813
25583,0.05585683194
25584,0.05634374667
25585,0.056099757046
25586,0.055867826417
25587,0.055209427407
25588,0.055253272588
25589,0.042023795212
25590,0.041456322676
25591,0.041203134314
25592,0.040810547077
25593,0.040419806718
25594,0.039829843182
25595,0.039458743428
25596,0.038811459484
25597,0.038224454447
25598,0.037854609053
25599,0.037362732492
25600,0.036881051219
25601,0.036849280245
25602,0.036318599911
25603,0.035876106579
25604,0.035563322369
25605,0.035239553612
25606,0.034842480647
25607,0.034419342427
25608,0.0340098726
25609,0.033507614292
25610,0.031887360065
25611,0.032941220172
25612,0.03228769314
25613,0.054738109459
25614,0.053840357567
25615,0.053101830572
25616,0.051873401611
25617,0.050931588204
25618,0.050260280769
25619,0.050153399022
25620,0.049276378485
25621,0.04844262375
25622,0.047893852016
25623,0.046494506262
25624,0.04532898784
25625,0.044160516261
25626,0.044349703375
25627,0.043298095918
25628,0.043504077826
25629,0.042707772557
25630,0.042974397211
25631,0.042314264615
25632,0.042336164527
25633,0.042481304567
25634,0.042135183588
25635,0.094627046169
25636,0.10049923945
25637,0.10376897361
25638,0.10888617607
25639,0.10807838701
25640,0.080880728367
25641,0.08916564188
25642,0.095959327303
25643,0.095381342223
25644,0.088968622175
25645,0.08619948421
25646,0.084746549179
25647,0.080069267881
25648,0.084952525918
25649,0.08928704377
25650,0.092503987388
25651,0.090613678283
25652,0.09039079648
25653,1.7585935351
25654,1.6862396997
25655,1.6509503775
25656,1.5677074389
25657,0.33205800257
25658,0.25472527798
25659,0.26055263121
25660,0.26652842719
25661,0.25529302733
25662,0.23763844334
25663,0.28052037267
25664,0.26388746208
25665,0.24533568221
25666,0.28793010558
25667,0.32306978976
25668,0.269159124
25669,0.24879475261
25670,0.27722173294
25671,0.29576187135
25672,0.26664548891
25673,0.33592356375
25674,0.34578599398
25675,0.35630491941
25676,0.0087890378878
25677,0.0087487939973
25678,0.0086893903628
25679,0.008870053527
25680,0.0091255614582
25681,0.0086637785544
25682,0.0086972020934
25683,0.0080463784092
25684,0.0081898069023
25685,0.0092775152247
25686,0.010482569628
25687,0.012020641434
25688,-99999
25689,0.0057079613805
25690,-99999
25691,0.0042511035735
25692,-99999
25693,0.0080018260573
25694,0.0079799665374
25695,0.003565626863
25696,0.0029994679407
25697,0.0035559958218
25698,0.0024951093939
25699,0.0022867434224
25700,0.0020250369097
25701,0.0010873683114
25702,0.0019528252147
25703,0.0016818109122
25704,0.0015824711665
25705,0.0018214824422
25706,0
25707,0.001724713495
25708,0.0017361100445
25709,0.00098956648073
25710,0.0009662481364
25711,0.0011588088976
25712,0
25713,0.00045805007307
25714,0.00084836960225
25715,0.0012304629346
25716,0.0032087358652
25717,0.0028782760233
25718,0.0020147321074
25719,0.0016758722215
25720,0.0022445036313
25721,0.0025237133772
25722,0.0043433585835
25723,0.0037506480536
25724,0.0034563078756
25725,0.0040085051871
25726,0.004730904029
25727,0.0044492147112
25728,0.0049974457845
25729,0.0047419586697
25730,0.0062057530089
25731,0.0059819396849
25732,0.0071236046191
25733,0.0068801059647
25734,0.0065799971199
25735,0.0067350544395
25736,0.0064419479084
25737,0.0054472532764
25738,0.0051696952702
25739,0.0057887269594
25740,0.0073853019966
25741,0.0077087607374
25742,0.01408327382
25743,0.013752201597
25744,0.013460164834
25745,0.01316187279
25746,0.012820955739
25747,0.012286841883
25748,0.012430360753
25749,0.011892273409
25750,0.015442662117
25751,0.015091351751
25752,0.01456316999
25753,0.014792341413
25754,0.014337396036
25755,0.010205058051
25756,0.010467720017
25757,0.0099796720217
25758,0.010101042301
25759,0.0098843658283
25760,0.0097607682012
25761,0.011201812776
25762,0.011457891641
25763,0.01082945306
25764,0.0086465772725
25765,0.0088539967469
25766,0.0090426960944
25767,0.0095891418766
25768,0.0093939471093
25769,0.0093455621
25770,0.0092252288182
25771,0.0085818155315
25772,0.0084528799524
25773,0.0080924393761
25774,0.0083572683884
25775,0.0080831149927
25776,0.007936654166
25777,0.023000348507
25778,0.022904118074
25779,0.022821960282
25780,0.022679088669
25781,0.021333889107
25782,0.021873768294
25783,0.022449192344
25784,0.020977498934
25785,0.021104135518
25786,0.020630511804
25787,0.020224495838
25788,0.019412041963
25789,0.017470223465
25790,0.017543881091
25791,0.017655507424
25792,0.017623296951
25793,0.01724473892
25794,0.016685445833
25795,0.016126811818
25796,0.015759147916
25797,0.023949079633
25798,0.023723827054
25799,0.023528415052
25800,0.023638007831
25801,0.023160214571
25802,0.023261530813
25803,0.023068137563
25804,0.023485454034
25805,0.023449500421
25806,0.02326978421
25807,0.02314600641
25808,0.030506392997
25809,0.031532422133
25810,0.03087727071
25811,0.029912083776
25812,0.029218081303
25813,0.028672041644
25814,0.028160180315
25815,0.027629036763
25816,0.027765273647
25817,0.027226963161
25818,0.026783663374
25819,0.026335824619
25820,0.025909972392
25821,0.02534248757
25822,0.025514649117
25823,0.024508496323
25824,0.024717355039
25825,0.024157314272
25826,0.024920301337
25827,0.032732318388
25828,0.032750205516
25829,0.032648259021
25830,0.033196350114
25831,0.03407250669
25832,0.034348013613
25833,0.033606889832
25834,0.033497254572
25835,0.033397728007
25836,0.03401270663
25837,0.034671473788
25838,0.037213004358
25839,0.037986544327
25840,0.03917344202
25841,0.039909224266
25842,0.040432369282
25843,0.040864298825
25844,0.041154376427
25845,0.041385424731
25846,0.041652491177
25847,0.04406294566
25848,0.043457596797
25849,0.045391989213
25850,0.049011097508
25851,0.051447246415
25852,0.053689499261
25853,0.054987727557
25854,0.055610176194
25855,0.056012690003
25856,0.055774484025
25857,0.055587811841
25858,0.055058476278
25859,0.054235528525
25860,0.05427263152
25861,0.041457425225
25862,0.040827206959
25863,0.040883504371
25864,0.0405875419
25865,0.040222308608
25866,0.039634678396
25867,0.03922918767
25868,0.038682001417
25869,0.038204193632
25870,0.03767532867
25871,0.037275788837
25872,0.036805717132
25873,0.036418134401
25874,0.036074450993
25875,0.035778911798
25876,0.035491752984
25877,0.035104399783
25878,0.034595467951
25879,0.034206993536
25880,0.033809353962
25881,0.03333084131
25882,0.032905799351
25883,0.032392170821
25884,0.031771170035
25885,0.053223969606
25886,0.05210798238
25887,0.051172944225
25888,0.050814077752
25889,0.050290476484
25890,0.049628966479
25891,0.04945798781
25892,0.048546333861
25893,0.047572806278
25894,0.046242484026
25895,0.045086740792
25896,0.043992235167
25897,0.042834846061
25898,0.043232837314
25899,0.042434941124
25900,0.042644405548
25901,0.041948104154
25902,0.041485127413
25903,0.042199313723
25904,0.041460034908
25905,0.041357050439
25906,0.040962336055
25907,0.04170752595
25908,0.041287785559
25909,0.099994895902
25910,0.10688697057
25911,0.1061031539
25912,0.083449413386
25913,0.093883090312
25914,0.099739147909
25915,0.10069629159
25916,0.099604624256
25917,0.093693785858
25918,0.090912426353
25919,0.093343090515
25920,0.088610663494
25921,0.087528624142
25922,0.090408018041
25923,0.094048246306
25924,0.24816436085
25925,0.26913365657
25926,0.24647667154
25927,0.23158885123
25928,0.2561115005
25929,0.28495716073
25930,0.26518617656
25931,0.31167894295
25932,0.2678344771
25933,0.26045449511
25934,0.28923391718
25935,0.008576057498
25936,0.0085863000903
25937,0.0085833126763
25938,0.0086241775702
25939,0.0086781745253
25940,0.0089588712583
25941,0.0086248141304
25942,0.008494469718
25943,0.0091872382367
25944,0.0094931347093
25945,0.01005405224
25946,0.010970282201
25947,0.011998070885
25948,0.013639257315
25949,0.014042553004
25950,0.0072356602576
25951,0.0083347234586
25952,0.0064455858651
25953,0.0048038917109
25954,0.0094607869309
25955,0.010830179855
25956,0.0098244800688
25957,0.0028820377894
25958,0.0039026672092
25959,0.0052708424293
25960,0.0025335304012
25961,0.002442962933
25962,0.002241374313
25963,0.0019801817254
25964,0.0018920002564
25965,0.001762442677
25966,0.0014981732725
25967,0
25968,0.0012613227546
25969,0.00058068374276
25970,0.0011891008594
25971,0.00087963424156
25972,0.0017462916772
25973,0
25974,0.00037738793096
25975,0.00070519612222
25976,0.0013055938812
25977,0.00098699336303
25978,0.0033659893791
25979,0.0031385836719
25980,0.0028654881921
25981,0.0019008446022
25982,0.0018554618941
25983,0.0016148667406
25984,0.0025841317972
25985,0.0020739797878
25986,0.0023208585412
25987,0.0043272871817
25988,0.0041589614474
25989,0.0038857471588
25990,0.0036737852664
25991,0.0046808383788
25992,0.004641980156
25993,0.0049655515792
25994,0.0048634178689
25995,0.0062468705744
25996,0.0060738930428
25997,0.0070409714115
25998,0.0073779323822
25999,0.0066398904857
26000,0.0069609939183
26001,0.0068064849914
26002,0.006536233349
26003,0.005687164669
26004,0.0053387505606
26005,0.0055515028466
26006,0.0052313150198
26007,0.0059479396945
26008,0.0076168714175
26009,0.007886664311
26010,0.014173556786
26011,0.013931951576
26012,0.013673171644
26013,0.0134397606
26014,0.013155652615
26015,0.012878721099
26016,0.012504721414
26017,0.01204315391
26018,0.012150573537
26019,0.011673683412
26020,0.015347593725
26021,0.015004447586
26022,0.014540920387
26023,0.014713431467
26024,0.014359506132
26025,0.01022095892
26026,0.010460051417
26027,0.0099810734811
26028,0.010090532356
26029,0.0098577655992
26030,0.0097048730392
26031,0.011095070726
26032,0.011374630851
26033,0.010762605738
26034,0.0087433159929
26035,0.0089405761384
26036,0.0090990983516
26037,0.0095131622188
26038,0.0093855243934
26039,0.0092981144433
26040,0.0091925302185
26041,0.0086344724506
26042,0.0085472207163
26043,0.0083049254749
26044,0.0084514306748
26045,0.0082553037646
26046,0.0081023726552
26047,0.023365534234
26048,0.023272644792
26049,0.023303588172
26050,0.023230388
26051,0.023101827489
26052,0.021595864926
26053,0.02204891033
26054,0.022803924324
26055,0.022419700241
26056,0.021522443494
26057,0.021117873546
26058,0.021612278673
26059,0.020896511537
26060,0.017753130213
26061,0.018063955506
26062,0.017908688174
26063,0.017259776328
26064,0.016573227561
26065,0.015991461178
26066,0.015636344646
26067,0.023862957763
26068,0.023704909773
26069,0.023705133552
26070,0.023708042569
26071,0.023736521535
26072,0.023833827899
26073,0.023412652909
26074,0.023334155519
26075,0.023569338361
26076,0.023695710941
26077,0.023654176645
26078,0.023645602414
26079,0.023654925004
26080,0.030252663141
26081,0.031119414987
26082,0.030572762843
26083,0.029559174524
26084,0.028392173898
26085,0.028774659183
26086,0.028166736037
26087,0.027837304413
26088,0.027404063803
26089,0.02751487608
26090,0.027040424206
26091,0.026658918635
26092,0.026421516533
26093,0.026006578749
26094,0.025596837205
26095,0.025129523163
26096,0.025294714693
26097,0.024340796324
26098,0.024465790889
26099,0.024014087603
26100,0.024669878486
26101,0.033235024052
26102,0.036094762397
26103,0.037302802138
26104,0.03851817372
26105,0.039313136293
26106,0.039729258359
26107,0.040021621529
26108,0.040486165094
26109,0.04085244914
26110,0.040991362656
26111,0.041217696901
26112,0.041411808822
26113,0.041668374626
26114,0.041615672938
26115,0.042377300926
26116,0.043769926777
26117,0.047840911792
26118,0.049648237459
26119,0.053459833518
26120,0.051894355437
26121,0.054038066986
26122,0.055040976803
26123,0.055549301276
26124,0.055370648957
26125,0.054779942542
26126,0.053950287925
26127,0.052977263171
26128,0.040753365905
26129,0.040227263627
26130,0.040331039556
26131,0.040372893144
26132,0.040094326117
26133,0.040057991211
26134,0.039748421172
26135,0.039346331364
26136,0.038964682661
26137,0.038263293097
26138,0.037689997574
26139,0.037310960863
26140,0.03716972941
26141,0.036777850453
26142,0.036487599762
26143,0.03619240239
26144,0.035938398366
26145,0.035698740225
26146,0.035426777869
26147,0.035090534318
26148,0.034733003553
26149,0.034268238301
26150,0.033859997658
26151,0.033418221092
26152,0.032953302291
26153,0.032422854497
26154,0.031915432221
26155,0.031309487054
26156,0.051981409722
26157,0.051137980489
26158,0.050638998098
26159,0.050171961615
26160,0.049639658255
26161,0.048960951417
26162,0.048739519808
26163,0.047607843368
26164,0.046540246034
26165,0.043876270466
26166,0.041565402758
26167,0.04274071976
26168,0.041549605249
26169,0.042302381141
26170,0.041592645506
26171,0.041191344064
26172,0.040718241222
26173,0.040394597891
26174,0.04006296745
26175,0.039776592757
26176,0.04063778988
26177,0.040326566493
26178,0.10567690379
26179,0.10104412984
26180,0.1052913535
26181,0.10607714835
26182,0.10926298849
26183,0.10118800331
26184,0.09489750597
26185,0.092506872076
26186,0.10115872541
26187,0.097732725749
26188,0.090310369092
26189,0.092538988069
26190,0.095881128185
26191,0.24456388471
26192,0.26104555717
26193,0.2277208655
26194,0.25302053943
26195,0.26429594775
26196,0.24976149395
26197,0.0084214821888
26198,0.0084605913118
26199,0.0084590444853
26200,0.0084801332631
26201,0.0084895583389
26202,0.008412960259
26203,0.0086552326765
26204,0.0088589355561
26205,0.0083432744682
26206,0.011886827177
26207,0.011352899377
26208,0.010891891152
26209,0.011674680578
26210,0.012608820634
26211,0.013933031272
26212,0.01432008038
26213,0.014309085828
26214,0.014396999107
26215,0.0074915885869
26216,0.0087352738541
26217,0.0094490198183
26218,0.010342383888
26219,0.010822088583
26220,0.0026356948915
26221,0.003559902354
26222,0.0046472643881
26223,0.0074165408943
26224,0.0028105163495
26225,0.0026350935718
26226,0.0021867221351
26227,0.0020002398803
26228,0.0011362589984
26229,0
26230,0.00045662483724
26231,0.00071261098459
26232,0.00091798113282
26233,0.001053784005
26234,0.0012938725596
26235,0
26236,0.00029542269418
26237,0.00047558526575
26238,0.00075046691394
26239,0.0014445151652
26240,0.0013435822855
26241,0.0012037199602
26242,0.0034615337017
26243,0.0032235527467
26244,0.0029065417464
26245,0.0019762911479
26246,0.0018493551299
26247,0.0017086849261
26248,0.0024966880311
26249,0.0027857315047
26250,0.0022640644931
26251,0.0021046250044
26252,0.0045214733868
26253,0.0041496450416
26254,0.0043808602601
26255,0.0039905561127
26256,0.0037786899283
26257,0.0048263456462
26258,0.0047644792442
26259,0.0050608836401
26260,0.0049517110112
26261,0.0063435266239
26262,0.006192323097
26263,0.0072241642874
26264,0.0076886508969
26265,0.0074911292109
26266,0.0068370992578
26267,0.006733997531
26268,0.0069972177843
26269,0.0071415633202
26270,0.0067683171154
26271,0.0065812265382
26272,0.0057892831561
26273,0.005470922141
26274,0.0056938501897
26275,0.0052391478797
26276,0.0054350464951
26277,0.0061166920893
26278,0.0060001562762
26279,0.0081012712987
26280,0.0079063990115
26281,0.01426698969
26282,0.014056836424
26283,0.013841385774
26284,0.013635919375
26285,0.013423069231
26286,0.013183410459
26287,0.012941298507
26288,0.01266451179
26289,0.012390192373
26290,0.012204035814
26291,0.011807070548
26292,0.011918205838
26293,0.011477781406
26294,0.015223570816
26295,0.014864705265
26296,0.014475242177
26297,0.014595906994
26298,0.01027034655
26299,0.010151432145
26300,0.010590176046
26301,0.010367029003
26302,0.0099895175776
26303,0.0098314153125
26304,0.0096653938363
26305,0.011176535557
26306,0.010879172255
26307,0.00881843476
26308,0.008929048591
26309,0.0090851032294
26310,0.0095102735613
26311,0.009411257219
26312,0.0092692373205
26313,0.0087144153342
26314,0.0086920930763
26315,0.0085988819758
26316,0.0084428189594
26317,0.0083013076192
26318,0.023884886585
26319,0.023837623365
26320,0.023706174676
26321,0.023627849915
26322,0.023214521157
26323,0.021798075332
26324,0.022046477424
26325,0.022807059522
26326,0.022203485459
26327,0.02244312355
26328,0.021710307873
26329,0.02179798148
26330,0.021808504626
26331,0.021802909503
26332,0.019578232823
26333,0.018744541592
26334,0.01820073844
26335,0.017180222616
26336,0.016393829759
26337,0.0158616645
26338,0.015558378656
26339,0.023765245812
26340,0.024010966383
26341,0.024004030709
26342,0.023826331997
26343,0.023980372562
26344,0.024197815061
26345,0.023891351381
26346,0.023996477572
26347,0.023975646632
26348,0.024133335626
26349,0.024417116424
26350,0.0299855231
26351,0.030581900043
26352,0.029204592366
26353,0.028078837766
26354,0.027895903279
26355,0.028339434719
26356,0.027543323033
26357,0.02720521062
26358,0.027305777929
26359,0.02686825091
26360,0.02626138423
26361,0.026469615498
26362,0.025852160423
26363,0.025557479974
26364,0.025241133205
26365,0.024964708866
26366,0.024160685598
26367,0.024303867352
26368,0.024105317807
26369,0.023911728375
26370,0.024564950689
26371,0.024272060398
26372,0.038101902969
26373,0.037389633084
26374,0.038891166411
26375,0.039380019009
26376,0.039837046537
26377,0.040246742403
26378,0.040609874502
26379,0.040749773746
26380,0.040722256256
26381,0.0412363778
26382,0.040877817288
26383,0.041360332192
26384,0.042203361449
26385,0.043182576173
26386,0.044635515148
26387,0.047100742607
26388,0.049932324021
26389,0.05168861359
26390,0.053274268953
26391,0.054360351695
26392,0.054946904043
26393,0.055158456746
26394,0.054797302259
26395,0.054358196008
26396,0.053470766422
26397,0.052541034268
26398,0.051617803965
26399,0.039906558045
26400,0.039477345356
26401,0.039669474905
26402,0.03977794761
26403,0.039925945434
26404,0.039667254917
26405,0.039360547602
26406,0.038822874816
26407,0.038007189846
26408,0.037565408972
26409,0.037194723962
26410,0.036859019286
26411,0.036579289463
26412,0.03648811786
26413,0.03625623996
26414,0.036008965898
26415,0.035781822309
26416,0.035559028291
26417,0.035306695232
26418,0.035005962334
26419,0.034741360924
26420,0.034467511796
26421,0.034176021205
26422,0.033906513965
26423,0.033526236136
26424,0.033143016893
26425,0.032693822648
26426,0.032090580446
26427,0.031478028653
26428,0.030940774923
26429,0.051096002895
26430,0.050346894346
26431,0.049852061441
26432,0.049631704597
26433,0.049082749181
26434,0.048476917977
26435,0.047959547419
26436,0.047245016014
26437,0.045464532436
26438,0.042643040673
26439,0.040352211086
26440,0.041952030481
26441,0.04020390321
26442,0.041415795574
26443,0.040804358557
26444,0.040422580413
26445,0.039958315438
26446,0.039311200216
26447,0.038783627743
26448,0.038242835832
26449,0.039454381739
26450,0.039057763327
26451,0.11187528741
26452,0.11052472611
26453,0.097947921534
26454,0.096556842645
26455,0.096272753212
26456,0.24799601884
26457,0.0082315474516
26458,0.0082766075539
26459,0.0083038696615
26460,0.0083454500562
26461,0.0083795448859
26462,0.0082108634581
26463,0.008527434476
26464,0.0088031194024
26465,0.0082248334827
26466,0.0082348264392
26467,0.011384423929
26468,0.014117040436
26469,0.013880906541
26470,0.012412902065
26471,0.01366795609
26472,0.014575165014
26473,0.014874439214
26474,0.014571894214
26475,0.014550066414
26476,0.014677956585
26477,0.008894208403
26478,0.0095437617502
26479,0.0099150280779
26480,0.010487876719
26481,0.0030259035917
26482,0.0034092038282
26483,0.0033187859251
26484,0.0096819098984
26485,0.0023528824677
26486,0.0024373901629
26487,0.0024993443532
26488,0.0019213738875
26489,0
26490,0.00073257590283
26491,0.0009424091959
26492,0.0013550418132
26493,0.0013134964503
26494,0.0018811735838
26495,0
26496,0.00024726748182
26497,0.00087904440495
26498,0.00062087815643
26499,0.0011605177968
26500,0.0015460637101
26501,0.0014380466608
26502,0.0014251773498
26503,0.0035778517087
26504,0.0030994914988
26505,0.0033663820326
26506,0.0020404068045
26507,0.0018774159934
26508,0.001663643735
26509,0.0017726186295
26510,0.0024132086753
26511,0.0026507248309
26512,0.0029246719439
26513,0.002220051247
26514,0.0046181122244
26515,0.0042398490024
26516,0.0044614729738
26517,0.0040196716603
26518,0.0038200143213
26519,0.0049059265828
26520,0.0048058212553
26521,0.0051140609046
26522,0.0050044668099
26523,0.0064045612165
26524,0.0062766732183
26525,0.0073201393935
26526,0.0077234868775
26527,0.0075303900507
26528,0.0069302219738
26529,0.0070858515889
26530,0.0072454366258
26531,0.0074620886312
26532,0.0069632839279
26533,0.0067749306047
26534,0.0065935338276
26535,0.0058927547604
26536,0.0056314914693
26537,0.0058100595565
26538,0.0053016339005
26539,0.0056246508753
26540,0.0054932699972
26541,0.0061819039808
26542,0.0060934735094
26543,0.0082392761834
26544,0.0080956894295
26545,0.0079007837592
26546,0.014371080199
26547,0.014162904241
26548,0.013959062735
26549,0.013786368681
26550,0.013646283416
26551,0.013438318133
26552,0.013253080451
26553,0.0131307571
26554,0.012860353281
26555,0.012620189551
26556,0.012288883027
26557,0.012068978563
26558,0.011595770395
26559,0.011700221812
26560,0.011254619686
26561,0.01525773394
26562,0.014962589881
26563,0.014686555762
26564,0.014460631193
26565,0.01024442781
26566,0.010094918066
26567,0.01072015156
26568,0.010473981155
26569,0.010359786119
26570,0.0099516026914
26571,0.0098165194536
26572,0.0097116675363
26573,0.00957260256
26574,0.010991864563
26575,0.0088263379609
26576,0.00897636927
26577,0.0092395733429
26578,0.0090882660362
26579,0.0094170219658
26580,0.0087191704806
26581,0.0086735199721
26582,0.0085918639683
26583,0.0084264880172
26584,0.025042186551
26585,0.024715138192
26586,0.024447909995
26587,0.024178797838
26588,0.024021904531
26589,0.023597827779
26590,0.023237460677
26591,0.021810659706
26592,0.021947323201
26593,0.022424570814
26594,0.022924188993
26595,0.02223870145
26596,0.022101795738
26597,0.021621635051
26598,0.022109458132
26599,0.021973053017
26600,0.021776763223
26601,0.02138624372
26602,0.020316977925
26603,0.019559343422
26604,0.018530557369
26605,0.017115199373
26606,0.016055806341
26607,0.015571527298
26608,0.023793171019
26609,0.024400382855
26610,0.02447657987
26611,0.024396450751
26612,0.023851488199
26613,0.024058021094
26614,0.024370093149
26615,0.02462326506
26616,0.024373393515
26617,0.024580883247
26618,0.024750772312
26619,0.02535961507
26620,0.029684482381
26621,0.030312093779
26622,0.028900255297
26623,0.027853319486
26624,0.027688082629
26625,0.027625253142
26626,0.028489056758
26627,0.027743501843
26628,0.027202777758
26629,0.027372733252
26630,0.027038490667
26631,0.026713186161
26632,0.026080898955
26633,0.026390425214
26634,0.026203591058
26635,0.025700988931
26636,0.025435404413
26637,0.025143216704
26638,0.024850138678
26639,0.02402454284
26640,0.023868533275
26641,0.024447434855
26642,0.024180342812
26643,0.023977459037
26644,0.038307401622
26645,0.03786820823
26646,0.038689208923
26647,0.039135034336
26648,0.039603274191
26649,0.039784817844
26650,0.040141716579
26651,0.040063388438
26652,0.039924539088
26653,0.039584809856
26654,0.04033212499
26655,0.039739703758
26656,0.040489338589
26657,0.040876121382
26658,0.04163065247
26659,0.042387683566
26660,0.044135410986
26661,0.046287079741
26662,0.049688795012
26663,0.051598315944
26664,0.053250827534
26665,0.054202347529
26666,0.054483497015
26667,0.054843233657
26668,0.054288983273
26669,0.053882789587
26670,0.052675073916
26671,0.051653806752
26672,0.050941349103
26673,0.050621441283
26674,0.0389319272
26675,0.038802711374
26676,0.039132679822
26677,0.039194231368
26678,0.039488887786
26679,0.039562068486
26680,0.039250023876
26681,0.03878414936
26682,0.038267639606
26683,0.037784152285
26684,0.037345637091
26685,0.037049234648
26686,0.036742158268
26687,0.036573666843
26688,0.036434288718
26689,0.036341071898
26690,0.036099634182
26691,0.035786507252
26692,0.035580586063
26693,0.035423124523
26694,0.035142333441
26695,0.034811219392
26696,0.034662706517
26697,0.034419303341
26698,0.034125474291
26699,0.033824076185
26700,0.033473253505
26701,0.033023274182
26702,0.032500483316
26703,0.031558153279
26704,0.03198089875
26705,0.031020747067
26706,0.04946419244
26707,0.049099559217
26708,0.04899822294
26709,0.048352749747
26710,0.048775642467
26711,0.048407450509
26712,0.047639382571
26713,0.048046920653
26714,0.055566854236
26715,0.05115233596
26716,0.040546143133
26717,0.040011141191
26718,0.039398497341
26719,0.039111403593
26720,0.038268229284
26721,0.037917706434
26722,0.037098636952
26723,0.038012590933
26724,0.038096152769
26725,0.0080635986506
26726,0.0081333496376
26727,0.0081837204933
26728,0.0082330642271
26729,0.008240292565
26730,0.0081204704596
26731,0.0084550777172
26732,0.0085066674013
26733,0.0080798196484
26734,0.01512835201
26735,0.015067928954
26736,0.014954531268
26737,0.015034189933
26738,0.014750377292
26739,0.014753480693
26740,0.0034424573071
26741,0.002925291683
26742,0.0021056296233
26743,0
26744,0.0012250626188
26745,0.0011486334009
26746,0.0013893900299
26747,0.0014023242579
26748,0.0015690294417
26749,0.0019231331507
26750,0.0025612044683
26751,0
26752,0.00033583629954
26753,0.0011669524427
26754,0.0010254568198
26755,0.00072203998814
26756,0.0013397620731
26757,0.0015763105319
26758,0.0015205742658
26759,0.0014431570088
26760,0.0035604487394
26761,0.003231930884
26762,0.0020123986916
26763,0.0021571567045
26764,0.0019087019303
26765,0.001708109655
26766,0.0018046836992
26767,0.0025169555778
26768,0.0023366831358
26769,0.0027171484219
26770,0.0029842877419
26771,0.0046446213512
26772,0.0043370446656
26773,0.0041848423654
26774,0.0044802247765
26775,0.0040118259969
26776,0.0038079489882
26777,0.0049231958387
26778,0.0047933819001
26779,0.0051686861462
26780,0.0050206435034
26781,0.0064391639899
26782,0.0063234401464
26783,0.0076469249882
26784,0.0077236720815
26785,0.0071521505762
26786,0.0073459003241
26787,0.0075945124506
26788,0.0079211190951
26789,0.0071814751164
26790,0.0069853975144
26791,0.0067866295328
26792,0.0066023795538
26793,0.0059962430979
26794,0.0057625319451
26795,0.0059197619874
26796,0.0053730390387
26797,0.005741609139
26798,0.0056501741621
26799,0.0055307698167
26800,0.006278770316
26801,0.0062320167287
26802,0.008161537758
26803,0.0082187220516
26804,0.0080491123408
26805,0.0080583871798
26806,0.01426108345
26807,0.014055279696
26808,0.013844963394
26809,0.013688818686
26810,0.013481261059
26811,0.013339979832
26812,0.013317904363
26813,0.013066458222
26814,0.012808793674
26815,0.012594116657
26816,0.01235954224
26817,0.012092062761
26818,0.011917182394
26819,0.011428862853
26820,0.011610455882
26821,0.011413578718
26822,0.011194364681
26823,0.010965464869
26824,0.015281519096
26825,0.01501647828
26826,0.014732720235
26827,0.014504114454
26828,0.014342342176
26829,0.01018266534
26830,0.010298852196
26831,0.010062327758
26832,0.010752775091
26833,0.010577798591
26834,0.01042734745
26835,0.0099171493086
26836,0.0098070321165
26837,0.0096881475388
26838,0.0095877768618
26839,0.0089281106929
26840,0.0087949238761
26841,0.0093449961706
26842,0.0092196465188
26843,0.0090742944039
26844,0.0094711549285
26845,0.0087080497979
26846,0.008579860868
26847,0.0084909280313
26848,0.0083102499426
26849,0.026158745231
26850,0.025840888364
26851,0.025538036421
26852,0.025133403689
26853,0.024537650741
26854,0.024308379312
26855,0.023926962331
26856,0.023571650037
26857,0.023283840671
26858,0.021892562065
26859,0.022114244012
26860,0.022090174554
26861,0.022533179506
26862,0.022092210249
26863,0.023209357821
26864,0.022888912333
26865,0.022870625117
26866,0.022229174965
26867,0.022361940219
26868,0.022015890276
26869,0.022079628213
26870,0.021911457748
26871,0.021841097604
26872,0.022003662713
26873,0.021479692012
26874,0.020914903398
26875,0.020195915403
26876,0.018902434086
26877,0.016444771242
26878,0.015566728125
26879,0.023808757409
26880,0.024844414015
26881,0.024873007954
26882,0.024924844375
26883,0.024958879127
26884,0.023802976941
26885,0.023937740408
26886,0.024171592331
26887,0.024333244612
26888,0.024757132315
26889,0.024786128137
26890,0.025086237012
26891,0.025107868147
26892,0.025443827889
26893,0.026249507549
26894,0.029694224638
26895,0.029301223652
26896,0.030671561591
26897,0.03006529774
26898,0.027617392539
26899,0.027365085879
26900,0.029140856487
26901,0.028604622383
26902,0.027986487084
26903,0.02744409849
26904,0.027026560598
26905,0.026886918371
26906,0.027101360704
26907,0.026571502835
26908,0.025926068575
26909,0.02612371254
26910,0.026226388168
26911,0.025567599354
26912,0.025299653402
26913,0.025019715029
26914,0.024731314364
26915,0.023857169007
26916,0.024333381164
26917,0.024112461319
26918,0.023951609372
26919,0.023841504941
26920,0.038079751797
26921,0.038010812558
26922,0.038304470976
26923,0.038891968049
26924,0.038213371635
26925,0.039673211713
26926,0.040095955627
26927,0.040789316323
26928,0.041163396405
26929,0.042671436429
26930,0.043731515655
26931,0.045960142283
26932,0.047428533012
26933,0.049221564905
26934,0.050754884177
26935,0.052698873227
26936,0.053862501354
26937,0.054044092164
26938,0.053299058525
26939,0.052934696705
26940,0.052972522178
26941,0.05217996176
26942,0.051574525513
26943,0.050788367283
26944,0.037870100912
26945,0.037688508497
26946,0.038651674211
26947,0.038887659634
26948,0.038906859059
26949,0.039149508788
26950,0.039185561945
26951,0.039150517302
26952,0.038699865121
26953,0.038295702174
26954,0.037861203258
26955,0.037253177251
26956,0.036992972078
26957,0.036654424234
26958,0.036495937416
26959,0.036393833148
26960,0.036472253765
26961,0.036286236294
26962,0.035803033475
26963,0.035332613347
26964,0.035206674698
26965,0.03521052235
26966,0.034851538463
26967,0.034546780807
26968,0.034535557475
26969,0.034340519464
26970,0.034057232956
26971,0.033782262185
26972,0.033467841307
26973,0.033158017978
26974,0.032657780132
26975,0.031269730541
26976,0.032356467175
26977,0.031757997292
26978,0.052380136121
26979,0.050179608218
26980,0.048374405806
26981,0.048940364829
26982,0.048583423583
26983,0.048747847465
26984,0.049339629062
26985,0.050351186701
26986,0.055944429898
26987,0.076514628769
26988,0.07078653791
26989,0.066457620306
26990,0.036586406087
26991,0.036832840681
26992,0.0079162107537
26993,0.0079854186552
26994,0.0080339312404
26995,0.0080873178955
26996,0.0081406111301
26997,0.008136752421
26998,0.0084022033478
26999,0.0088335431078
27000,0.0080225677512
27001,0.015667756044
27002,0.015182433052
27003,0.015146646737
27004,0.015297934006
27005,0
27006,0.0016391123236
27007,0.0018330312343
27008,0.0019713763719
27009,0.0012077435804
27010,0.001988048453
27011,0.0018986821242
27012,0.0016263141577
27013,0.0022129804529
27014,0.0022852487658
27015,0.0023374591466
27016,0.0025482101274
27017,0
27018,0.00024803159441
27019,0.00057717710836
27020,0.00127370109
27021,0.00090920141248
27022,0.0011361646266
27023,0.0013637906379
27024,0.0016030769347
27025,0.0014734730008
27026,0.0015235370034
27027,0.001347775997
27028,0.0014022703228
27029,0.0034054628537
27030,0.00360384684
27031,0.0032075681542
27032,0.0020595091479
27033,0.0022167296457
27034,0.0019408058843
27035,0.0016990591406
27036,0.0018376809426
27037,0.0025023549251
27038,0.0023719375844
27039,0.0028248409914
27040,0.0026488152796
27041,0.0029989930047
27042,0.0046347036806
27043,0.0043109172082
27044,0.0041420086444
27045,0.0044648855299
27046,0.0039883339689
27047,0.0038124241978
27048,0.0049026437793
27049,0.0047697544195
27050,0.0052693949775
27051,0.0051102083899
27052,0.0049916124713
27053,0.0064395083086
27054,0.0080564232599
27055,0.0073908279261
27056,0.0076741976799
27057,0.0080087565714
27058,0.0083350043053
27059,0.0084723461084
27060,0.0074192027999
27061,0.0072583269859
27062,0.0070544547623
27063,0.0068036059003
27064,0.0066058110904
27065,0.0061034742554
27066,0.0058555495568
27067,0.0059947189461
27068,0.0054575589991
27069,0.0058032852775
27070,0.0056679250695
27071,0.0064321654416
27072,0.006471995667
27073,0.0063395800002
27074,0.0081448970928
27075,0.0082065242234
27076,0.0082274873104
27077,0.0085511701677
27078,0.014170018895
27079,0.01392896178
27080,0.013713539799
27081,0.013512753882
27082,0.013524098797
27083,0.013337649042
27084,0.013117819218
27085,0.012893418142
27086,0.012635840053
27087,0.012448163264
27088,0.012124010528
27089,0.011808587153
27090,0.011399424398
27091,0.011509622905
27092,0.011202540226
27093,0.010969219028
27094,0.015259123156
27095,0.015043096812
27096,0.014832489195
27097,0.01462016564
27098,0.014481410679
27099,0.014315664079
27100,0.010221787035
27101,0.010365108627
27102,0.010137649534
27103,0.0099479832525
27104,0.010854088367
27105,0.010681978393
27106,0.01051639129
27107,0.0097572632502
27108,0.009613828442
27109,0.0088120238349
27110,0.0089474367299
27111,0.0093632606481
27112,0.0092088731926
27113,0.0090762743
27114,0.0095043858814
27115,0.0087197660622
27116,0.0085872795825
27117,0.0084248529414
27118,0.0083501199898
27119,0.0082521027382
27120,0.02669780651
27121,0.026762027022
27122,0.026934201243
27123,0.026675364866
27124,0.026639103977
27125,0.02502411358
27126,0.026497863686
27127,0.024618864533
27128,0.024197137191
27129,0.023877474095
27130,0.023570551002
27131,0.022851613153
27132,0.023896266161
27133,0.022711812338
27134,0.023374010927
27135,0.023870851481
27136,0.024246058939
27137,0.022550331556
27138,0.023078666504
27139,0.022377019511
27140,0.022100168563
27141,0.021660517155
27142,0.021068670609
27143,0.02024419988
27144,0.015296709632
27145,0.023785513101
27146,0.025319283695
27147,0.025367800438
27148,0.0255028061
27149,0.025463904692
27150,0.025638393156
27151,0.023686905448
27152,0.023736983176
27153,0.023835131512
27154,0.024100310444
27155,0.024433259839
27156,0.02491716693
27157,0.02522345804
27158,0.02542433624
27159,0.025670713135
27160,0.025749404654
27161,0.026193975272
27162,0.02662492937
27163,0.026964616262
27164,0.029711977645
27165,0.031254347232
27166,0.030780877703
27167,0.030373036838
27168,0.027192409129
27169,0.027098726661
27170,0.029717774154
27171,0.029078605743
27172,0.028332199835
27173,0.027532480836
27174,0.026723294468
27175,0.026827495399
27176,0.026896319032
27177,0.026439793677
27178,0.025852293624
27179,0.02618081993
27180,0.025975194837
27181,0.02544461918
27182,0.025165754039
27183,0.024889489915
27184,0.024608771369
27185,0.024267528395
27186,0.024074958394
27187,0.023919766256
27188,0.023802171616
27189,0.023724793708
27190,0.038029155999
27191,0.038699942326
27192,0.039589843777
27193,0.040062153742
27194,0.041542754167
27195,0.041885672992
27196,0.044631591257
27197,0.046454328096
27198,0.047611680177
27199,0.048982527497
27200,0.051283930164
27201,0.052688820952
27202,0.05360066038
27203,0.053502643543
27204,0.053678411539
27205,0.055711441782
27206,0.054664478134
27207,0.054242113071
27208,0.054064311863
27209,0.036660576763
27210,0.036946414093
27211,0.037598492484
27212,0.03841229376
27213,0.038649518466
27214,0.038916389096
27215,0.039885409831
27216,0.041003015604
27217,0.038893496775
27218,0.03852085996
27219,0.037856906858
27220,0.037647878367
27221,0.037135998751
27222,0.037030281461
27223,0.036922711487
27224,0.03649323848
27225,0.036560482747
27226,0.036383972598
27227,0.036886342038
27228,0.03716200029
27229,0.036557687133
27230,0.036281223293
27231,0.034370773714
27232,0.0343497937
27233,0.034186194068
27234,0.033993898244
27235,0.033779060005
27236,0.03355012469
27237,0.033378816919
27238,0.032942616478
27239,0.032882579009
27240,0.03234796563
27241,0.03186663128
27242,0.058921739106
27243,0.05619248179
27244,0.051074000317
27245,0.093190990883
27246,0.084969581123
27247,0.078463165565
27248,0.0079852651533
27249,0.0078525357066
27250,0.0078799197677
27251,0.0080044435061
27252,0.0084352427349
27253,0.0084634731868
27254,0.0087539546124
27255,0.0078794429813
27256,0.015578936735
27257,0.015462844325
27258,0.015312409349
27259,0
27260,0.0022616519533
27261,0.0024378820803
27262,0.0018140798474
27263,0.0022061762334
27264,0.0021086255446
27265,0.0023394499871
27266,0.0026199238302
27267,0.0027215264119
27268,0
27269,0.00026358912038
27270,0.00072017893893
27271,0.00048725405906
27272,0.0012714561251
27273,0.0009312860785
27274,0.0010927053334
27275,0.0015559455733
27276,0.0014413108859
27277,0.00119479549
27278,0.0012807030787
27279,0.0013476831146
27280,0.0034078777246
27281,0.0036136289192
27282,0.0032055198426
27283,0.0020805088121
27284,0.0023058806333
27285,0.0021921229565
27286,0.0019702235395
27287,0.0017444316799
27288,0.0016234138041
27289,0.0018802128765
27290,0.0025031881208
27291,0.0024412748458
27292,0.0027909358381
27293,0.0025914533547
27294,0.0030054090305
27295,0.0046421908348
27296,0.0042680245083
27297,0.0041081450617
27298,0.0045400433864
27299,0.0043793699127
27300,0.0039684963406
27301,0.0038030609912
27302,0.0048788616352
27303,0.0047722843679
27304,0.0051776328875
27305,0.0053619306889
27306,0.005064462734
27307,0.0049759502865
27308,0.0077024625435
27309,0.00811015899
27310,0.0085062187436
27311,0.0088205643999
27312,0.0089546933982
27313,0.0076853356567
27314,0.0074186501639
27315,0.0070448984271
27316,0.0073029719448
27317,0.0068216923987
27318,0.0066288892699
27319,0.0062181505549
27320,0.0058859539024
27321,0.0060958041022
27322,0.0055828387017
27323,0.0057789435551
27324,0.0066677372266
27325,0.0065869758932
27326,0.0064669904176
27327,0.0080814307001
27328,0.0081868591708
27329,0.0086569260105
27330,0.008438889573
27331,0.0089711722383
27332,0.014114020206
27333,0.013906914648
27334,0.013714173233
27335,0.013555630977
27336,0.013504596237
27337,0.01328184567
27338,0.013012798176
27339,0.0127241988
27340,0.012564655773
27341,0.01231747383
27342,0.012088730407
27343,0.011880715738
27344,0.011701508449
27345,0.011326762441
27346,0.01168651879
27347,0.011454804946
27348,0.011047912339
27349,0.011217748618
27350,0.015092950032
27351,0.014981995384
27352,0.014865659455
27353,0.014693822871
27354,0.014537029163
27355,0.014425156465
27356,0.014276728641
27357,0.010293041842
27358,0.010447696344
27359,0.010223374286
27360,0.010071091818
27361,0.0098934188171
27362,0.010781453293
27363,0.01093920654
27364,0.010624697685
27365,0.0097575542701
27366,0.0096100316298
27367,0.0088307013722
27368,0.0089569875833
27369,0.009314556655
27370,0.0094559893783
27371,0.0092009633257
27372,0.0090724240865
27373,0.0087225550262
27374,0.0084922629004
27375,0.0086011236909
27376,0.0084519594308
27377,0.0083807337634
27378,0.0083010184377
27379,0.027211935558
27380,0.02746657237
27381,0.027655849591
27382,0.027461217872
27383,0.027729956061
27384,0.028246484278
27385,0.024167250933
27386,0.025209307502
27387,0.025303532121
27388,0.025026390314
27389,0.025171507275
27390,0.022905517865
27391,0.023581756866
27392,0.022950462736
27393,0.02276734838
27394,0.022440241782
27395,0.022180571922
27396,0.025982229531
27397,0.025960011892
27398,0.026102945473
27399,0.026188608385
27400,0.026162042215
27401,0.026306689172
27402,0.023595304195
27403,0.023565758501
27404,0.023624966927
27405,0.023748511338
27406,0.024307414822
27407,0.024758994567
27408,0.025737337799
27409,0.025884280973
27410,0.026226186476
27411,0.026338093087
27412,0.026686306104
27413,0.027030846787
27414,0.02746684607
27415,0.027576866644
27416,0.031408519002
27417,0.0310154687
27418,0.030997364099
27419,0.030354444993
27420,0.027094661626
27421,0.026961913995
27422,0.029645213141
27423,0.028992386474
27424,0.027688923078
27425,0.0285250598
27426,0.026571371223
27427,0.026651927389
27428,0.026752441432
27429,0.026357881664
27430,0.025689149309
27431,0.02616294815
27432,0.025922791294
27433,0.025312952468
27434,0.025035747112
27435,0.024782473473
27436,0.024509904091
27437,0.024256020526
27438,0.024054029722
27439,0.023900188622
27440,0.023773109775
27441,0.023668042262
27442,0.039475151518
27443,0.038882516345
27444,0.039415041399
27445,0.044788243355
27446,0.048523877687
27447,0.048080048085
27448,0.05056726025
27449,0.053290989267
27450,0.055247095009
27451,0.056712157541
27452,0.060101841517
27453,0.058510970075
27454,0.058857380163
27455,0.059547116959
27456,0.03750243618
27457,0.038169641429
27458,0.040202564306
27459,0.041519253168
27460,0.045464322076
27461,0.049754449001
27462,0.039669539371
27463,0.038247331676
27464,0.037118652676
27465,0.034327927005
27466,0.034218758034
27467,0.034109605677
27468,0.033983948483
27469,0.033888788727
27470,0.033726592829
27471,0.033633126783
27472,0.033363082055
27473,0.033493154815
27474,0.033000804032
27475,0.032532691043
27476,0.032043179516
27477,0.066838573589
27478,0.069564453105
27479,0.10568900238
27480,0.096772844204
27481,0.092080875285
27482,0.008312890732
27483,0.0080513155852
27484,0.0078251739624
27485,0.0079132514146
27486,0.0084364154181
27487,0.0085161894671
27488,0.0084773191454
27489,0.0024527366224
27490,0.0026600940938
27491,0.0022543607023
27492,0.0025033298412
27493,0.0025362721117
27494,0.0027708789771
27495,0.0026796563071
27496,0
27497,0.00014567598858
27498,0.00029667519734
27499,0.00060868521024
27500,0.00075909923441
27501,0.00045045729992
27502,0.00090519678455
27503,0.0010409802943
27504,0.0014776135585
27505,0.0013494061925
27506,0.0011573392515
27507,0.0012595778968
27508,0.003409708627
27509,0.0036080206918
27510,0.0032199031365
27511,0.0020857515049
27512,0.0023823083478
27513,0.002245678683
27514,0.0017176251213
27515,0.001529880912
27516,0.0016299910593
27517,0.0020172622376
27518,0.0017419537769
27519,0.0018789103499
27520,0.0025292391598
27521,0.0026765306648
27522,0.0028526923392
27523,0.0030468703413
27524,0.0046879961849
27525,0.0042258755606
27526,0.004086781461
27527,0.0044700422527
27528,0.0046188932301
27529,0.0043217280964
27530,0.0039537469083
27531,0.0037976450604
27532,0.0048815425888
27533,0.0048114720159
27534,0.0050852793411
27535,0.0052304184797
27536,0.0054994934484
27537,0.0053936310868
27538,0.0049897195892
27539,0.0081776188954
27540,0.0086068101318
27541,0.0089840724741
27542,0.0092585864558
27543,0.0092866683351
27544,0.0092680263024
27545,0.0081826394997
27546,0.0077653403606
27547,0.0075746831367
27548,0.0070587331326
27549,0.0072893085557
27550,0.0074589137758
27551,0.0068405251529
27552,0.0063155228896
27553,0.0059689190264
27554,0.0061597724371
27555,0.0057293061898
27556,0.0056369296497
27557,0.0058764726859
27558,0.0068507391753
27559,0.0067550268994
27560,0.0065593215854
27561,0.008264211661
27562,0.0082558045434
27563,0.0090066619556
27564,0.0087654150561
27565,0.0093445873477
27566,0.014080414342
27567,0.013887392714
27568,0.013700857318
27569,0.013677648008
27570,0.013475137123
27571,0.013248182203
27572,0.013030057593
27573,0.012805317314
27574,0.012654478067
27575,0.012461380186
27576,0.01228344122
27577,0.012141284319
27578,0.011956601735
27579,0.011829057513
27580,0.011321561934
27581,0.011876607971
27582,0.01185485021
27583,0.011619210792
27584,0.011436140821
27585,0.011142213856
27586,0.01478559601
27587,0.014797897545
27588,0.014751334893
27589,0.014549192407
27590,0.014387796743
27591,0.014240091326
27592,0.01037442255
27593,0.010518719373
27594,0.010238392658
27595,0.0099200840401
27596,0.010086974388
27597,0.010811009518
27598,0.011036700173
27599,0.010630031061
27600,0.0097552473926
27601,0.0095879722589
27602,0.008859086228
27603,0.0089513394272
27604,0.0093267926112
27605,0.0094553922119
27606,0.0092070907545
27607,0.0090573297974
27608,0.0088437325886
27609,0.0086728519148
27610,0.0087673789857
27611,0.0085608343376
27612,0.0085101984578
27613,0.0084423501547
27614,0.0083742945157
27615,0.027779671731
27616,0.027981720998
27617,0.028227825428
27618,0.028554945435
27619,0.028777416673
27620,0.028754259224
27621,0.029278736451
27622,0.029660196028
27623,0.025787868145
27624,0.024727810962
27625,0.026180291814
27626,0.026181373271
27627,0.026505099915
27628,0.025812689504
27629,0.026156550149
27630,0.02624499409
27631,0.023709123727
27632,0.023534753764
27633,0.023167905447
27634,0.026685564023
27635,0.026693750237
27636,0.026798394587
27637,0.026771713832
27638,0.02678464313
27639,0.026792311636
27640,0.0269017415
27641,0.02354236054
27642,0.023449347577
27643,0.023411298605
27644,0.023421767702
27645,0.024185798277
27646,0.025383834254
27647,0.026472587233
27648,0.026766856596
27649,0.026497599544
27650,0.027115496145
27651,0.026906478064
27652,0.027070081698
27653,0.027411445123
27654,0.0278521235
27655,0.027954231257
27656,0.028132735394
27657,0.031555331276
27658,0.03165746653
27659,0.031045286451
27660,0.030441900593
27661,0.026934438709
27662,0.026820308972
27663,0.029474900942
27664,0.027706718938
27665,0.029125115484
27666,0.028394678445
27667,0.026412221492
27668,0.0266044803
27669,0.026479327078
27670,0.026690470736
27671,0.025616641607
27672,0.026227079283
27673,0.02595934971
27674,0.025329557943
27675,0.024940211447
27676,0.024718592271
27677,0.024496983248
27678,0.024365381382
27679,0.024171155216
27680,0.023945283199
27681,0.023793478529
27682,0.023661170214
27683,0.036332662897
27684,0.041815708329
27685,0.045836033581
27686,0.049622424171
27687,0.053446678898
27688,0.056659024171
27689,0.05909033798
27690,0.060868832578
27691,0.065159866622
27692,0.064513845731
27693,0.065849942242
27694,0.042818128475
27695,0.043918844477
27696,0.047022835442
27697,0.053260938221
27698,0.057757783374
27699,0.034276464549
27700,0.034120356889
27701,0.034099120044
27702,0.034137714215
27703,0.034009560925
27704,0.033915696041
27705,0.033800558903
27706,0.034215275421
27707,0.033748455907
27708,0.033257278126
27709,0.032759508657
27710,0.032223501034
27711,0.072674499062
27712,0.074586904118
27713,0.1103355833
27714,0.10971455483
27715,0.10600401556
27716,0.0083735068004
27717,0.0082757386863
27718,0.0080770081934
27719,0.0082779674135
27720,0.0027639749875
27721,0.002417205656
27722,0.0026527167628
27723,0.0026838374213
27724,0.0029152248024
27725,0
27726,0.00014770050059
27727,0.00027806361892
27728,0.00062597062527
27729,0.00076506717621
27730,0.00049929211639
27731,0.00033249140131
27732,0.00086524263425
27733,0.0010274331831
27734,0.0014145405424
27735,0.0012400795971
27736,0.0012982939265
27737,0.0011588493956
27738,0.0034205205626
27739,0.0036158084081
27740,0.0032413268678
27741,0.0021672684829
27742,0.0024637589246
27743,0.0023123235093
27744,0.0015173167351
27745,0.0016444187451
27746,0.0020947198034
27747,0.0019831386143
27748,0.0017623222534
27749,0.0018983326496
27750,0.0025965159528
27751,0.0027466433751
27752,0.0029240567564
27753,0.0031054081038
27754,0.0047704083315
27755,0.0041991957946
27756,0.004105520696
27757,0.0045677054207
27758,0.0044249633539
27759,0.0047056865487
27760,0.0042733464951
27761,0.0039766985946
27762,0.0038194157899
27763,0.0049155973009
27764,0.0048784258362
27765,0.0051299425813
27766,0.0053051629606
27767,0.0055451066617
27768,0.0054623852934
27769,0.0050168549978
27770,0.0085790518811
27771,0.0089675429843
27772,0.0092476472239
27773,0.0095486969284
27774,0.0095902914683
27775,0.0095236277791
27776,0.0095110537675
27777,0.0073618588389
27778,0.0071318431222
27779,0.0075258146571
27780,0.0063599165007
27781,0.0060511920253
27782,0.0062023227785
27783,0.005790261123
27784,0.0056938646423
27785,0.0059723053861
27786,0.0072125063773
27787,0.0068590047345
27788,0.0065961393461
27789,0.0084976577351
27790,0.0083990984244
27791,0.0094277913009
27792,0.0091137590542
27793,0.0096681298497
27794,0.014052816496
27795,0.013866224791
27796,0.013849120477
27797,0.013668964605
27798,0.01347148994
27799,0.013223719369
27800,0.013041566219
27801,0.012859054351
27802,0.012701712192
27803,0.012550204528
27804,0.012426982576
27805,0.012350159342
27806,0.012318709205
27807,0.012144442068
27808,0.011985411932
27809,0.011259226881
27810,0.011985751861
27811,0.012056837642
27812,0.011985594
27813,0.011765880652
27814,0.011564174662
27815,0.01141225366
27816,0.014581357657
27817,0.014548142904
27818,0.014532543938
27819,0.0143666903
27820,0.014208730976
27821,0.010517044622
27822,0.010385706385
27823,0.010257219251
27824,0.0099184957636
27825,0.010141127087
27826,0.0099946111792
27827,0.010964779342
27828,0.010673082236
27829,0.010820838295
27830,0.011135624801
27831,0.009829603627
27832,0.0096950453951
27833,0.0095789838045
27834,0.0089243099909
27835,0.0093385043599
27836,0.0094255027527
27837,0.0092795553933
27838,0.0091543931125
27839,0.0090033744805
27840,0.0088213135492
27841,0.0087462038844
27842,0.0086719993329
27843,0.0086022947676
27844,0.008547712741
27845,0.0085982584628
27846,0.0085205833025
27847,0.0085417675928
27848,0.028337407373
27849,0.028595723673
27850,0.029127305206
27851,0.029624875594
27852,0.029793201216
27853,0.030061573366
27854,0.030136436398
27855,0.030378776147
27856,0.030882667449
27857,0.026196757726
27858,0.027310656864
27859,0.024852723494
27860,0.027046564607
27861,0.02680731475
27862,0.027092235355
27863,0.027355245741
27864,0.026065613423
27865,0.027208142005
27866,0.024315729333
27867,0.027103236502
27868,0.027042799217
27869,0.027293164943
27870,0.027229234875
27871,0.027211429687
27872,0.027238888921
27873,0.027215691796
27874,0.02731985354
27875,0.027654527362
27876,0.027457174532
27877,0.027667261625
27878,0.027793576951
27879,0.027395065704
27880,0.027723516778
27881,0.028154501365
27882,0.028299185366
27883,0.02849706385
27884,0.028755392722
27885,0.032376636381
27886,0.03180999216
27887,0.031315736381
27888,0.031181595079
27889,0.030179104379
27890,0.026829754795
27891,0.026979850187
27892,0.028154611439
27893,0.027757140898
27894,0.03039297058
27895,0.029204059645
27896,0.026498158398
27897,0.026893469645
27898,0.027028427834
27899,0.026730103269
27900,0.025674694849
27901,0.026273435815
27902,0.026048433363
27903,0.025485605643
27904,0.025313742542
27905,0.024941298145
27906,0.024718397393
27907,0.040551827979
27908,0.032659134823
27909,0.043000466424
27910,0.047830914239
27911,0.052074980714
27912,0.056876739291
27913,0.061769160861
27914,0.062988497514
27915,0.062835757022
27916,0.068480736699
27917,0.071393715184
27918,0.074547912547
27919,0.047350404646
27920,0.045123104766
27921,0.050748234497
27922,0.053271701883
27923,0.057365315022
27924,0.059884613916
27925,0.063138165136
27926,0.060890559634
27927,0.034189417348
27928,0.034244955582
27929,0.034323779761
27930,0.034231061146
27931,0.034155740001
27932,0.034189308589
27933,0.034546451933
27934,0.034925872531
27935,0.034556924439
27936,0.034042163333
27937,0.033539269963
27938,0.032974677833
27939,0.12745022645
27940,0.12265173351
27941,0.11803636869
27942,0.0081369080692
27943,0.0083052150892
27944,0.0080176006414
27945,0.0028082678544
27946,0.0027455970412
27947,0.0029363903567
27948,0.0029799005717
27949,0
27950,0.00016339038752
27951,0.00066670812589
27952,0.00038855307069
27953,0.00052007674859
27954,0.00023360050532
27955,0.00086111692444
27956,0.00070011348052
27957,0.0010601556682
27958,0.00092801520041
27959,0.0014254584876
27960,0.0011684591082
27961,0.0012684168376
27962,0.0014016145182
27963,0.0034210869828
27964,0.0036140922122
27965,0.0032527785456
27966,0.002232166875
27967,0.0023822205828
27968,0.002526140259
27969,0.0015643335094
27970,0.0016992403719
27971,0.0021515722509
27972,0.0020250032518
27973,0.0018095406736
27974,0.0019532155433
27975,0.0026607672985
27976,0.0028150509356
27977,0.0030004005014
27978,0.0031845424596
27979,0.0049110669623
27980,0.0048516508996
27981,0.0041544413175
27982,0.0046531518687
27983,0.0045462762482
27984,0.004419178525
27985,0.0047787381208
27986,0.0043076306497
27987,0.0040300877824
27988,0.0039270083555
27989,0.0037568462372
27990,0.0049589016236
27991,0.0049783218524
27992,0.0052625701431
27993,0.0051353371428
27994,0.0054100106123
27995,0.0056098588548
27996,0.0055483778072
27997,0.0050473428945
27998,0.0097242684044
27999,0.0097701623946
28000,0.0077052128952
28001,0.0075937517208
28002,0.0063038415194
28003,0.0061434846265
28004,0.0058441965718
28005,0.0057494455465
28006,0.0060827461965
28007,0.005982321442
28008,0.0078126763151
28009,0.0087409494498
28010,0.0087202104689
28011,0.0098113336641
28012,0.0092809544318
28013,0.010059057889
28014,0.010006369915
28015,0.014027031172
28016,0.014003654292
28017,0.013839798684
28018,0.013698615808
28019,0.013597491035
28020,0.013390705269
28021,0.013169137558
28022,0.012938652418
28023,0.012807015508
28024,0.012621816118
28025,0.012519517779
28026,0.012502772859
28027,0.012495814788
28028,0.012529397168
28029,0.012366216677
28030,0.01211640059
28031,0.012270922359
28032,0.011302419782
28033,0.012218513611
28034,0.012170209931
28035,0.012140455483
28036,0.01192505803
28037,0.01166662739
28038,0.011471026941
28039,0.014409560979
28040,0.014411846744
28041,0.014314866994
28042,0.014308353798
28043,0.014177423235
28044,0.010529962757
28045,0.010381740026
28046,0.010268401728
28047,0.010077220063
28048,0.0099035503384
28049,0.01105047009
28050,0.010913470513
28051,0.010728386402
28052,0.011189434074
28053,0.0097280600316
28054,0.0095776161035
28055,0.0088669261319
28056,0.0094735990709
28057,0.009280973042
28058,0.0090987014856
28059,0.0089405054925
28060,0.0087740312491
28061,0.0087145275049
28062,0.008674792774
28063,0.0086543364805
28064,0.0086303073121
28065,0.0086431051745
28066,0.0086722455101
28067,0.0086540281861
28068,0.0087944520522
28069,0.028900840141
28070,0.029452044581
28071,0.030156987602
28072,0.031252285411
28073,0.031674709386
28074,0.032121219067
28075,0.030513858234
28076,0.031125728536
28077,0.032074105628
28078,0.032684267226
28079,0.027161931165
28080,0.026248072034
28081,0.028047320398
28082,0.027601928549
28083,0.028074437096
28084,0.028459365122
28085,0.027391254166
28086,0.027269075856
28087,0.027389681084
28088,0.027517505793
28089,0.027567861455
28090,0.027620460194
28091,0.027570144096
28092,0.02751577855
28093,0.028435851703
28094,0.028322527779
28095,0.027983995424
28096,0.02826873378
28097,0.028142584773
28098,0.027764568715
28099,0.027954558019
28100,0.028431934898
28101,0.02872328333
28102,0.029053228334
28103,0.029279871208
28104,0.029412376275
28105,0.033139504433
28106,0.032631497939
28107,0.031979313621
28108,0.032822328433
28109,0.03167846006
28110,0.02773919416
28111,0.029661117809
28112,0.032665714151
28113,0.03394561194
28114,0.033351312557
28115,0.032777426056
28116,0.029796909412
28117,0.027827092646
28118,0.025899246575
28119,0.026757469055
28120,0.042868862275
28121,0.044335546261
28122,0.039347952822
28123,0.041834289987
28124,0.050259736943
28125,0.054209054249
28126,0.060937747315
28127,0.073441445918
28128,0.052658510423
28129,0.056914182141
28130,0.058482949841
28131,0.060024059192
28132,0.062790949452
28133,0.065636525616
28134,0.066762587026
28135,0.068969766079
28136,0.063598399841
28137,0.034402313449
28138,0.034391578865
28139,0.034672502956
28140,0.034915514938
28141,0.035845890018
28142,0.035561783266
28143,0.035007467135
28144,0.034430174108
28145,0.033778410289
28146,0.0081015981567
28147,0.0028841938936
28148,0.0029869182538
28149,0.002897627807
28150,0
28151,0.00035030637349
28152,0.00048742266164
28153,0.00017490542668
28154,0.00077498776591
28155,0.0005976924478
28156,0.001126973048
28157,0.00099629688265
28158,0.00084437143007
28159,0.0015071036637
28160,0.0012981989175
28161,0.0014559229097
28162,0.0015895400019
28163,0.0034752645883
28164,0.0033337082063
28165,0.0036089827587
28166,0.0022961530475
28167,0.0024480862061
28168,0.0025924312998
28169,0.0017073409577
28170,0.0016324648759
28171,0.0017955922458
28172,0.0022199844176
28173,0.0020834131718
28174,0.0018877844232
28175,0.0020348689368
28176,0.0027249615002
28177,0.0028581673432
28178,0.0031342258632
28179,0.0029911079835
28180,0.0032912270596
28181,0.0050667680785
28182,0.0050113271531
28183,0.0049603654059
28184,0.0041931732671
28185,0.0046806605097
28186,0.0045632162763
28187,0.004442932855
28188,0.0048386006993
28189,0.00433678906
28190,0.0040768244406
28191,0.0040224647086
28192,0.0038580430519
28193,0.0037232183941
28194,0.0051004253164
28195,0.0053966994729
28196,0.005263191576
28197,0.0051674785115
28198,0.0055304397464
28199,0.0056759946775
28200,0.0056302475206
28201,0.010037164484
28202,0.0079825223597
28203,0.0061738913173
28204,0.0058800940671
28205,0.0057957135819
28206,0.0060589850793
28207,0.0059820153206
28208,0.0080516006498
28209,0.0091052724689
28210,0.0091248111939
28211,0.0105073043
28212,0.010760365201
28213,0.010289891073
28214,0.010370228442
28215,0.014131287628
28216,0.013968767441
28217,0.013839210241
28218,0.013772855548
28219,0.013709050607
28220,0.013538032984
28221,0.01334387286
28222,0.013079968073
28223,0.012996018839
28224,0.012833072438
28225,0.012631033662
28226,0.012701145441
28227,0.012761549496
28228,0.012586092143
28229,0.012444057959
28230,0.012356245077
28231,0.011358202159
28232,0.012309126562
28233,0.012270636964
28234,0.01229807649
28235,0.012151922933
28236,0.011754807939
28237,0.011990046791
28238,0.011537403329
28239,0.014285552388
28240,0.014285604311
28241,0.014231983084
28242,0.014153075206
28243,0.013887698113
28244,0.010594684737
28245,0.010446504968
28246,0.010350017402
28247,0.010164691266
28248,0.0099763341056
28249,0.0098276659572
28250,0.011037386754
28251,0.010872391113
28252,0.010720544825
28253,0.011274404964
28254,0.011154963171
28255,0.0096737704691
28256,0.00880295517
28257,0.0095366521103
28258,0.0093631948346
28259,0.0092235639607
28260,0.0090021456453
28261,0.0091267692565
28262,0.0088593640419
28263,0.0087219657073
28264,0.0086765307843
28265,0.0086705362703
28266,0.0087430839887
28267,0.0086902251947
28268,0.0086450666065
28269,0.0086157697679
28270,0.0088183704732
28271,0.0090889031916
28272,0.029602079438
28273,0.030320169114
28274,0.033225821304
28275,0.033628117712
28276,0.033875137889
28277,0.031282916375
28278,0.031695118899
28279,0.032828457338
28280,0.03395359614
28281,0.034749552038
28282,0.029316995579
28283,0.0285578444
28284,0.028803675877
28285,0.029583276269
28286,0.027625759911
28287,0.027529350892
28288,0.02753580088
28289,0.027689594131
28290,0.027930120609
28291,0.028218145806
28292,0.027825285955
28293,0.02916964588
28294,0.029081801549
28295,0.028702878671
28296,0.028081637959
28297,0.028521452686
28298,0.028450958441
28299,0.02809633095
28300,0.028721193983
28301,0.028898837164
28302,0.029503256307
28303,0.029693848516
28304,0.029919774158
28305,0.030051969457
28306,0.03401836553
28307,0.033765638125
28308,0.03369771175
28309,0.037080426471
28310,0.036163419919
28311,0.046266627388
28312,0.048131167355
28313,0.043504920735
28314,0.039945563851
28315,0.053598811989
28316,0.0577516119
28317,0.065339309025
28318,0.058059748683
28319,0.062535686289
28320,0.063972170422
28321,0.06627456926
28322,0.068768361145
28323,0.07178039579
28324,0.067174319468
28325,0.073120693662
28326,0.071594329567
28327,0.075931891619
28328,0.036650317119
28329,0.037154910563
28330,0.036198615105
28331,0.035547188041
28332,0.034629333826
28333,0.0030555750425
28334,0.0029769950344
28335,0.0030844666756
28336,0
28337,0.00031796544984
28338,0.00043889599416
28339,0.00016143894455
28340,0.00067357641358
28341,0.00053652168198
28342,0.0011341334582
28343,0.00096481805985
28344,0.00076349598757
28345,0.0014439491557
28346,0.0012721523751
28347,0.0015947719988
28348,0.0017613275569
28349,0.0017515777268
28350,0.0034013436767
28351,0.0035002951446
28352,0.0036036527008
28353,0.0023713663523
28354,0.0025518258195
28355,0.0026907720768
28356,0.001843172649
28357,0.0017879311649
28358,0.0019021949115
28359,0.0023121061209
28360,0.0021699574749
28361,0.0019962707185
28362,0.00215795396
28363,0.0027797458628
28364,0.0028922090214
28365,0.0032380284063
28366,0.0031158399715
28367,0.0030398086564
28368,0.0034135201835
28369,0.0033423994443
28370,0.0051839116723
28371,0.0052105372195
28372,0.0051600504174
28373,0.0051294613325
28374,0.0051325088429
28375,0.0050037313334
28376,0.0042058452092
28377,0.0047268696854
28378,0.0045898355426
28379,0.0044629387134
28380,0.0048941208571
28381,0.0043701562718
28382,0.004147323621
28383,0.0039370686421
28384,0.0040595830637
28385,0.0038188814238
28386,0.0037017198918
28387,0.0052150282152
28388,0.0055094668334
28389,0.0053709896312
28390,0.0054626555801
28391,0.0052822127029
28392,0.0056321349484
28393,0.0056114292179
28394,0.0057325676254
28395,0.0056903877086
28396,0.0058899910801
28397,0.0058204728328
28398,0.010509367261
28399,0.01061146156
28400,0.010433592128
28401,0.014066616201
28402,0.013917202671
28403,0.013862661121
28404,0.013806462349
28405,0.013658342957
28406,0.013521602892
28407,0.01345694754
28408,0.013234718006
28409,0.013169648495
28410,0.013061292866
28411,0.012963293164
28412,0.012986325444
28413,0.012822545374
28414,0.012683723232
28415,0.01250603813
28416,0.012420238943
28417,0.011409874621
28418,0.012383666931
28419,0.012441392406
28420,0.012330361758
28421,0.012196892178
28422,0.011835271959
28423,0.011586069756
28424,0.012063082604
28425,0.014182206554
28426,0.014145761567
28427,0.014147630952
28428,0.014013197161
28429,0.014056115616
28430,0.013438760284
28431,0.013714698652
28432,0.010535172811
28433,0.010396510408
28434,0.010279031454
28435,0.010014546832
28436,0.010161303239
28437,0.0098508973743
28438,0.011000461168
28439,0.010843603006
28440,0.01068285752
28441,0.011285742096
28442,0.011118181157
28443,0.0097160101054
28444,0.0087358937034
28445,0.0087566424906
28446,0.0095994705906
28447,0.0094178797437
28448,0.0092573235094
28449,0.0090236370821
28450,0.0089089103357
28451,0.0091415916821
28452,0.0087836635905
28453,0.0086867380447
28454,0.0086420684797
28455,0.0088864914907
28456,0.0088154480935
28457,0.0087101095322
28458,0.0086482163185
28459,0.0086298271817
28460,0.0090169221386
28461,0.034782146603
28462,0.034521148117
28463,0.031540049252
28464,0.031734639021
28465,0.033098595756
28466,0.035420970038
28467,0.036439236858
28468,0.037101893257
28469,0.030689358432
28470,0.030343563391
28471,0.029316102111
28472,0.030940299978
28473,0.02796546564
28474,0.027852832111
28475,0.027846117886
28476,0.027865027852
28477,0.027886484528
28478,0.028592156859
28479,0.028249621661
28480,0.028203183924
28481,0.028838446423
28482,0.029377776305
28483,0.029173944415
28484,0.028809406951
28485,0.028511781738
28486,0.028780395795
28487,0.028934117689
28488,0.028530656089
28489,0.028908148544
28490,0.029070591876
28491,0.029550308011
28492,0.03030530661
28493,0.030344311449
28494,0.030295995962
28495,0.030634038913
28496,0.035199333914
28497,0.036803239263
28498,0.03810042599
28499,0.051127040017
28500,0.054578679994
28501,0.047679870091
28502,0.04519912548
28503,0.059488348802
28504,0.060523157995
28505,0.064334794098
28506,0.065578455726
28507,0.067940973067
28508,0.070549875584
28509,0.072837616502
28510,0.075086356022
28511,0.079230431805
28512,0.074519816216
28513,0.070046166522
28514,0.077453088219
28515,0.080343452365
28516,0.08378012436
28517,0.038031093803
28518,0.037326091913
28519,0.040503383828
28520,0.04011927144
28521,0.036824358912
28522,0.035691543937
28523,0.0030388995621
28524,0.0030755978853
28525,0.0031767660692
28526,0
28527,0.00030120022842
28528,0.00042847807867
28529,0.00014897753958
28530,0.00057521240169
28531,0.0010918766043
28532,0.00088645255883
28533,0.00065053503776
28534,0.0015463212617
28535,0.0013987904559
28536,0.0012093763923
28537,0.0016723182295
28538,0.0019131994388
28539,0.001899850487
28540,0.0018504145096
28541,0.0017817237505
28542,0.003508683697
28543,0.0035882875154
28544,0.0024670390691
28545,0.0027271233909
28546,0.002630400264
28547,0.0028191874473
28548,0.0019682652691
28549,0.0019366530956
28550,0.0019926458034
28551,0.0024027684566
28552,0.0022833103121
28553,0.0021197913723
28554,0.0020608649189
28555,0.002313902482
28556,0.0022392095849
28557,0.002954785519
28558,0.0033346777539
28559,0.003226696436
28560,0.0032112436718
28561,0.0031607476378
28562,0.0031391678604
28563,0.0030804975136
28564,0.0034493356039
28565,0.0052703039876
28566,0.0052776624627
28567,0.0053220374118
28568,0.005304796605
28569,0.0052754426324
28570,0.0052485081391
28571,0.0053226479204
28572,0.00517569161
28573,0.0050455056133
28574,0.0042695192314
28575,0.0047139047372
28576,0.0048189810663
28577,0.0045604337637
28578,0.0046621074867
28579,0.0044987461189
28580,0.0049442225854
28581,0.0044040738529
28582,0.004188995863
28583,0.0038991086718
28584,0.0039832791317
28585,0.0040901186744
28586,0.0037722066581
28587,0.0038412519332
28588,0.0037063547321
28589,0.0053077766208
28590,0.0055429310143
28591,0.0054475601794
28592,0.0053734529007
28593,0.0055050481832
28594,0.0057075860859
28595,0.0057042573016
28596,0.0056151987368
28597,0.0057633434604
28598,0.014001064806
28599,0.013945297254
28600,0.01388399862
28601,0.013750247898
28602,0.013613946989
28603,0.013590332292
28604,0.013517621187
28605,0.01336043129
28606,0.01331357441
28607,0.013341059895
28608,0.013259873423
28609,0.013199158067
28610,0.013162720135
28611,0.013185007568
28612,0.013054045767
28613,0.012948633603
28614,0.012868339531
28615,0.012700142319
28616,0.012558237289
28617,0.012479972835
28618,0.011407649402
28619,0.012572855057
28620,0.012488958614
28621,0.012378157374
28622,0.012276306315
28623,0.011705663285
28624,0.011899115914
28625,0.011538365783
28626,0.012222028305
28627,0.012064569181
28628,0.014073583476
28629,0.014014200096
28630,0.013872882212
28631,0.013972490018
28632,0.013942890681
28633,0.01391505795
28634,0.013668991198
28635,0.013646058091
28636,0.010498897863
28637,0.010315895736
28638,0.010026334962
28639,0.009877049179
28640,0.01016244985
28641,0.010951024599
28642,0.01080029444
28643,0.01061878699
28644,0.011244183604
28645,0.011039439831
28646,0.0097576204761
28647,0.0086966878916
28648,0.0086868346786
28649,0.0096557930919
28650,0.0094773477073
28651,0.009292328704
28652,0.0089190214098
28653,0.0090186297069
28654,0.0088174568711
28655,0.0091387034825
28656,0.0086979049998
28657,0.0086589682021
28658,0.0090016808668
28659,0.0089297328909
28660,0.0088005671822
28661,0.0087131612165
28662,0.0086629468619
28663,0.0086285245283
28664,0.037453098415
28665,0.036820338546
28666,0.037543657088
28667,0.038164118346
28668,0.038920026593
28669,0.028928189959
28670,0.028917801783
28671,0.02906907947
28672,0.029429967771
28673,0.029128032177
28674,0.028938184773
28675,0.02864238617
28676,0.029217816947
28677,0.029277345943
28678,0.029094326012
28679,0.029561854745
28680,0.030239201765
28681,0.030973477774
28682,0.030827489121
28683,0.030703920156
28684,0.030656279211
28685,0.031053573367
28686,0.036958178765
28687,0.037576272658
28688,0.05306213808
28689,0.056259426583
28690,0.060796421519
28691,0.051111838293
28692,0.048484011351
28693,0.051215797439
28694,0.065155721251
28695,0.065615161007
28696,0.069654805164
28697,0.071425883329
28698,0.075128748349
28699,0.077857953767
28700,0.07981659091
28701,0.082597529262
28702,0.087114928969
28703,0.03830671109
28704,0.043789382428
28705,0.043019707122
28706,0.040512245668
28707,0.044751510915
28708,0.038352965505
28709,0.037022604375
28710,0.0031899488565
28711,0.0033740289773
28712,0
28713,0.00029631069832
28714,0.00045330345151
28715,0.00015028780313
28716,0.0010305929061
28717,0.00077386741672
28718,0.00091516762176
28719,0.00047656125868
28720,0.00063576219725
28721,0.0016165153735
28722,0.0015185589193
28723,0.0013781317519
28724,0.0010662602119
28725,0.0012193472166
28726,0.0017050363675
28727,0.0020385369432
28728,0.0020038061839
28729,0.0019747618271
28730,0.0019216965908
28731,0.0018626537704
28732,0.0017971989969
28733,0.003629595986
28734,0.0035419740193
28735,0.0025359276855
28736,0.0028845050916
28737,0.0028045842642
28738,0.0027055594866
28739,0.0020760761228
28740,0.0020848820493
28741,0.0024272705414
28742,0.002171499771
28743,0.0021616508082
28744,0.002476535618
28745,0.002367768748
28746,0.0023014991885
28747,0.0030274372139
28748,0.0034428316855
28749,0.0033798038252
28750,0.0033026349264
28751,0.0032700043548
28752,0.0033057307783
28753,0.003269028435
28754,0.0032253174703
28755,0.0031843770693
28756,0.0031457724552
28757,0.0053324230835
28758,0.005341731013
28759,0.0054087376865
28760,0.005456102505
28761,0.0054433976361
28762,0.0053958434943
28763,0.0055215064105
28764,0.005359073311
28765,0.0054713630211
28766,0.0052219386323
28767,0.005068856116
28768,0.0043190395038
28769,0.0047703607855
28770,0.0048696752488
28771,0.004616363403
28772,0.0047334766168
28773,0.0045702310877
28774,0.0045023115471
28775,0.0049845882508
28776,0.0044304135948
28777,0.0042739103559
28778,0.0041842942229
28779,0.0039172153296
28780,0.0039989413491
28781,0.0041514790442
28782,0.0040807518673
28783,0.0037911870364
28784,0.0038517855904
28785,0.0037782152166
28786,0.0037013429896
28787,0.0053772269604
28788,0.0055533043379
28789,0.0055035888164
28790,0.0054442644536
28791,0.0057608923226
28792,0.0057400622984
28793,0.0056705470122
28794,0.0055793647847
28795,0.013819428583
28796,0.013701192666
28797,0.01364278564
28798,0.013563922206
28799,0.013438011119
28800,0.013375705601
28801,0.013433198954
28802,0.01346135825
28803,0.013407215758
28804,0.013392916336
28805,0.01333398246
28806,0.013303954143
28807,0.013396531544
28808,0.013290560025
28809,0.013164255284
28810,0.013073815498
28811,0.012916240624
28812,0.012759347342
28813,0.011340466825
28814,0.011439021519
28815,0.012660077218
28816,0.012514552512
28817,0.01242624629
28818,0.012400974048
28819,0.011603160366
28820,0.011782584433
28821,0.011944529518
28822,0.012365155696
28823,0.012223086809
28824,0.012075845363
28825,0.013769718319
28826,0.013885302707
28827,0.013871949169
28828,0.014168676561
28829,0.014195349898
28830,0.014144463668
28831,0.01394913088
28832,0.013839610803
28833,0.013817199664
28834,0.010430417379
28835,0.01028733939
28836,0.010039614392
28837,0.0099021633693
28838,0.010158531041
28839,0.010900562933
28840,0.010781574385
28841,0.010647969275
28842,0.010495292229
28843,0.011074947094
28844,0.011227508947
28845,0.010919980761
28846,0.0098012824523
28847,0.0086389628911
28848,0.0086022552638
28849,0.0095299784503
28850,0.0097176252423
28851,0.0095947480464
28852,0.0093534272065
28853,0.009425184266
28854,0.0092378936035
28855,0.0088191088419
28856,0.0089020683609
28857,0.0090106387651
28858,0.0087187508697
28859,0.0091119968744
28860,0.0086066055764
28861,0.0090726914976
28862,0.0088934830495
28863,0.0087513591709
28864,0.0086747284869
28865,0.008638907325
28866,0.0086005742124
28867,0.038225638431
28868,0.038781609099
28869,0.039445095863
28870,0.029328924827
28871,0.029147989852
28872,0.029249553341
28873,0.02941166996
28874,0.029224557049
28875,0.029487410833
28876,0.029075768729
28877,0.028839239321
28878,0.029436700749
28879,0.031285806339
28880,0.0311629897
28881,0.030926216404
28882,0.031039702837
28883,0.031399965377
28884,0.038523907539
28885,0.055224953306
28886,0.055421295728
28887,0.06117218552
28888,0.066742784881
28889,0.05200040859
28890,0.054898826542
28891,0.059959346284
28892,0.070479480074
28893,0.072632342771
28894,0.075347342363
28895,0.080141507113
28896,0.083492745928
28897,0.085529390801
28898,0.087272855199
28899,0.088877450113
28900,0.046779928566
28901,0.045950901396
28902,0.042918585212
28903,0.044848522271
28904,0.041296396412
28905,0.04707487423
28906,0.048370831426
28907,0.0033090384214
28908,0.0034312155203
28909,0
28910,0.00030639588688
28911,0.00015813103969
28912,0.00078688360662
28913,0.00093791808718
28914,0.00031640401384
28915,0.00048111952085
28916,0.00064379147853
28917,0.0016234057472
28918,0.0015132910872
28919,0.0013653934272
28920,0.0010750862688
28921,0.0011901524418
28922,0.0017257717461
28923,0.002149070911
28924,0.0020933616992
28925,0.0020397575213
28926,0.0019907077211
28927,0.0019356664261
28928,0.0018787141515
28929,0.0018214999055
28930,0.0036273228642
28931,0.0035348246897
28932,0.0026017445044
28933,0.0029846205178
28934,0.0029248036644
28935,0.0029499011029
28936,0.0028501328927
28937,0.0028014507845
28938,0.0027370483311
28939,0.0021865324911
28940,0.0022170807792
28941,0.0022685572078
28942,0.0022734526998
28943,0.0026337317291
28944,0.0025731261722
28945,0.0024904242883
28946,0.0024278668598
28947,0.0023796675364
28948,0.002362173179
28949,0.0023287806435
28950,0.003136384667
28951,0.0030828241186
28952,0.0034528671048
28953,0.0033715417522
28954,0.0033625959615
28955,0.003383714139
28956,0.0033067715064
28957,0.0032832623359
28958,0.0032566591628
28959,0.0032340932509
28960,0.0053745726324
28961,0.0053787410002
28962,0.0055516858084
28963,0.0056107646872
28964,0.0056991258595
28965,0.0056045880986
28966,0.0057443402252
28967,0.0056328075932
28968,0.0055382411631
28969,0.0054368147658
28970,0.0051700803653
28971,0.0053521373719
28972,0.0043668991926
28973,0.0048492541779
28974,0.0046991153577
28975,0.0048243743702
28976,0.0049458936458
28977,0.0050951475143
28978,0.0044562887949
28979,0.0043657282547
28980,0.004226472755
28981,0.00429820554
28982,0.0039274395441
28983,0.0040005208552
28984,0.0041691995607
28985,0.004064237678
28986,0.0038553703965
28987,0.0037875061547
28988,0.0037261181511
28989,0.005438402112
28990,0.0055262111614
28991,0.0054915848161
28992,0.013758468313
28993,0.013681503003
28994,0.013581180925
28995,0.013467530779
28996,0.013471095236
28997,0.013519493959
28998,0.013561769297
28999,0.013511073864
29000,0.013486327433
29001,0.01354750825
29002,0.013498592666
29003,0.013460198469
29004,0.013593809194
29005,0.01353937685
29006,0.013370202059
29007,0.01323567038
29008,0.013229487118
29009,0.013112093743
29010,0.012995688472
29011,0.012872428943
29012,0.01133445577
29013,0.011473556379
29014,0.012784012259
29015,0.012632738687
29016,0.012526448109
29017,0.012535993506
29018,0.012471641947
29019,0.011677269416
29020,0.011883074862
29021,0.012026862271
29022,0.012504731896
29023,0.01239428923
29024,0.012195854038
29025,0.013711718199
29026,0.013768531989
29027,0.013795013054
29028,0.01451119247
29029,0.014284567475
29030,0.014460303906
29031,0.014425163517
29032,0.014248789883
29033,0.014351369016
29034,0.014042117126
29035,0.013901647778
29036,0.013778726266
29037,0.010372933921
29038,0.010263808459
29039,0.01006367084
29040,0.0099420272189
29041,0.010162517281
29042,0.010805736491
29043,0.01069448128
29044,0.010507611851
29045,0.010365063421
29046,0.010937493589
29047,0.011041122431
29048,0.011170618973
29049,0.0098257570578
29050,0.0085225992078
29051,0.0085044473974
29052,0.0094834623004
29053,0.009737789906
29054,0.0096432645343
29055,0.0095403238696
29056,0.0093188698343
29057,0.0093899088878
29058,0.009212254093
29059,0.0088045343231
29060,0.0087172718947
29061,0.008902090742
29062,0.0090026970727
29063,0.0086104045235
29064,0.0091040661686
29065,0.0084984788434
29066,0.0090513538988
29067,0.0088531267037
29068,0.008722276305
29069,0.0086998976619
29070,0.0086305052067
29071,0.008475270731
29072,0.039671072653
29073,0.040592551713
29074,0.041200309192
29075,0.029317165473
29076,0.028709945887
29077,0.028530935371
29078,0.029347147696
29079,0.029523743365
29080,0.028940121334
29081,0.029018239244
29082,0.028958048873
29083,0.028958572197
29084,0.031531044327
29085,0.031754438316
29086,0.031654134209
29087,0.032625727519
29088,0.033979598416
29089,0.05321028852
29090,0.061493251711
29091,0.067326369488
29092,0.072405904797
29093,0.050912219239
29094,0.06293831954
29095,0.067201196816
29096,0.076503248231
29097,0.078513104542
29098,0.077127658515
29099,0.080030127881
29100,0.088877847006
29101,0.091251916277
29102,0.092657441109
29103,0.094528609186
29104,0.04884897068
29105,0.047946775091
29106,0.04862600125
29107,0.04701076093
29108,0.045536147867
29109,0.050174394409
29110,0.050909016666
29111,0.049817153239
29112,0
29113,0.00016157552392
29114,0.00081007041259
29115,0.00095592523257
29116,0.00031837991192
29117,0.00048589720832
29118,0.00066257227888
29119,0.0016407528158
29120,0.0015219435194
29121,0.001283288631
29122,0.0014319611251
29123,0.0010676688532
29124,0.001132637726
29125,0.0017563874118
29126,0.0021788832088
29127,0.0022462882191
29128,0.0021170067555
29129,0.0020611710185
29130,0.0020052396416
29131,0.0019518119562
29132,0.0018995021175
29133,0.0018685197024
29134,0.0036261189865
29135,0.0035327100093
29136,0.0027518004682
29137,0.0030314617787
29138,0.0029441971808
29139,0.0031017236114
29140,0.0030409886126
29141,0.0028954997657
29142,0.002833888058
29143,0.0022946889066
29144,0.0023353444941
29145,0.0023488142982
29146,0.0024018592117
29147,0.0023585156717
29148,0.0027441036642
29149,0.0026892273327
29150,0.00260320265
29151,0.0025916553965
29152,0.0025070163775
29153,0.0024602537211
29154,0.0023839042217
29155,0.0024058305708
29156,0.0031999401799
29157,0.0031562189014
29158,0.0034619804175
29159,0.00344287493
29160,0.0033990636114
29161,0.0033722618564
29162,0.0033556659233
29163,0.0033142036128
29164,0.0032756985011
29165,0.0059700603315
29166,0.006048852589
29167,0.0060804569327
29168,0.0059276039715
29169,0.0058179963936
29170,0.0061123282735
29171,0.0057382400218
29172,0.0056101094998
29173,0.0055808257077
29174,0.0052842979302
29175,0.0054184675858
29176,0.0044387500234
29177,0.0044996100809
29178,0.0044371894283
29179,0.0043481085894
29180,0.0042683372893
29181,0.0039426383247
29182,0.0039770798315
29183,0.0038720537414
29184,0.0038362530807
29185,0.0038372925404
29186,0.01368839693
29187,0.01358000314
29188,0.013521541676
29189,0.013567475894
29190,0.013616568948
29191,0.013665861055
29192,0.013611374319
29193,0.01356736239
29194,0.013624148949
29195,0.013663476882
29196,0.01363658113
29197,0.013646279912
29198,0.013761694114
29199,0.013718967664
29200,0.013692076363
29201,0.013547969903
29202,0.013369641758
29203,0.013383475143
29204,0.01325552122
29205,0.013148250448
29206,0.013040535509
29207,0.012939619552
29208,0.011305311708
29209,0.011519878143
29210,0.012873497624
29211,0.012745171211
29212,0.012629318377
29213,0.012650293313
29214,0.012609219225
29215,0.011799182752
29216,0.012016113031
29217,0.012154666903
29218,0.012662314275
29219,0.012552079096
29220,0.012334529216
29221,0.012508272896
29222,0.013718326403
29223,0.013645748703
29224,0.014742666829
29225,0.014886915938
29226,0.014771545252
29227,0.014585137031
29228,0.014659210818
29229,0.014521794664
29230,0.014314667114
29231,0.014668022654
29232,0.014095558197
29233,0.013922572041
29234,0.013783156097
29235,0.010221019308
29236,0.010103042469
29237,0.010009539338
29238,0.0099149327096
29239,0.01087146977
29240,0.01076064176
29241,0.010556585719
29242,0.01033149971
29243,0.010359852163
29244,0.010968004695
29245,0.011071367548
29246,0.0098155909807
29247,0.0084200323398
29248,0.0084043370949
29249,0.0094486878609
29250,0.0097481448896
29251,0.0096804170481
29252,0.0095980794608
29253,0.0095094863596
29254,0.0093052753653
29255,0.0093761903521
29256,0.0092195777103
29257,0.0088061431037
29258,0.0087128634262
29259,0.0086076212442
29260,0.0088958269696
29261,0.0089839849146
29262,0.0084830597659
29263,0.0091089210378
29264,0.0083396711341
29265,0.0089847171916
29266,0.0087999950591
29267,0.008721402156
29268,0.0086283428327
29269,0.0084341702083
29270,0.0083617244317
29271,0.041335478607
29272,0.041671980234
29273,0.028427308052
29274,0.028230333113
29275,0.028815449004
29276,0.029647116499
29277,0.028647140553
29278,0.032032595762
29279,0.030294801418
29280,0.028932535089
29281,0.027772918574
29282,0.033596347533
29283,0.034157571874
29284,0.035309808479
29285,0.035417417672
29286,0.062101691723
29287,0.067989319477
29288,0.072295652222
29289,0.074899444697
29290,0.054822491511
29291,0.072642993996
29292,0.073368586398
29293,0.082369995696
29294,0.082715924701
29295,0.079314783872
29296,0.085446028344
29297,0.095049436506
29298,0.095803200528
29299,0.096461716126
29300,0.050697342404
29301,0.050080991756
29302,0.049772164909
29303,0.04824828238
29304,0.047853780452
29305,0.051465728605
29306,0
29307,0.00016471523497
29308,0.00083336431489
29309,0.00098746889783
29310,0.00032262313368
29311,0.00050074207906
29312,0.00067992798421
29313,0.0017015323629
29314,0.0016259950717
29315,0.001551464708
29316,0.0013690166081
29317,0.0012103810088
29318,0.0015007649081
29319,0.0010472809813
29320,0.0017832261307
29321,0.0021986622396
29322,0.00226059945
29323,0.0023311662865
29324,0.0021370487442
29325,0.0020729637399
29326,0.002015337256
29327,0.0019749687396
29328,0.0019656203869
29329,0.0018800648391
29330,0.0029069747357
29331,0.0028565266609
29332,0.0029937033566
29333,0.0031376476381
29334,0.0032117210734
29335,0.0030683153891
29336,0.002954095294
29337,0.0023859594637
29338,0.0024318596205
29339,0.0024092310035
29340,0.0024215402957
29341,0.0024436620256
29342,0.0024490672151
29343,0.002432358152
29344,0.0028101451802
29345,0.0026820748137
29346,0.0027630143164
29347,0.0026551902987
29348,0.002601354227
29349,0.0025405440767
29350,0.0024653715887
29351,0.0024706485098
29352,0.0032432847102
29353,0.0063634645785
29354,0.0064495533974
29355,0.0065287584792
29356,0.0065398761674
29357,0.0059059073477
29358,0.0071716468227
29359,0.0058059723476
29360,0.0059964307687
29361,0.0059282102359
29362,0.0044916789681
29363,0.0045426967474
29364,0.0045064646047
29365,0.0039052379917
29366,0.013668537112
29367,0.013617549035
29368,0.013661986593
29369,0.013716159212
29370,0.01377981224
29371,0.013720435001
29372,0.013663325758
29373,0.013711371972
29374,0.013760857221
29375,0.013739084875
29376,0.01376208782
29377,0.013830335355
29378,0.013915421984
29379,0.013851126216
29380,0.01381737851
29381,0.013783762162
29382,0.013696736861
29383,0.013609767259
29384,0.013486216286
29385,0.013535935464
29386,0.013481474139
29387,0.013372480601
29388,0.013272022672
29389,0.01317333193
29390,0.013078523728
29391,0.013004532445
29392,0.011194768935
29393,0.011658524949
29394,0.01129038834
29395,0.012962875239
29396,0.012846088788
29397,0.012736879522
29398,0.01275505907
29399,0.01271969338
29400,0.012731875415
29401,0.011969267653
29402,0.012162901469
29403,0.012111530626
29404,0.012312955441
29405,0.012332209036
29406,0.012741173161
29407,0.012704666869
29408,0.01265321636
29409,0.012418848678
29410,0.012684111433
29411,0.012556221939
29412,0.013727703157
29413,0.015320598037
29414,0.015201040997
29415,0.015415167535
29416,0.015120552358
29417,0.01495129049
29418,0.015176491909
29419,0.014815126213
29420,0.014690014227
29421,0.014396647358
29422,0.01586448445
29423,0.014164608422
29424,0.013925247931
29425,0.013785816154
29426,0.01017199
29427,0.010093594855
29428,0.010020154136
29429,0.0099699404569
29430,0.0098812269428
29431,0.010835412693
29432,0.010596108537
29433,0.010304962388
29434,0.010087191679
29435,0.010904965496
29436,0.0098004108746
29437,0.0083317349241
29438,0.0082701285266
29439,0.0094221461748
29440,0.0097659374938
29441,0.009719443361
29442,0.0096556633723
29443,0.0095760614883
29444,0.0094825708115
29445,0.009330242124
29446,0.0092485318468
29447,0.0088017149476
29448,0.0087217396378
29449,0.0086201615641
29450,0.0084874765657
29451,0.0088696710715
29452,0.0090044218607
29453,0.0089180906877
29454,0.0083600886959
29455,0.0091363372561
29456,0.0090435137025
29457,0.0081720871128
29458,0.0081929553896
29459,0.0088979172239
29460,0.0087229742553
29461,0.0086433895844
29462,0.0083925306521
29463,0.0083015426209
29464,0.0082670819613
29465,0.028024112629
29466,0.028549691473
29467,0.029619311172
29468,0.028032378683
29469,0.035027774379
29470,0.034554708872
29471,0.029150425306
29472,0.027053527704
29473,0.027486745071
29474,0.035831246364
29475,0.036590542657
29476,0.068357290364
29477,0.073239609249
29478,0.073439479552
29479,0.075696128712
29480,0.072015865994
29481,0.083903971136
29482,0.079423433103
29483,0.08657810019
29484,0.084347084251
29485,0.088574964689
29486,0.081761253229
29487,0.089977516643
29488,0.10052855621
29489,0.10124819124
29490,0.10233530844
29491,0.051491100812
29492,0.050636029081
29493,0.05157310199
29494,0.048314569888
29495,0.048006086878
29496,0.047594731813
29497,0.047347861103
29498,0
29499,0.00016633087827
29500,0.00085673647997
29501,0.00033013107987
29502,0.00051473794795
29503,0.00068891127313
29504,0.0017058032525
29505,0.0016373619079
29506,0.0016067156326
29507,0.0014620696113
29508,0.0013034964863
29509,0.0011244487593
29510,0.0015802200421
29511,0.00095134261446
29512,0.0017979318394
29513,0.0022757641452
29514,0.0022163434323
29515,0.0023192943588
29516,0.0023780935328
29517,0.0021456915623
29518,0.0020681634554
29519,0.0020555208982
29520,0.00205038791
29521,0.0019716154308
29522,0.0019020527979
29523,0.0030140529265
29524,0.0029671157257
29525,0.0029013210845
29526,0.0030488011672
29527,0.0024569509266
29528,0.0024825363856
29529,0.0024684838473
29530,0.0024291811967
29531,0.002479559939
29532,0.002466039477
29533,0.0024770731059
29534,0.0024697247818
29535,0.0024781677562
29536,0.0028410338393
29537,0.0027417299377
29538,0.0068292265914
29539,0.0070897630377
29540,0.0070663897206
29541,0.007488204187
29542,0.0079704154261
29543,0.0061986555844
29544,0.0065233051252
29545,0.0064809655015
29546,0.0045483652193
29547,0.013698251201
29548,0.013737514053
29549,0.013802316948
29550,0.013873365168
29551,0.013834276071
29552,0.013768107314
29553,0.013812656048
29554,0.013859135132
29555,0.01381889856
29556,0.013815400444
29557,0.013885023632
29558,0.013979545735
29559,0.014058693929
29560,0.013983849856
29561,0.013924139887
29562,0.013882274671
29563,0.013812989957
29564,0.013734599202
29565,0.013669670243
29566,0.013593687018
29567,0.013551611076
29568,0.01345795896
29569,0.013370702617
29570,0.013285252193
29571,0.01319710963
29572,0.01312113886
29573,0.013071631409
29574,0.010939140127
29575,0.01185882369
29576,0.011369700339
29577,0.010891842867
29578,0.013057565765
29579,0.012951611141
29580,0.012837209236
29581,0.012859648452
29582,0.012814202566
29583,0.012788263451
29584,0.012837733063
29585,0.012152561189
29586,0.012275045803
29587,0.012223559355
29588,0.01239371077
29589,0.012442611897
29590,0.01284697209
29591,0.012842314143
29592,0.012877372505
29593,0.012872952378
29594,0.013742813588
29595,0.015750567032
29596,0.015604442757
29597,0.015652372014
29598,0.01581323644
29599,0.01575935294
29600,0.015810665611
29601,0.015759859733
29602,0.015386955151
29603,0.015223357104
29604,0.015055496372
29605,0.016118512536
29606,0.014952687658
29607,0.014863276782
29608,0.014677659764
29609,0.014446440602
29610,0.01637903478
29611,0.014261340473
29612,0.014041785334
29613,0.013852156264
29614,0.0099096760559
29615,0.0099347941422
29616,0.0099070495395
29617,0.0099544915344
29618,0.0099274960395
29619,0.0098525745427
29620,0.010667053944
29621,0.010423128509
29622,0.010093252566
29623,0.0099129621356
29624,0.0097739515027
29625,0.010674291181
29626,0.0097918672414
29627,0.0082378023198
29628,0.0081588665359
29629,0.0093813305651
29630,0.0097532994019
29631,0.0096981754999
29632,0.0096249863782
29633,0.0095281934684
29634,0.0094228441834
29635,0.0093100643504
29636,0.0091888915218
29637,0.0087909133855
29638,0.0087239647871
29639,0.0086146499282
29640,0.0084968855952
29641,0.0083542438689
29642,0.0088227409996
29643,0.0089442154782
29644,0.0088497310519
29645,0.0082230688123
29646,0.0090764560863
29647,0.0089731503155
29648,0.008037756617
29649,0.0080584191645
29650,0.0080625930099
29651,0.0088288110494
29652,0.0086948424887
29653,0.0084729376537
29654,0.0082938968863
29655,0.0082101892463
29656,0.0081725188458
29657,0.027898815024
29658,0.028960900205
29659,0.026324907644
29660,0.036508045981
29661,0.036221538265
29662,0.03651794205
29663,0.026223697912
29664,0.026858670896
29665,0.027084531937
29666,0.038833655262
29667,0.07402001165
29668,0.075494695632
29669,0.075688158828
29670,0.082557917139
29671,0.085177218203
29672,0.099155110236
29673,0.091254407733
29674,0.090349167707
29675,0.086216171375
29676,0.089344151228
29677,0.093507699267
29678,0.093286489952
29679,0.094144071065
29680,0.093705185944
29681,0.10703342161
29682,0.10681334398
29683,0.10834340836
29684,0.047518897323
29685,0.046900029212
29686,0.047044217936
29687,0
29688,0.00016172865939
29689,0.00077286045777
29690,0.00032652138857
29691,0.00045701213837
29692,0.00060163898284
29693,0.0017015522785
29694,0.0016865559014
29695,0.0015633509409
29696,0.0014455155012
29697,0.0011860802378
29698,0.0013299459529
29699,0.0010232306721
29700,0.0016518502982
29701,0.00084218524013
29702,0.0017881749129
29703,0.0018633821405
29704,0.0023448530801
29705,0.0022977932035
29706,0.0022281718174
29707,0.0024027992807
29708,0.0021436873064
29709,0.0021315775503
29710,0.0021212196322
29711,0.0020547614043
29712,0.0019832334928
29713,0.0019273142336
29714,0.0024873590829
29715,0.0025012984572
29716,0.0024979900222
29717,0.0075422743901
29718,0.0077952464533
29719,0.00754885905
29720,0.0080599991447
29721,0.0083605719195
29722,0.0067414059658
29723,0.0068721031451
29724,0.0069745035853
29725,0.0068804772798
29726,0.01379477013
29727,0.013861834101
29728,0.013929693853
29729,0.013929030169
29730,0.013875847396
29731,0.013915278114
29732,0.013958256686
29733,0.013909842731
29734,0.013888913347
29735,0.013990677621
29736,0.014105787675
29737,0.014185063411
29738,0.014120439169
29739,0.014042575729
29740,0.013987515753
29741,0.013925332287
29742,0.013848211788
29743,0.013783814489
29744,0.013750019531
29745,0.013687891774
29746,0.01362990342
29747,0.013617933124
29748,0.013530556295
29749,0.013448850436
29750,0.013378606257
29751,0.013304048882
29752,0.013222398509
29753,0.013163982739
29754,0.013142917169
29755,0.010564412783
29756,0.012150381599
29757,0.010468995627
29758,0.010460644749
29759,0.013175841634
29760,0.01307110991
29761,0.012958020353
29762,0.012976857463
29763,0.012905329112
29764,0.012916308253
29765,0.013019821978
29766,0.012289698492
29767,0.012353140175
29768,0.01244274309
29769,0.013086405384
29770,0.013110436493
29771,0.013180062637
29772,0.016009014521
29773,0.015984566894
29774,0.015858914503
29775,0.015923406517
29776,0.016056824619
29777,0.016335507139
29778,0.015861636748
29779,0.015824018908
29780,0.015881021336
29781,0.01566990844
29782,0.015342094253
29783,0.015206412555
29784,0.015041440229
29785,0.016506973011
29786,0.014877890305
29787,0.014756174233
29788,0.014754713438
29789,0.014644434219
29790,0.014465474615
29791,0.016410571226
29792,0.014299261843
29793,0.014106191193
29794,0.013926322587
29795,0.0095783120872
29796,0.0095810860343
29797,0.0096640624426
29798,0.0098408700307
29799,0.009918680741
29800,0.0099066760684
29801,0.0098561168567
29802,0.010479828921
29803,0.010266532737
29804,0.010077868989
29805,0.0098833088596
29806,0.0097722991904
29807,0.0096410930578
29808,0.0095302086826
29809,0.010379568169
29810,0.0097913662911
29811,0.008059909034
29812,0.0097092162847
29813,0.0096491750513
29814,0.0095703440565
29815,0.0094655153902
29816,0.009350270775
29817,0.0092280596883
29818,0.0091139339687
29819,0.008730655998
29820,0.0086478361217
29821,0.0085445329428
29822,0.0085597030624
29823,0.0083283396996
29824,0.0084523120969
29825,0.0082111226677
29826,0.0087515247042
29827,0.0088719439
29828,0.0087706726811
29829,0.0080725491885
29830,0.0090071277411
29831,0.0088980439413
29832,0.0079440263525
29833,0.0079697784043
29834,0.0079155464812
29835,0.0079930447443
29836,0.0079920185185
29837,0.0087281959647
29838,0.0084894566217
29839,0.0083637015412
29840,0.0082104745905
29841,0.0080966904902
29842,0.027948764094
29843,0.025731188994
29844,0.036968917532
29845,0.036983695734
29846,0.037427480682
29847,0.025599865359
29848,0.026210042765
29849,0.026474187369
29850,0.02721793555
29851,0.077804288491
29852,0.082251750027
29853,0.083321331773
29854,0.088865978785
29855,0.10001727466
29856,0.11501814562
29857,0.11209372596
29858,0.090689959523
29859,0.093390216686
29860,0.09754647027
29861,0.097491170932
29862,0.097219800166
29863,0.098168425022
29864,0.09735846171
29865,0.10910559576
29866,0.109404583
29867,0.045926374864
29868,0.045572007763
29869,0
29870,0.00016637687393
29871,0.00066195993758
29872,0.00033346009366
29873,0.00049362473733
29874,0.0017772814255
29875,0.0016483315137
29876,0.0015446392562
29877,0.0014385034003
29878,0.0012253642229
29879,0.0010867813809
29880,0.0013413287116
29881,0.000917533341
29882,0.0007146168853
29883,0.0018414941627
29884,0.00191167994
29885,0.0023662583856
29886,0.0022933271355
29887,0.0022214410086
29888,0.0021943888757
29889,0.0021622566409
29890,0.0021160224582
29891,0.0020489266265
29892,0.0019752876589
29893,0.0080530925152
29894,0.0081759104287
29895,0.008224422938
29896,0.0083763675441
29897,0.0070192718896
29898,0.0070542830805
29899,0.0071002242407
29900,0.006974457459
29901,0.013977806198
29902,0.014027893411
29903,0.013998153905
29904,0.013972314595
29905,0.014009996822
29906,0.014040547261
29907,0.014011199014
29908,0.013984147133
29909,0.014114970674
29910,0.014234107887
29911,0.014318393902
29912,0.014255953742
29913,0.014176446488
29914,0.014105168531
29915,0.014036719605
29916,0.013952923629
29917,0.013878580585
29918,0.013826897655
29919,0.013772948506
29920,0.013699801892
29921,0.013683004914
29922,0.013598958709
29923,0.013518939876
29924,0.013442754611
29925,0.013394812726
29926,0.013321284247
29927,0.013250796755
29928,0.013206933289
29929,0.013208256883
29930,0.010240807115
29931,0.010226254075
29932,0.012320430789
29933,0.010182074119
29934,0.010076423271
29935,0.013311091184
29936,0.013222979701
29937,0.013088016153
29938,0.013111620174
29939,0.013016056195
29940,0.012961691068
29941,0.013212295357
29942,0.013157747647
29943,0.012402240408
29944,0.013303811424
29945,0.013383858912
29946,0.013440574441
29947,0.015675127377
29948,0.015824712803
29949,0.015931166411
29950,0.014670416396
29951,0.014710113769
29952,0.014623693929
29953,0.014466928389
29954,0.014317723369
29955,0.014145820834
29956,0.009265439179
29957,0.0093716878485
29958,0.0092149306929
29959,0.010196219347
29960,0.0099684377521
29961,0.0096986290221
29962,0.0095934889626
29963,0.0095014248014
29964,0.0095264714178
29965,0.01006298183
29966,0.0079688901717
29967,0.0086611351544
29968,0.0085665099716
29969,0.0084992124474
29970,0.0084731834043
29971,0.0081658000042
29972,0.0084587434673
29973,0.0079999620073
29974,0.0086652410775
29975,0.0087835156548
29976,0.0086835126865
29977,0.0079539624825
29978,0.0078445800976
29979,0.0078308122623
29980,0.0079385451912
29981,0.0078908297855
29982,0.007816818727
29983,0.0079518758664
29984,0.0079560959067
29985,0.0085358014749
29986,0.0085742479235
29987,0.0085971261733
29988,0.0082050473281
29989,0.0081045759634
29990,0.0079842425999
29991,0.025510348877
29992,0.037732269322
29993,0.025322376768
29994,0.025349861771
29995,0.025708042118
29996,0.025861940525
29997,0.026569100166
29998,0.098491161498
29999,0.098710618082
30000,0.1027790409
30001,0.09467188282
30002,0.093337394959
30003,0.11897065927
30004,0.13122983789
30005,0.1298416651
30006,0.10130192718
30007,0.10163567335
30008,0.10109800856
30009,0.10040452316
30010,0.10086283731
30011,0.11200555151
30012,0.043549582846
30013,0.04246535613
30014,0
30015,0.00017707853817
30016,0.00052906621744
30017,0.00035547008304
30018,0.0017172481079
30019,0.0016133293716
30020,0.0015208535534
30021,0.001431744886
30022,0.0012566232774
30023,0.0011372171568
30024,0.0010215524802
30025,0.0013544766618
30026,0.00080539515177
30027,0.00091492850283
30028,0.00055265699731
30029,0.00068637794256
30030,0.0084212283501
30031,0.014176051988
30032,0.014079346088
30033,0.014046277562
30034,0.014074273679
30035,0.014093317038
30036,0.014075254171
30037,0.014080251344
30038,0.014165793377
30039,0.014321992952
30040,0.014430658426
30041,0.014399687834
30042,0.014328965985
30043,0.0142265663
30044,0.014152837064
30045,0.014079720722
30046,0.01397250081
30047,0.013903674468
30048,0.013848244462
30049,0.013804480017
30050,0.013757825473
30051,0.013628628868
30052,0.013568150212
30053,0.013495812767
30054,0.013442615485
30055,0.013397008547
30056,0.013339344687
30057,0.013305843521
30058,0.0132740387
30059,0.013264986403
30060,0.0099926935121
30061,0.0099448866639
30062,0.0098813999967
30063,0.010085310793
30064,0.013375389606
30065,0.013504981079
30066,0.013226531681
30067,0.013315288536
30068,0.01294334138
30069,0.013461695298
30070,0.013359967828
30071,0.0134707771
30072,0.013521147202
30073,0.013529186272
30074,0.014606883072
30075,0.014657889106
30076,0.014590146485
30077,0.014464557874
30078,0.014327772602
30079,0.0091283022897
30080,0.0089880956234
30081,0.0092037758857
30082,0.0098048081662
30083,0.0096495538474
30084,0.0096160438224
30085,0.0095515092431
30086,0.0094678117937
30087,0.0078588752922
30088,0.0085631137309
30089,0.0084781062611
30090,0.008432015901
30091,0.0083643396913
30092,0.0083958724303
30093,0.0084160277392
30094,0.0085556357761
30095,0.0077340348785
30096,0.0077212790059
30097,0.0077187243005
30098,0.0078920498351
30099,0.007816784977
30100,0.0077257381991
30101,0.0079238712321
30102,0.0079714943377
30103,0.008532543609
30104,0.008422803929
30105,0.008567777318
30106,0.0081183147216
30107,0.0080069017003
30108,0.0078731015862
30109,0.025349770872
30110,0.025257785207
30111,0.025204509851
30112,0.025093694317
30113,0.025374747222
30114,0.025527558025
30115,0.025970164647
30116,0.099445296693
30117,0.09867019061
30118,0.13591431204
30119,0.14995897872
30120,0.14698620219
30121,0.10512028108
30122,0.10428529911
30123,0.1045716818
30124,0.10580418711
30125,0.10426323251
30126,0.10454379512
30127,0.042387930915
30128,0.039409950235
30129,0.041148749235
30130,0
30131,0.00019381276961
30132,0.00039123869187
30133,0.0016465180201
30134,0.0015896835734
30135,0.0015059324359
30136,0.0014284333247
30137,0.0012923539505
30138,0.001174964435
30139,0.0010429906031
30140,0.0013673063083
30141,0.00078787164285
30142,0.00095047695742
30143,0.00086511082781
30144,0.00042435489131
30145,0.00056324564038
30146,0.00068260929007
30147,0.014203165213
30148,0.014117148799
30149,0.014145447907
30150,0.01416922633
30151,0.014111864596
30152,0.01403902346
30153,0.014136596037
30154,0.014358174568
30155,0.01439685129
30156,0.014507246129
30157,0.01451902926
30158,0.0144733817
30159,0.014435665513
30160,0.0143444857
30161,0.014268953853
30162,0.014190753324
30163,0.01415641432
30164,0.01406374292
30165,0.013983567584
30166,0.013903818932
30167,0.013900010489
30168,0.013773556592
30169,0.013679045056
30170,0.013554484098
30171,0.013518955618
30172,0.013456422733
30173,0.013406756242
30174,0.013394138377
30175,0.013373266495
30176,0.013349189707
30177,0.0097403200112
30178,0.0098319783956
30179,0.010134798021
30180,0.010514497629
30181,0.01337739967
30182,0.013519794864
30183,0.013656965063
30184,0.013489957809
30185,0.01356056516
30186,0.013506353792
30187,0.013433139641
30188,0.014561884279
30189,0.014618406035
30190,0.014569974999
30191,0.014455410822
30192,0.014335588899
30193,0.009146729628
30194,0.0090757825085
30195,0.00901951827
30196,0.0099139249147
30197,0.0099386342217
30198,0.0099212748071
30199,0.009890736857
30200,0.0077423190888
30201,0.008465971873
30202,0.0083955327299
30203,0.0083474549742
30204,0.0082921823078
30205,0.008318129541
30206,0.0082707798231
30207,0.008317562624
30208,0.008335282732
30209,0.0076226157764
30210,0.0076118836201
30211,0.007589613989
30212,0.0076241359609
30213,0.0078410741986
30214,0.0077367634415
30215,0.0076479083229
30216,0.0079097510054
30217,0.0079999415671
30218,0.0085112956355
30219,0.0084956421955
30220,0.0085809893076
30221,0.0080216963633
30222,0.00794112769
30223,0.0078438007084
30224,0.007737147183
30225,0.025245257561
30226,0.025166388416
30227,0.025030004788
30228,0.024887892902
30229,0.024970239788
30230,0.025241724302
30231,0.025726324852
30232,0.10246318215
30233,0.10214174323
30234,0.16013346307
30235,0.15776546058
30236,0.16880407579
30237,0.10772872063
30238,0.10988056496
30239,0.10689069468
30240,0.10772159123
30241,0.10901845224
30242,0.10640600243
30243,0.10597783476
30244,0.10780109066
30245,0.037733317449
30246,0.038001395988
30247,0
30248,0.00028287332243
30249,0.00013422307564
30250,0.0016512053972
30251,0.0018111688214
30252,0.0015724802055
30253,0.0014921508762
30254,0.0014174972055
30255,0.0013404297724
30256,0.0012485059457
30257,0.0010841572896
30258,0.001146514351
30259,0.0010036234892
30260,0.00077048432559
30261,0.00092232004162
30262,0.00084167338939
30263,0.00032389981347
30264,0.00046389703523
30265,0.00038432351064
30266,0.00060613336847
30267,0.00052156078906
30268,0.00068359890809
30269,0.014228333447
30270,0.014245504803
30271,0.014256008334
30272,0.014162796802
30273,0.014095784265
30274,0.01457131051
30275,0.014584717746
30276,0.014583511894
30277,0.014542834413
30278,0.014453895788
30279,0.014367955914
30280,0.014341071428
30281,0.014240977628
30282,0.014106031309
30283,0.014037578265
30284,0.013986912837
30285,0.013946175811
30286,0.010219446628
30287,0.010524555375
30288,0.010759375647
30289,0.013578734552
30290,0.014595536534
30291,0.014592615278
30292,0.014547356556
30293,0.014448595741
30294,0.014342701167
30295,0.0092521136946
30296,0.0091397818201
30297,0.0091045314546
30298,0.010227152778
30299,0.010237399349
30300,0.0076203019733
30301,0.0082436635361
30302,0.0082277323698
30303,0.0082458767285
30304,0.0081705227657
30305,0.008230177457
30306,0.0075082101362
30307,0.0075118743429
30308,0.0074945663451
30309,0.0074453698513
30310,0.0075054300779
30311,0.0075515102317
30312,0.0078450725107
30313,0.0077665867952
30314,0.0076591651724
30315,0.0076955937615
30316,0.0075881199565
30317,0.0078917339662
30318,0.0081114655588
30319,0.0080471420869
30320,0.0079639042214
30321,0.0085225739377
30322,0.0084444920255
30323,0.0085745986901
30324,0.0079514744302
30325,0.0078582171481
30326,0.0077317168909
30327,0.0076121851891
30328,0.025225400081
30329,0.025088450577
30330,0.024933836209
30331,0.024731808559
30332,0.024745776892
30333,0.024959199921
30334,0.025422027185
30335,0.10636285945
30336,0.17603382369
30337,0.11139350113
30338,0.11134948262
30339,0.10803465478
30340,0.10950487632
30341,0.11034639447
30342,0.11195683882
30343,0.10880786136
30344,0.11026661382
30345,0.036384779754
30346,0.036325974142
30347,0.035968051704
30348,0
30349,0.00022011334554
30350,9.7645448078e-05
30351,0.0018011717118
30352,0.0016354628461
30353,0.0020667350074
30354,0.0015540470491
30355,0.001475227627
30356,0.0013978683889
30357,0.0013131463424
30358,0.0012194708458
30359,0.0010525706789
30360,0.0011030651316
30361,0.00096856793313
30362,0.00076653617377
30363,0.00090440781106
30364,0.0008630897758
30365,0.00080470660613
30366,0.00030529754984
30367,0.00043051950712
30368,0.00035961343047
30369,0.00058236058765
30370,0.0004845852335
30371,0.00072904429665
30372,0.00064635462637
30373,0.014348076074
30374,0.014367473814
30375,0.014264873524
30376,0.014169479952
30377,0.014577261971
30378,0.014543329957
30379,0.014607554568
30380,0.014569570032
30381,0.014542232803
30382,0.014439164724
30383,0.01438902816
30384,0.014256799286
30385,0.010590981742
30386,0.010774862632
30387,0.010892583204
30388,0.014634464743
30389,0.014560048876
30390,0.014531895358
30391,0.014437692875
30392,0.0074974261929
30393,0.008140685203
30394,0.0081471464516
30395,0.0080735418711
30396,0.0079402431374
30397,0.0073913950473
30398,0.0074097064753
30399,0.0074250014007
30400,0.0073802769626
30401,0.0073259009146
30402,0.0073739846917
30403,0.0074467937312
30404,0.0074982703612
30405,0.0078151842105
30406,0.0077501236477
30407,0.0076847297798
30408,0.0076278492608
30409,0.0075433180739
30410,0.0078948355179
30411,0.0078198833803
30412,0.0080494161654
30413,0.0079740348276
30414,0.0085396489697
30415,0.0085089725393
30416,0.0085659229284
30417,0.0077761105816
30418,0.0076899960098
30419,0.0075958605967
30420,0.0074835666825
30421,0.025195682284
30422,0.025076174437
30423,0.024836544302
30424,0.024594129012
30425,0.024591188398
30426,0.024798507275
30427,0.025110840635
30428,0.10822217782
30429,0.11318270303
30430,0.113716869
30431,0.11049400461
30432,0.11163185292
30433,0.11244917955
30434,0.1137189895
30435,0.11011589357
30436,0.11218530404
30437,0.11304742447
30438,0.034605137323
30439,0.034628811349
30440,0.035052629191
30441,0
30442,0.00015351687675
30443,0.00023416625773
30444,7.5310972931e-05
30445,0.0019545715847
30446,0.0017575491042
30447,0.0016175502878
30448,0.0023897656178
30449,0.0022020762101
30450,0.0015360904469
30451,0.001459328569
30452,0.0013812277333
30453,0.0012992834345
30454,0.0012093093644
30455,0.0010074547392
30456,0.00092402452278
30457,0.00031050059795
30458,0.00036823306181
30459,0.00054964821269
30460,0.00045702421392
30461,0.014441455782
30462,0.014458904409
30463,0.01439092302
30464,0.014308902549
30465,0.014559398147
30466,0.014496366731
30467,0.010994148748
30468,0.010902257196
30469,0.014784517436
30470,0.014554115141
30471,0.014504760633
30472,0.0073749634662
30473,0.0080468981303
30474,0.0080305735842
30475,0.0080175651983
30476,0.0080600321362
30477,0.0072699052053
30478,0.0072911301895
30479,0.0073260209408
30480,0.0072637153577
30481,0.0072192790056
30482,0.0072754085644
30483,0.0073468814786
30484,0.0072718246338
30485,0.0074071810321
30486,0.0074546201704
30487,0.0077475553113
30488,0.007661225237
30489,0.0075937518815
30490,0.0075009109583
30491,0.0079262559177
30492,0.0078693940524
30493,0.0078146481921
30494,0.0079754480172
30495,0.0085459210655
30496,0.0085173208006
30497,0.0085441746288
30498,0.0075670991844
30499,0.0074678074328
30500,0.007357459019
30501,0.025125190531
30502,0.025003782547
30503,0.024749289567
30504,0.024498684528
30505,0.02442889847
30506,0.024653984116
30507,0.024931430331
30508,0.11002185223
30509,0.11484087195
30510,0.11568221836
30511,0.11239818929
30512,0.11278673936
30513,0.1137966294
30514,0.1149302987
30515,0.11561080595
30516,0.11444250866
30517,0.11282087118
30518,0.11470468884
30519,0.034087792298
30520,0.03388540931
30521,0.034022289727
30522,0
30523,0.00014284438309
30524,0.00028589105679
30525,0.00022437373979
30526,5.8914127778e-05
30527,0.0020659384321
30528,0.0018921601132
30529,0.0017213580388
30530,0.0016054369022
30531,0.0026669818503
30532,0.0024879949354
30533,0.0023044943356
30534,0.0015250428331
30535,0.0014518134792
30536,0.0013800988879
30537,0.001305975851
30538,0.00038835909719
30539,0.00029461039479
30540,0.00033079528204
30541,0.014517911835
30542,0.014503175229
30543,0.014467936461
30544,0.014427224956
30545,0.011020945051
30546,0.015866532373
30547,0.01517537043
30548,0.014658928823
30549,0.0072523146834
30550,0.0079662095668
30551,0.0080311463203
30552,0.00799259231
30553,0.008011003297
30554,0.0079635147158
30555,0.0080414948437
30556,0.0071479034817
30557,0.0071655088119
30558,0.0071862916266
30559,0.007147575472
30560,0.0071869046356
30561,0.0071208045756
30562,0.0073295342822
30563,0.0072509663822
30564,0.0071973922241
30565,0.0073685070475
30566,0.0074142132817
30567,0.0077519781034
30568,0.0076859011742
30569,0.0075507632127
30570,0.007609908321
30571,0.0074586432973
30572,0.0079150115708
30573,0.0078648425837
30574,0.0078082798435
30575,0.0085245536883
30576,0.0085413516998
30577,0.0074469475058
30578,0.0073415972141
30579,0.0072300564894
30580,0.024983483228
30581,0.02489709046
30582,0.024642463522
30583,0.024400284514
30584,0.024327477451
30585,0.024475354728
30586,0.024733330314
30587,0.024782094612
30588,0.11711409977
30589,0.11683069112
30590,0.1147594171
30591,0.115956385
30592,0.11751350274
30593,0.1181798262
30594,0.11798539885
30595,0.1181044807
30596,0.11715010079
30597,0.032337088656
30598,0.033004938189
30599,0.032524809439
30600,0
30601,0.00015777509219
30602,9.8946908856e-05
30603,0.00025884074924
30604,0.00019610492497
30605,4.5338826576e-05
30606,0.0022330095105
30607,0.0020096499702
30608,0.0018652017553
30609,0.001696152224
30610,0.0015999340542
30611,0.0027139122353
30612,0.0028782490304
30613,0.0025420316611
30614,0.00151882111
30615,0.0014526185214
30616,0.0013868007997
30617,0.014727455726
30618,0.016715762181
30619,0.016234318317
30620,0.015547951851
30621,0.0071248644222
30622,0.0079025424031
30623,0.0080441575465
30624,0.0080012090717
30625,0.0079987189991
30626,0.0079657859842
30627,0.0079185926458
30628,0.0080717358783
30629,0.0070252090298
30630,0.0070457224179
30631,0.0070585769174
30632,0.0070547738822
30633,0.0070438280274
30634,0.0071010164907
30635,0.0071250028296
30636,0.0070273082937
30637,0.007274329796
30638,0.0071528505165
30639,0.0071853040544
30640,0.0073274463224
30641,0.0073814206137
30642,0.0077540159247
30643,0.0077034016419
30644,0.0076411540609
30645,0.0075472926692
30646,0.0074913171759
30647,0.0075757922257
30648,0.0074186920841
30649,0.0078438768986
30650,0.0077838051647
30651,0.0084864080597
30652,0.0073276527883
30653,0.0072066367342
30654,0.0070965833714
30655,0.024874814616
30656,0.024740447995
30657,0.024516021613
30658,0.024360503427
30659,0.024237276215
30660,0.024336804308
30661,0.02486864929
30662,0.11937602595
30663,0.11576326251
30664,0.11905628487
30665,0.12052488924
30666,0.11701191242
30667,0.11911408137
30668,0.12176829348
30669,0.12276078065
30670,0.1229938126
30671,0.12173487881
30672,0.12186343168
30673,0.12179720663
30674,0.029943790037
30675,0.030465388737
30676,0.031684580502
30677,0.031528257743
30678,0
30679,0.00012269163368
30680,6.9961584584e-05
30681,3.3322337483e-05
30682,0.0023715458194
30683,0.0021224017767
30684,0.0019886807976
30685,0.001864854732
30686,0.0016814054852
30687,0.0015683801869
30688,0.0029093427081
30689,0.0031134936545
30690,0.0026679004427
30691,0.0015018633574
30692,0.0014474174673
30693,0.016856609245
30694,0.01653506842
30695,0.0071019172133
30696,0.0078698705068
30697,0.0080381137547
30698,0.0079742326319
30699,0.0079937260223
30700,0.0079398909427
30701,0.007894345549
30702,0.0080678167392
30703,0.0071850148374
30704,0.0070690365685
30705,0.0069683800273
30706,0.0069530460117
30707,0.0069441234376
30708,0.0069697735905
30709,0.0070453733448
30710,0.0070673976905
30711,0.006946861147
30712,0.0069663914144
30713,0.0072534356856
30714,0.0072011770447
30715,0.0070930438675
30716,0.0071407504931
30717,0.0072839640924
30718,0.0073682251139
30719,0.0077237211651
30720,0.0076664704628
30721,0.0076069872474
30722,0.0075132212682
30723,0.0074658739041
30724,0.0075488988402
30725,0.0074295617814
30726,0.0073752645709
30727,0.007832027612
30728,0.0077512421112
30729,0.0078069496006
30730,0.0071743509381
30731,0.007154843005
30732,0.007236160321
30733,0.024663960967
30734,0.024574488308
30735,0.024369479786
30736,0.02421597483
30737,0.024233653385
30738,0.024152566015
30739,0.024608334379
30740,0.12240158745
30741,0.11985864277
30742,0.12270026276
30743,0.12187143192
30744,0.12019373173
30745,0.12069781241
30746,0.12512884127
30747,0.13453605625
30748,0.12761408507
30749,0.13282497806
30750,0.12320244467
30751,0.12283039333
30752,0.1229787706
30753,0.12303874606
30754,0.12417808785
30755,0.028284877718
30756,0.028785178767
30757,0.029436558426
30758,0.030727514149
30759,0.029855202409
30760,0.030353381974
30761,0
30762,0.0020587813833
30763,0.0019897844726
30764,0.0031730761936
30765,0.0030261349023
30766,0.0033856132787
30767,0.017126162404
30768,0.0073094659108
30769,0.0078717261035
30770,0.0078533902776
30771,0.0080381982122
30772,0.0079472112936
30773,0.0080007731299
30774,0.0078946922969
30775,0.0080628096106
30776,0.0073837819833
30777,0.0072647079313
30778,0.0071562457948
30779,0.0070641351458
30780,0.0069923686665
30781,0.0069625765785
30782,0.0068891397037
30783,0.006986868421
30784,0.0070070334852
30785,0.0068961780654
30786,0.0069106425532
30787,0.0072088592956
30788,0.0071492527266
30789,0.0070865218759
30790,0.0070282841649
30791,0.00733531727
30792,0.0076943654329
30793,0.0076421675144
30794,0.0075827664256
30795,0.0074721487865
30796,0.0075020313978
30797,0.0075227004117
30798,0.0074611512466
30799,0.007418930788
30800,0.0073779071352
30801,0.0073300252212
30802,0.0073798007007
30803,0.0074405265925
30804,0.024535405236
30805,0.024311876463
30806,0.023974258208
30807,0.02358961325
30808,0.024036778958
30809,0.024275622988
30810,0.13033337472
30811,0.12474890362
30812,0.12577854257
30813,0.12572668733
30814,0.1239158151
30815,0.12268533878
30816,0.12768335647
30817,0.12640027726
30818,0.12222900533
30819,0.12391300678
30820,0.12467339664
30821,0.12441669726
30822,0.12335857384
30823,0.12751976325
30824,0.027646978183
30825,0.027784968883
30826,0.028543387352
30827,0.027861799444
30828,0.028935390771
30829,0.028513843841
30830,0.0020517256266
30831,0.0032717726049
30832,0.0034128071115
30833,0.003510583218
30834,0.0075076744696
30835,0.0078687936979
30836,0.007879723744
30837,0.008020231941
30838,0.0078951504091
30839,0.0079590326355
30840,0.0080436750594
30841,0.0075735612681
30842,0.0074528638592
30843,0.0073345126282
30844,0.0072272888338
30845,0.0071367127993
30846,0.0070697486669
30847,0.0069603523359
30848,0.0070718386389
30849,0.0069098073346
30850,0.006929148106
30851,0.0069486413321
30852,0.0068887199945
30853,0.0069025158226
30854,0.0069218501011
30855,0.0075259162241
30856,0.0075820346185
30857,0.007642749495
30858,0.024211621973
30859,0.024270444861
30860,0.024203955246
30861,0.024247155114
30862,0.024030623184
30863,0.023808598837
30864,0.12882301292
30865,0.12836114611
30866,0.13077885228
30867,0.12563706212
30868,0.12966567315
30869,0.12890885527
30870,0.12583686057
30871,0.12779538449
30872,0.12647147178
30873,0.12754017856
30874,0.12924910268
30875,0.12721063683
30876,0.13212221767
30877,0.026656806108
30878,0.026861244613
30879,0.02695743698
30880,0.028024551463
30881,0.027186459648
30882,0.027616577445
30883,0.0077017703826
30884,0.0078766091885
30885,0.0078930337488
30886,0.0079953627234
30887,0.007906008373
30888,0.0079603222275
30889,0.0077555932569
30890,0.0076310008124
30891,0.0075085843907
30892,0.0073901368143
30893,0.0072808497633
30894,0.0071797105831
30895,0.0070101294955
30896,0.0072000644726
30897,0.0071106291287
30898,0.0069583748077
30899,0.0069418741829
30900,0.0069141947371
30901,0.0069229045589
30902,0.006952452103
30903,0.0077371568644
30904,0.0077851061919
30905,0.0078359291085
30906,0.025349509603
30907,0.024872014669
30908,0.024806950758
30909,0.024758403584
30910,0.024740474797
30911,0.024406660841
30912,0.024841943424
30913,0.13158622761
30914,0.13376797933
30915,0.12843973602
30916,0.13127741281
30917,0.13354316534
30918,0.13474249165
30919,0.13015869692
30920,0.13108734686
30921,0.12878548897
30922,0.13156019748
30923,0.13591955429
30924,0.13493901662
30925,0.13859688513
30926,0.025941718568
30927,0.026056646664
30928,0.026033020946
30929,0.026348596439
30930,0.02685512681
30931,0.0078846909231
30932,0.0078942489008
30933,0.0079143510477
30934,0.0079322519393
30935,0.0078050498877
30936,0.0076781709018
30937,0.0075532219529
30938,0.007429846667
30939,0.00731017776
30940,0.0070385325157
30941,0.0073138218207
30942,0.0071985747297
30943,0.0071068575383
30944,0.006984151126
30945,0.0069483844183
30946,0.0069542196018
30947,0.0079204822524
30948,0.0079618339128
30949,0.0080093494802
30950,0.025563584237
30951,0.025410901801
30952,0.025399563594
30953,0.025432757112
30954,0.025264781839
30955,0.024985475328
30956,0.1350397992
30957,0.13710387121
30958,0.13802897322
30959,0.13028287996
30960,0.13630165452
30961,0.13392040441
30962,0.13446942884
30963,0.13560367112
30964,0.13402411274
30965,0.13778413612
30966,0.14266154058
30967,0.14520367409
30968,0.14749527368
30969,0.025782871474
30970,0.026002685073
30971,0.0080567795522
30972,0.0081052860002
30973,0.0079808495025
30974,0.0078527544368
30975,0.0077223574968
30976,0.0075907322221
30977,0.0074521447507
30978,0.0070328014019
30979,0.007264240817
30980,0.0074454011567
30981,0.0069945977923
30982,0.0069737381803
30983,0.0069654871496
30984,0.0080751320362
30985,0.0081247751411
30986,0.0081754937347
30987,0.13951767037
30988,0.14145473693
30989,0.13834666819
30990,0.15014425874
30991,0.13960474487
30992,0.13624267838
30993,0.13730690327
30994,0.13884216109
30995,0.1403782375
30996,0.1400178843
30997,0.14210046058
30998,0.14804023398
30999,0.15232671502
31000,0.15587380683
31001,0.15491102247
31002,0.0082255363263
31003,0.0082741772359
31004,0.0081545542321
31005,0.0080314534169
31006,0.0079011851943
31007,0.0077657458375
31008,0.0076238009429
31009,0.0076535259411
31010,0.0082317594225
31011,0.0082875530204
31012,0.0083397940243
31013,0.14582999476
31014,0.13817867932
31015,0.14390203018
31016,0.15350885811
31017,0.14121496896
31018,0.13964082496
31019,0.14272575869
31020,0.14552654467
31021,0.15088437294
31022,0.14832848046
31023,0.16086157645
31024,0.16341587358
31025,0.16719112414
31026,0.0083903117365
31027,0.0084368851592
31028,0.0083214867862
31029,0.0082044363457
31030,0.0080825636594
31031,0.0079510019205
31032,0.007811480849
31033,0.0078536419283
31034,0.008394164735
31035,0.0084532353087
31036,0.0085030363001
31037,0.14637751733
31038,0.14442301286
31039,0.14496974127
31040,0.14924892374
31041,0.16939265641
31042,0.17307418826
31043,0.17773673232
31044,0.0085505472601
31045,0.0085952581674
31046,0.0084832212242
31047,0.0083704289749
31048,0.0082566036052
31049,0.008137108135
31050,0.0080055430147
31051,0.0080708261255
31052,0.0085656223828
31053,0.008615360028
31054,0.0086618067778
31055,0.14999499293
31056,0.14851811165
31057,0.15107483245
31058,0.14839782886
31059,0.15497400179
31060,0.18005986338
31061,0.18036684061
31062,0.18636759474
31063,0.00870675309
31064,0.0087515090659
31065,0.0086430562982
31066,0.0085336362499
31067,0.0084252545593
31068,0.0083150117264
31069,0.0081983736081
31070,0.0082716269081
31071,0.008728839147
31072,0.008776991624
31073,0.0088145146324
31074,0.15432470289
31075,0.15250598217
31076,0.15489426426
31077,0.15691567161
31078,0.18455516782
31079,0.18745811074
31080,0.19065033288
31081,0.008857393175
31082,0.0089003218298
31083,0.0087998892009
31084,0.0086958082815
31085,0.0085915444097
31086,0.0084867857723
31087,0.0083804636249
31088,0.0084576911721
31089,0.00889787735
31090,0.008924138299
31091,0.0089596523003
31092,0.15824283022
31093,0.15566473651
31094,0.15378891327
31095,0.15713244269
31096,0.15567386615
31097,0.15897088773
31098,0.19746180768
31099,0.009000995432
31100,0.0090437471112
31101,0.0089479527388
31102,0.0088501091838
31103,0.0087525098067
31104,0.0086530911
31105,0.0085544680213
31106,0.0086287056294
31107,0.0090213262854
31108,0.0090572018736
31109,0.0090961309913
31110,0.15966681429
31111,0.15937023179
31112,0.15647944089
31113,0.15755639566
31114,0.15594479798
31115,0.15887183514
31116,0.15439614096
31117,0.15922933924
31118,0.16082738285
31119,0.0091412816098
31120,0.0091881383336
31121,0.0090919661847
31122,0.0089957719104
31123,0.0089007426138
31124,0.0088051784388
31125,0.008714403831
31126,0.0087782818202
31127,0.0091477021856
31128,0.0091931503577
31129,0.0092368490681
31130,0.16112524532
31131,0.16186062281
31132,0.16052881365
31133,0.15768804156
31134,0.1596462429
31135,0.15863786572
31136,0.16036085761
31137,0.15853993074
31138,0.16015953113
31139,0.16085861511
31140,0.16108771089
31141,0.0092804975038
31142,0.0093285887317
31143,0.0092407618084
31144,0.0091452596326
31145,0.0090466217317
31146,0.0089462328752
31147,0.0088558554884
31148,0.0089058994967
31149,0.0092960395364
31150,0.0093289006551
31151,0.0093731139204
31152,0.16566848711
31153,0.16639245029
31154,0.16337566591
31155,0.16127944196
31156,0.16217537895
31157,0.16171176639
31158,0.15759818465
31159,0.16038143357
31160,0.16032533601
31161,0.0094103240009
31162,0.0094616199032
31163,0.0093939681896
31164,0.0093041599252
31165,0.0092053760547
31166,0.0090966650025
31167,0.0089934485147
31168,0.0090325609465
31169,0.0094244030722
31170,0.0094609016973
31171,0.0094741358211
31172,0.16809948536
31173,0.16580558305
31174,0.16510590305
31175,0.1632476886
31176,0.1641875281
31177,0.16439651678
31178,0.0095382248724
31179,0.0095782754808
31180,0.0095434599112
31181,0.0094795199449
31182,0.0093823814282
31183,0.0092684275387
31184,0.0091525580872
31185,0.0092068832808
31186,0.0095361570727
31187,0.0095268496169
31188,0.0095710981846
31189,0.16934919612
31190,0.16773135229
31191,0.17046324356
31192,0.1659021298
31193,0.16440212864
31194,0.0095884941549
31195,0.009657478768
31196,0.0097180006728
31197,0.0096862735836
31198,0.0095968178939
31199,0.0094760311681
31200,0.0093383267199
31201,0.0094089591545
31202,0.0095283207641
31203,0.0095770762352
31204,0.0095926859463
31205,0.0096225456179
31206,0.16969370712
31207,0.16714638448
31208,0.16867929491
31209,0.17097893459
31210,0.17241641776
31211,0.16670199975
31212,0.0096250700071
31213,0.0099478154203
31214,0.0099620978855
31215,0.0098720461451
31216,0.0097446313104
31217,0.0095707666744
31218,0.0096726543876
31219,0.0095542814025
31220,0.009511457941
31221,0.0095015880701
31222,0.0095914339245
31223,0.0096583345285
31224,0.17009101628
31225,0.16929366341
31226,0.17123732226
31227,0.1708185437
31228,0.17237962379
31229,0.16927934222
31230,0.010429685731
31231,0.010317957859
31232,0.010126952581
31233,0.0098895214462
31234,0.010021309519
31235,0.0094986595171
31236,0.0094512246684
31237,0.0093446395863
31238,0.0093751548315
31239,0.17036844051
31240,0.17042770641
31241,0.17135417386
31242,0.17113949147
31243,0.17184332259
31244,0.17231235416
31245,0.17158200414
31246,0.17120519746
31247,0.17053007716
31248,0.011525243943
31249,0.011105984401
31250,0.01073448481
31251,0.010365534053
31252,0.010574313427
31253,0.0094127491797
31254,0.0093415472501
31255,0.0092337028812
31256,0.009221591622
31257,0.0092394688351
31258,0.17169114465
31259,0.17288120349
31260,0.17464286327
31261,0.17304591519
31262,0.17349630618
31263,0.17310923342
31264,0.17047561133
31265,0.1733621893
31266,0.17245395318
31267,0.012606797722
31268,0.012036082911
31269,0.011559374594
31270,0.011131864481
31271,0.01158138734
31272,0.0093409819652
31273,0.009242526933
31274,0.009118702338
31275,0.0091569621984
31276,0.0091337869049
31277,0.17410876529
31278,0.17616064361
31279,0.17477410351
31280,0.17432091436
31281,0.17556683419
31282,0.17486171203
31283,0.013012780946
31284,0.013818067053
31285,0.012318327263
31286,0.01187140112
31287,0.012089581346
31288,0.0092153828411
31289,0.0091463372528
31290,0.0089728452122
31291,0.0089440308194
31292,0.0088694433622
31293,0.17730360653
31294,0.17618874349
31295,0.17747353473
31296,0.17676368892
31297,0.17725603197
31298,0.014504567611
31299,0.013485725715
31300,0.015407522029
31301,0.012368073118
31302,0.0091706259587
31303,0.0089652955547
31304,0.008722122316
31305,0.0082589487255
31306,0.17997976166
31307,0.17859094678
31308,0.17889334911
31309,0.17775217666
31310,0.17786917262
31311,0.17884379233
31312,0.016278771611
31313,0.016005134039
31314,0.016686607315
31315,0.0091026728784
31316,0.0083698822765
31317,0.01147349357
31318,0.012859578496
31319,0.18023988135
31320,0.17934582629
31321,0.17832925084
31322,0.17873118312
31323,0.17978073805
31324,0.017288399591
31325,0.017415826074
31326,0.017484029966
31327,0.016227327933
31328,0.016002165159
31329,0.017107542469
31330,0.18024224752
31331,0.17875818553
31332,0.17968396755
31333,0.17916354261
31334,0.18193855363
31335,0.017854617348
31336,0.017870977395
31337,0.0182687918
31338,0.017912094003
31339,0.018495211814
31340,0.017839111579
31341,0.018314254334
31342,0.017742030254
31343,0.019225352047
31344,0.019923406654
31345,0.18138664532
31346,0.17867574294
31347,0.17864593537
31348,0.17958634546
31349,0.018232836709
31350,0.018308624425
31351,0.018698915381
31352,0.018371906748
31353,0.02010677257
31354,0.019228051793
31355,0.020022965053
31356,0.019710302528
31357,0.020595855594
31358,0.021581801767
31359,0.17957746041
31360,0.17807492197
31361,0.17758970215
31362,0.018571480945
31363,0.018807254616
31364,0.01871942075
31365,0.021139891775
31366,0.020549433186
31367,0.020845316578
31368,0.02084398056
31369,0.021030890785
31370,0.021909822047
31371,0.022110679024
31372,0.022398834357
31373,0.17840835565
31374,0.17596903692
31375,0.018880211462
31376,0.021287292607
31377,0.021152439778
31378,0.021347002121
31379,0.021436055368
31380,0.021822127073
31381,0.022635009165
31382,0.022771821822
31383,0.022902769552
31384,0.023058314319
31385,0.1752259656
31386,0.17660250573
31387,0.17520213814
31388,0.021341032722
31389,0.021396371561
31390,0.021547900362
31391,0.021961231069
31392,0.022521889742
31393,0.023187716367
31394,0.02344196822
31395,0.023600512164
31396,0.023604546895
31397,0.023690071135
31398,0.17661211729
31399,0.17524817327
31400,0.17514322541
31401,0.17547420821
31402,0.17538437001
31403,0.023995743344
31404,0.024247456266
31405,0.024223988773
31406,0.02395985238
31407,0.17422815005
31408,0.17430242378
31409,0.17410635698
31410,0.18012226208
31411,0.024897617747
31412,0.025103534465
31413,0.025035828952
31414,0.17420024356
31415,0.17369933183
31416,0.17477722151
31417,0.17772926555
31418,0.025806550093
31419,0.026049871043
31420,0.026433190124
31421,0.17284932454
31422,0.17415486549
31423,0.17573440336
31424,0.026483714324
31425,0.026666927357
31426,0.026671515121
31427,0.026914347773
31428,0.027015421262
31429,0.026856326202
31430,0.02711172701
31431,0.027161744442
31432,0.027142587363
31433,0.027239855054
31434,0.027267576463
31435,0.027308751455
